id,title,brand,category,image_url,original_price,discounted_price,discount_percentage,merchant_id,affiliate_url,status,is_active,expires_at,created_at,updated_at,product_id,color
0018b16f-aec9-4fa8-8c43-3ecc7ba6d6f5,Robe de tennis Nike Victory Femme Pink Smoke,Nike,textile,https://www.protennis.fr/50529-marketing_default/robe-de-tennis-nike-victory-femme-pink-smoke.jpg,74.99,52.49,30,9bcb1729-926d-4462-b949-57f991e08673,https://www.protennis.fr/60042-robe-de-tennis-nike-victory-femme-pink-smoke.html,active,true,,2026-09-22T18:20:27.161Z,2026-09-25T04:01:50.286Z,567cc49f-1fae-4389-8dcd-ab8e4cf9cd52,Rose
002338cf-99a6-4ca2-a0ae-f9c5424bd638,Chaussures Asics Gel Resolution X Homme Terre battue Noir Green,Asics,chaussures,https://www.protennis.fr/44702-marketing_default/chaussures-asics-gel-resolution-x-homme-terre-battue-noir-green.jpg,160.00,96.00,40,9bcb1729-926d-4462-b949-57f991e08673,https://www.protennis.fr/59432-chaussures-asics-gel-resolution-x-homme-terre-battue-noir-green.html,active,true,,2026-09-22T18:20:08.398Z,2026-09-25T04:01:44.086Z,95c2b417-23ca-44e5-8b10-5fc112946faf,Noir Vert
007b092c-d30a-4077-aeb2-2eca270d792c,Chaussures de tennis Asics Gel Game Enfant Creme rose,Asics,chaussures,https://www.protennis.fr/40815-marketing_default/chaussures-de-tennis-asics-gel-game-enfant-creme-rose.jpg,70.00,42.00,40,9bcb1729-926d-4462-b949-57f991e08673,https://www.protennis.fr/58917-chaussures-de-tennis-asics-gel-game-enfant-creme-rose.html,active,true,,2026-09-22T18:20:10.524Z,2026-09-25T04:01:44.710Z,5547fafc-5194-4996-8edc-4e2fd8100fd4,Rose
00cc6b8a-b3e9-42a8-89f3-913d39fc7293,Gourde de tennis Waterdrop officielle Player ATP26 Vert 1L,Waterdrop,accessoires,https://www.protennis.fr/50211-marketing_default/gourde-de-tennis-waterdrop-officielle-player-atp26-vert-1l.jpg,45.00,40.50,10,9bcb1729-926d-4462-b949-57f991e08673,https://www.protennis.fr/59456-gourde-de-tennis-waterdrop-officielle-player-atp26-vert-1l.html,active,true,,2026-09-22T18:20:33.615Z,2026-09-25T04:01:52.234Z,f5af4f68-18d6-4223-a966-ffb711a8b148,Vert
010613a1-4e7e-4045-8bc2-baa475efb00e,Debardeur de tennis Nike Slam Homme Blanc Vert,Nike,textile,https://www.protennis.fr/45987-marketing_default/debardeur-homme-nike-slam-blanc-vert.jpg,80.00,48.00,40,9bcb1729-926d-4462-b949-57f991e08673,https://www.protennis.fr/59584-debardeur-homme-nike-slam-blanc-vert.html,active,true,,2026-09-22T18:20:29.469Z,2026-09-25T04:01:50.943Z,b8ea484e-09e5-4878-b6c9-a60718f82b52,Blanc Vert
01141344-dfed-4390-ab6e-a591d6c919a4,Sac de tennis Babolat Pure Aero Rafa Sac 12 Raquettes 2023,Babolat,accessoires,https://www.protennis.fr/25641-marketing_default/babolat-pure-aero-rafa-sac-6-raquettes-2023.jpg,200.00,120.00,40,9bcb1729-926d-4462-b949-57f991e08673,https://www.protennis.fr/56899-babolat-pure-aero-rafa-sac-6-raquettes-2023.html,active,true,,2026-09-22T18:20:43.625Z,2026-09-25T04:01:55.240Z,37ff5627-ce82-4052-be5e-7197cc53a59e,
01235848-d68c-493e-8eaf-efb32c8ec7f5,T-shirt de tennis Lacoste Gros Logo Enfant Bleu pastel PE24,Lacoste,textile,https://www.protennis.fr/35139-marketing_default/t-shirt-lacoste-gros-logo-enfant-bleu-pastel-pe24.jpg,50.00,25.00,50,9bcb1729-926d-4462-b949-57f991e08673,https://www.protennis.fr/58221-t-shirt-lacoste-gros-logo-enfant-bleu-pastel-pe24.html,active,true,,2026-09-22T18:20:25.535Z,2026-09-25T04:01:49.782Z,b0684b1f-67dd-4426-9a22-b564100151c2,Bleu
0124e82e-8e38-4155-9df4-b6042839d62b,Balles de tennis Head Tour Bipack de 4 Balles,Head,accessoires,https://www.protennis.fr/23585-marketing_default/head-tour-bipack-de-4-balles.jpg,17.40,14.00,20,9bcb1729-926d-4462-b949-57f991e08673,https://www.protennis.fr/53642-head-tour-bipack-de-4-balles.html,active,true,,2026-09-22T18:20:37.046Z,2026-09-25T04:01:53.273Z,ff4d954e-5bc5-44b7-b8d3-0a318155873d,
013d77e8-006b-41a1-bce2-4cca9fe4bd1a,Raquette de tennis Boom MP Alternate 2026,Head,raquettes,https://www.protennis.fr/47213-marketing_default/raquette-de-tennis-boom-mp-alternate-2026.jpg,260.00,182.00,30,9bcb1729-926d-4462-b949-57f991e08673,https://www.protennis.fr/59694-raquette-de-tennis-boom-mp-alternate-2026.html,active,true,,2026-09-22T18:19:49.761Z,2026-09-25T04:01:38.347Z,9ff905c9-0687-4a33-948d-81e64b851aad,
01696d3b-29c0-4be1-a788-b3ab97a8affb,Raquette de tennis Babolat Pure Drive Junior 25 2021,Babolat,raquettes,https://www.protennis.fr/15229-marketing_default/babolat-pure-drive-junior-25-2021.jpg,110.00,77.00,30,9bcb1729-926d-4462-b949-57f991e08673,https://www.protennis.fr/54575-babolat-pure-drive-junior-25-2021.html,active,true,,2026-09-22T18:19:49.453Z,2026-09-25T04:01:38.228Z,112e7fe7-f6bd-403f-bf64-c5d5d316c3d4,
01c2b896-f59f-404b-8ed9-6de5639eec1d,Raquette de Tennis Tecnifibre T-Fight 300 IG Orange,Tecnifibre,raquettes,https://www.protennis.fr/48837-marketing_default/raquette-de-tennis-tecnifibre-t-fight-300-ig-orange.jpg,249.99,174.99,30,9bcb1729-926d-4462-b949-57f991e08673,https://www.protennis.fr/59877-raquette-de-tennis-tecnifibre-t-fight-300-ig-orange.html,active,true,,2026-09-22T18:19:54.961Z,2026-09-25T04:01:39.945Z,5f93b076-503a-4df2-b2fb-5c05380efeb3,Orange
01f82dc4-a0b7-4f86-8f9f-58101e9a5c6a,Sac de tennis Babolat Court L Noir,Babolat,accessoires,https://www.protennis.fr/43901-marketing_default/sac-de-tennis-babolat-court-l-noir.jpg,89.95,62.97,30,9bcb1729-926d-4462-b949-57f991e08673,https://www.protennis.fr/59285-sac-de-tennis-babolat-court-l-noir.html,active,true,,2026-09-22T18:20:39.528Z,2026-09-25T04:01:54.039Z,a6370763-9059-4988-9a5a-12c1923302bb,Noir
02000acc-f4b9-478d-b06c-8086a52c5525,Chaussures de tennis Asics Solution Speed FF 3 Homme Creme Marine,Asics,chaussures,https://www.protennis.fr/40822-marketing_default/chaussures-de-tennis-asics-solution-speed-ff-3-homme-creme-marine.jpg,150.00,90.00,40,9bcb1729-926d-4462-b949-57f991e08673,https://www.protennis.fr/58940-chaussures-de-tennis-asics-solution-speed-ff-3-homme-creme-marine.html,active,true,,2026-09-22T18:20:15.135Z,2026-09-25T04:01:45.994Z,aa6c1e52-71b7-4e3f-b189-49a797a30bc5,Marine
0223e0cd-4e94-44c6-90eb-fce2d2017ab6,Grip de raquette de tennis Babolat Xcel Gel Noir,Babolat,accessoires,https://www.protennis.fr/38361-marketing_default/babolat-xcel-gel.jpg,9.00,6.30,30,9bcb1729-926d-4462-b949-57f991e08673,https://www.protennis.fr/54109-babolat-xcel-gel.html,active,true,,2026-09-22T18:20:34.592Z,2026-09-25T04:01:52.515Z,79e14b71-b6eb-4ea7-af98-1600bf45d258,Noir
023d47f9-c306-4930-9fac-e090b4e2c46b,T-shirt de tennis Nike Court Slam RG Homme Jaune,Nike,textile,https://www.protennis.fr/49112-marketing_default/t-shirt-de-tennis-nike-court-slam-rg-homme-jaune.jpg,89.99,53.99,40,9bcb1729-926d-4462-b949-57f991e08673,https://www.protennis.fr/59904-t-shirt-de-tennis-nike-court-slam-rg-homme-jaune.html,active,true,,2026-09-22T18:20:27.459Z,2026-09-25T04:01:50.363Z,7dbd6d98-5c2a-4ebd-8ff5-8dc07a491966,Jaune
02533bfe-8e5a-4721-9a64-fec2acc8e469,Cordage de tennis HEAD SONIC PRO 130 NOIR BOBINE 200m,Head,cordages,https://www.protennis.fr/2278-marketing_default/cordage-head-sonic-pro-130-noir-bobine-200m.jpg,100.00,69.00,31,9bcb1729-926d-4462-b949-57f991e08673,https://www.protennis.fr/30880-cordage-head-sonic-pro-130-noir-bobine-200m.html,active,true,,2026-09-22T18:20:02.845Z,2026-09-25T04:01:42.377Z,68d73598-ecea-4658-acba-8507224031e2,Noir
0261a6ce-c05b-4371-b25c-9870c3f8f686,Raquette de tennis Boom Elite 2026,Head,raquettes,https://www.protennis.fr/47007-marketing_default/raquette-de-tennis-boom-elite-2026.jpg,160.00,112.00,30,9bcb1729-926d-4462-b949-57f991e08673,https://www.protennis.fr/59685-raquette-de-tennis-boom-elite-2026.html,active,true,,2026-09-22T18:19:50.149Z,2026-09-25T04:01:38.436Z,11a44a8f-01d0-4299-bc7f-c39514bc0d1b,
02b63857-9094-4325-b9f8-6fa5ded43fae,Chaussures de tennis Asics Gel Resolution X Homme Night And Mint,Asics,chaussures,https://www.protennis.fr/49513-marketing_default/chaussures-de-tennis-asics-gel-resolution-x-homme-night-and-mint.jpg,160.00,128.00,20,9bcb1729-926d-4462-b949-57f991e08673,https://www.protennis.fr/59956-chaussures-de-tennis-asics-gel-resolution-x-homme-night-and-mint.html,active,true,,2026-09-22T18:20:06.429Z,2026-09-25T04:01:43.504Z,d56ae2d4-7dec-46ae-8c1a-ac1ff7494ce5,
02c5e744-f7be-4256-9d17-d8662842537e,Raquette de tennis Head PWR 115 Noir,Head,raquettes,https://www.protennis.fr/45224-marketing_default/raquette-de-tennis-head-pwr-115-noir.jpg,220.00,154.00,30,9bcb1729-926d-4462-b949-57f991e08673,https://www.protennis.fr/59486-raquette-de-tennis-head-pwr-115-noir.html,active,true,,2026-09-22T18:19:49.582Z,2026-09-25T04:01:38.288Z,6a055c13-e709-46d0-844e-d7972db00b82,Noir
02cf0988-0b04-4aab-9019-e9f169207067,Sac a dos Head Paw Patrol Fille,Head,accessoires,https://www.protennis.fr/43186-marketing_default/sac-a-dos-head-paw-patrol-fille.jpg,55.00,38.50,30,9bcb1729-926d-4462-b949-57f991e08673,https://www.protennis.fr/59243-sac-a-dos-head-paw-patrol-fille.html,active,true,,2026-09-22T18:20:39.708Z,2026-09-25T04:01:54.094Z,1188d67e-f653-448e-8482-51491b0dd574,
02ffad1e-6a0e-451f-841d-d8315450db07,Balles de tennis Babolat Team Tubes de 4 Balles,Babolat,accessoires,https://www.protennis.fr/38432-marketing_default/babolat-team-tubes-de-4-balles.jpg,9.50,7.80,18,9bcb1729-926d-4462-b949-57f991e08673,https://www.protennis.fr/9260-babolat-team-tubes-de-4-balles.html,active,true,,2026-09-22T18:20:37.558Z,2026-09-25T04:01:53.439Z,b50addf8-0ecd-41f3-8746-692e8d45ea3c,
035cec44-0326-423f-b71d-f0d8c22c3ac0,Cordage de tennis Yonex Polytour Pro 130 Jaune Bobine 200m,Yonex,cordages,https://www.protennis.fr/25515-marketing_default/yonex-polytour-pro-120-jaune-bobine-200m.jpg,165.00,115.50,30,9bcb1729-926d-4462-b949-57f991e08673,https://www.protennis.fr/56847-yonex-polytour-pro-120-jaune-bobine-200m.html,active,true,,2026-09-22T18:19:59.772Z,2026-09-25T04:01:41.394Z,a4008b73-cad3-4be2-b079-582f4a3cf21c,Jaune
036e407d-3b72-48ab-9c10-f4594c2d614c,Raquette de tennis Prince Vortex 310g 2023,Prince,raquettes,https://www.protennis.fr/30591-marketing_default/prince-vortex-310g-2023.jpg,220.00,129.00,41,9bcb1729-926d-4462-b949-57f991e08673,https://www.protennis.fr/57644-prince-vortex-310g-2023.html,active,true,,2026-09-22T18:19:54.140Z,2026-09-25T04:01:39.710Z,b7602869-b13b-48ac-af4c-e15a675e100b,
039c9ea6-8e80-4542-9df8-9c35fd41919e,Sac de tennis Wilson Ultra V5 Tour 6 raquettes,Wilson,accessoires,https://www.protennis.fr/40950-marketing_default/sac-de-tennis-wilson-ultra-v5-tour-6-raquettes-.jpg,95.00,66.50,30,9bcb1729-926d-4462-b949-57f991e08673,https://www.protennis.fr/58962-sac-de-tennis-wilson-ultra-v5-tour-6-raquettes-.html,active,true,,2026-09-22T18:20:40.142Z,2026-09-25T04:01:54.239Z,764a5d94-0409-43c1-aefb-830052832d7c,
03f43779-ce8a-4d4a-8d04-f745b6d131d4,Surgrip de tennis TECNIFIBRE PRO PLAYER&#039;S X30 BLANC,Tecnifibre,accessoires,https://www.protennis.fr/41831-marketing_default/tecnifibre-pro-player-s-x30-blanc.jpg,55.00,38.50,30,9bcb1729-926d-4462-b949-57f991e08673,https://www.protennis.fr/29666-tecnifibre-pro-player-s-x30-blanc.html,active,true,,2026-09-22T18:20:36.329Z,2026-09-25T04:01:53.043Z,87a7329a-6022-4886-92ec-a7577c6e8d23,Blanc
04317cf8-2b94-4ef9-9946-4c2d65883525,Raquette de tennis Prince Tour 100 L (260g) 2023,Prince,raquettes,https://www.protennis.fr/34300-marketing_default/prince-tour-100-l-260g-2023.jpg,210.00,147.00,30,9bcb1729-926d-4462-b949-57f991e08673,https://www.protennis.fr/57883-prince-tour-100-l-260g-2023.html,active,true,,2026-09-22T18:19:53.935Z,2026-09-25T04:01:39.644Z,44a09768-f8c0-48d5-822a-29dea4b03a84,
04560531-8d87-4b97-8710-03b3722fb411,Short de tennis Adidas Pro Enfant Noir,Adidas,textile,https://www.protennis.fr/40244-marketing_default/short-adidas-pro-enfant-noir.jpg,45.00,27.00,40,9bcb1729-926d-4462-b949-57f991e08673,https://www.protennis.fr/58859-short-adidas-pro-enfant-noir.html,active,true,,2026-09-22T18:20:20.611Z,2026-09-25T04:01:48.192Z,a34c46b9-f546-464f-83fb-b7a008591902,Noir
04b650ef-3c2b-4f47-97e9-65f4597414d3,Short de tennis Adidas CLUB SW Homme Rose,Adidas,textile,https://www.protennis.fr/50320-marketing_default/short-de-tennis-adidas-club-sw-homme-rose.jpg,40.00,32.00,20,9bcb1729-926d-4462-b949-57f991e08673,https://www.protennis.fr/60019-short-de-tennis-adidas-club-sw-homme-rose.html,active,true,,2026-09-22T18:20:17.924Z,2026-09-25T04:01:47.083Z,b13562e9-739d-4ae9-9ebc-0147f5160c3f,Rose
04d7f627-3c2f-480e-ba69-eb23cb62727c,T-shirt de tennis Nike Court Dry Fit Carlos Alcaraz Homme Burgundy,Nike,textile,https://www.protennis.fr/50594-marketing_default/t-shirt-de-tennis-nike-court-dry-fit-carlos-alcaraz-homme-burgundy.jpg,39.99,27.99,30,9bcb1729-926d-4462-b949-57f991e08673,https://www.protennis.fr/60048-t-shirt-de-tennis-nike-court-dry-fit-carlos-alcaraz-homme-burgundy.html,active,true,,2026-09-22T18:20:27.011Z,2026-09-25T04:01:50.230Z,ae975876-5f28-4976-99a4-899810156b83,
04e9658e-8405-4617-805a-76f13219b101,Raquette de tennis Boom MP Neon,Head,raquettes,https://www.protennis.fr/41147-marketing_default/raquette-de-tennis-boom-mp-neon-.jpg,270.00,229.50,15,9bcb1729-926d-4462-b949-57f991e08673,https://www.protennis.fr/59014-raquette-de-tennis-boom-mp-neon-.html,active,true,,2026-09-22T18:19:50.761Z,2026-09-25T04:01:38.638Z,66df2681-f9c0-46e4-97b2-32fef2782f24,
052ff688-c060-4f61-a1c3-fff22abed59f,Chaussures de tennis Asics Gel Game Terre Battue Enfant Foggy,Asics,chaussures,https://www.protennis.fr/50802-marketing_default/chaussures-de-tennis-asics-gel-game-terre-battue-enfant-foggy.jpg,70.00,56.00,20,9bcb1729-926d-4462-b949-57f991e08673,https://www.protennis.fr/60068-chaussures-de-tennis-asics-gel-game-terre-battue-enfant-foggy.html,active,true,,2026-09-22T18:20:04.731Z,2026-09-25T04:01:42.953Z,13a88c79-ef52-46c0-819b-74e75e0e3935,
0531da1b-61b8-4747-8bf3-d6d4b961a45e,Chaussures de tennis Babolat Propulse Enfant Bleu,Babolat,chaussures,https://www.protennis.fr/38470-marketing_default/chaussures-de-tennis-babolat-propulse-enfant-bleu.jpg,65.00,39.00,40,9bcb1729-926d-4462-b949-57f991e08673,https://www.protennis.fr/58647-chaussures-de-tennis-babolat-propulse-enfant-bleu.html,active,true,,2026-09-22T18:20:16.162Z,2026-09-25T04:01:46.282Z,5d5a34f6-f27f-45f9-ab1c-d273943812e2,Bleu
0564f519-f402-4a5c-b4ce-44884ba1cf70,Sac de tennis Wilson Blade Super Tour Sac a Dos V10,Wilson,accessoires,https://www.protennis.fr/48503-marketing_default/sac-de-tennis-wilson-blade-super-tour-sac-a-dos-v10.jpg,95.00,85.50,10,9bcb1729-926d-4462-b949-57f991e08673,https://www.protennis.fr/59837-sac-de-tennis-wilson-blade-super-tour-sac-a-dos-v10.html,active,true,,2026-09-22T18:20:38.377Z,2026-09-25T04:01:53.675Z,0696ecb1-3704-46e5-9cd0-ab7ef1b45957,
05b62f76-99b7-4338-a6a0-82fd583026d6,Cordage de tennis Luxilon 4G 125 Noir Bobine 200m,Luxilon,cordages,https://www.protennis.fr/22287-marketing_default/luxilon-4g-125-noir-bobine-200m.jpg,350.00,245.00,30,9bcb1729-926d-4462-b949-57f991e08673,https://www.protennis.fr/56231-luxilon-4g-125-noir-bobine-200m.html,active,true,,2026-09-22T18:19:59.797Z,2026-09-25T04:01:41.405Z,41aa97ca-40d2-47b7-9018-34ac3088622f,Noir
05cf31cc-f898-495b-a91c-748116260b45,Chaussures de tennis Nike Vapor X Enfant Blanc vert,Nike,chaussures,https://www.protennis.fr/42923-marketing_default/chaussures-de-tennis-nike-vapor-x-enfant-blanc-vert.jpg,85.00,59.00,31,9bcb1729-926d-4462-b949-57f991e08673,https://www.protennis.fr/59202-chaussures-de-tennis-nike-vapor-x-enfant-blanc-vert.html,active,true,,2026-09-22T18:20:09.525Z,2026-09-25T04:01:44.432Z,991edbc7-24d0-4ff3-ae75-4d3057d562c6,Blanc Vert
05ee193f-ca98-4344-8f29-fee06de5dbc3,Chaussures de tennis Asics Solution Speed FF 3 Terre Battue Homme Mint And Night,Asics,chaussures,https://www.protennis.fr/49581-marketing_default/chaussures-de-tennis-asics-solution-speed-ff-3-terre-battue-homme-mint-and-night.jpg,160.00,128.00,20,9bcb1729-926d-4462-b949-57f991e08673,https://www.protennis.fr/59962-chaussures-de-tennis-asics-solution-speed-ff-3-terre-battue-homme-mint-and-night.html,active,true,,2026-09-22T18:20:06.248Z,2026-09-25T04:01:43.441Z,84ade99f-31d7-466e-9e4f-2b1378132183,
05fd74b6-7912-4a00-9ae7-f165327e1a55,Raquette de tennis Babolat Pure Drive Team Spectra Gen11,Babolat,raquettes,https://www.protennis.fr/50098-marketing_default/raquette-de-tennis-babolat-pure-drive-team-spectra-gen11.jpg,249.95,249.94,0,9bcb1729-926d-4462-b949-57f991e08673,https://www.protennis.fr/59999-raquette-de-tennis-babolat-pure-drive-team-spectra-gen11.html,active,true,,2026-09-22T18:19:48.761Z,2026-09-25T04:01:38.014Z,bb2e9d94-c48f-40c9-ab38-19b060f2a519,
0620ed94-4fb0-40b6-a6e4-a87d64a2fe10,T-shirt Manches Longues Nike Homme Miller Bordeaux,Nike,textile,https://www.protennis.fr/43105-marketing_default/t-shirt-manches-longues-nike-homme-miller-bordeaux.jpg,40.00,24.00,40,9bcb1729-926d-4462-b949-57f991e08673,https://www.protennis.fr/59222-t-shirt-manches-longues-nike-homme-miller-bordeaux.html,active,true,,2026-09-22T18:20:30.313Z,2026-09-25T04:01:51.196Z,fbb65619-69b9-4f96-b6e9-d08afd64256c,Bordeaux
06366701-36c4-462e-9eb7-41060206663b,Cordage de tennis Tecnifibre Triax 128 Bobine (200m),Tecnifibre,cordages,https://www.protennis.fr/20092-marketing_default/tecnifibre-triax-128-bobine-200m.jpg,360.00,252.00,30,9bcb1729-926d-4462-b949-57f991e08673,https://www.protennis.fr/54601-tecnifibre-triax-128-bobine-200m.html,active,true,,2026-09-22T18:20:00.696Z,2026-09-25T04:01:41.698Z,7fe7e8a6-6732-4c3f-9178-d1290a25e02d,
06510a4e-9315-4183-82ab-08962a01ba6c,Raquette de tennis Wilson Blade 98 S V9 2024,Wilson,raquettes,https://www.protennis.fr/29468-marketing_default/wilson-blade-98-s-v9-2024.jpg,280.00,196.00,30,9bcb1729-926d-4462-b949-57f991e08673,https://www.protennis.fr/57511-wilson-blade-98-s-v9-2024.html,active,true,,2026-09-22T18:19:57.660Z,2026-09-25T04:01:40.846Z,af4a2a6b-45a9-438a-bdc0-3a8885dd6a8e,
068ba2cc-af97-4ca3-b9a7-52fa5ba77199,Sac de tennis 3 Raquettes Babolat Carlitos Junior,Babolat,accessoires,https://www.protennis.fr/46380-marketing_default/sac-de-tennis-3-raquettes-babolat-carlitos-junior.jpg,60.00,48.00,20,9bcb1729-926d-4462-b949-57f991e08673,https://www.protennis.fr/59619-sac-de-tennis-3-raquettes-babolat-carlitos-junior.html,active,true,,2026-09-22T18:20:38.709Z,2026-09-25T04:01:53.774Z,7ef2a3d9-d8ac-46ad-9a28-0256527f65f0,
0693d7fb-043c-4d26-8457-9a6ae981a5cf,Chaussures de tennis Nike Vapor Pro 3 Femme Pink Smoke,Nike,chaussures,https://www.protennis.fr/50510-marketing_default/chaussures-de-tennis-nike-vapor-pro-3-femme-pink-smoke.jpg,129.99,90.99,30,9bcb1729-926d-4462-b949-57f991e08673,https://www.protennis.fr/60040-chaussures-de-tennis-nike-vapor-pro-3-femme-pink-smoke.html,active,true,,2026-09-22T18:20:05.001Z,2026-09-25T04:01:43.031Z,b20694cf-8089-4d4d-87c7-fa0d04e9b01a,Rose
06967f3f-4098-4de4-a61d-61ca759cc711,Sac à dos de tennis Wilson Roland Garros 2026 Team Clay,Wilson,accessoires,https://www.protennis.fr/48925-marketing_default/sac-a-dos-de-tennis-wilson-roland-garros-2026-team-clay.jpg,65.00,45.50,30,9bcb1729-926d-4462-b949-57f991e08673,https://www.protennis.fr/59886-sac-a-dos-de-tennis-wilson-roland-garros-2026-team-clay.html,active,true,,2026-09-22T18:20:38.206Z,2026-09-25T04:01:53.620Z,68017eee-57d0-47fe-9f5e-81a62b22b190,
069a3d2e-1a09-433c-8e5f-239721ee3bb2,T-shirt de tennis Lacoste Ultra Dry Roland Garros Marine Unisexe PE24,Lacoste,textile,https://www.protennis.fr/35124-marketing_default/t-shirt-lacoste-ultra-dry-roland-garros-marine-unisexe-pe24.jpg,80.00,40.00,50,9bcb1729-926d-4462-b949-57f991e08673,https://www.protennis.fr/58228-t-shirt-lacoste-ultra-dry-roland-garros-marine-unisexe-pe24.html,active,true,,2026-09-22T18:20:25.374Z,2026-09-25T04:01:49.736Z,85825482-791e-4f4c-83b4-cf16478dcee4,Marine
06af3d6d-992a-4ec6-acf5-1d6037e9cbf0,Raquette de tennis Prince Warrior White Edition 100 285g,Prince,raquettes,https://www.protennis.fr/42507-marketing_default/raquette-de-tennis-prince-warrior-white-edition-100-285g.jpg,169.95,99.00,42,9bcb1729-926d-4462-b949-57f991e08673,https://www.protennis.fr/59188-raquette-de-tennis-prince-warrior-white-edition-100-285g.html,active,true,,2026-09-22T10:32:41.935Z,2026-09-25T04:01:39.556Z,cbe97755-ea6c-4ad4-8895-77e0a3d2727f,Blanc
06bc29ac-8dba-4bba-8d35-8380848b54b0,T-shirt de tennis Lacoste Gros Logo Homme Bleu clair,Lacoste,textile,https://www.protennis.fr/38668-marketing_default/t-shirt-lacoste-gros-logo-homme-bleu-clair.jpg,70.00,42.00,40,9bcb1729-926d-4462-b949-57f991e08673,https://www.protennis.fr/58692-t-shirt-lacoste-gros-logo-homme-bleu-clair.html,active,true,,2026-09-22T18:20:25.090Z,2026-09-25T04:01:49.644Z,abcc50fc-839b-48a8-9b25-372793f74621,Bleu
06cde9b4-26e6-4e0d-a000-0c98c395b413,Raquette de tennis Wilson Blade 25 V10,Wilson,raquettes,https://www.protennis.fr/48318-marketing_default/raquette-de-tennis-wilson-blade-25-v10-junior.jpg,125.00,100.00,20,9bcb1729-926d-4462-b949-57f991e08673,https://www.protennis.fr/59826-raquette-de-tennis-wilson-blade-25-v10-junior.html,active,true,,2026-09-22T18:19:57.634Z,2026-09-25T04:01:40.834Z,4f286f9a-a9d0-4310-a41b-c989c576a9ce,
06dceac7-d5db-48d8-a30a-9e4fb267ca3d,Raquette de tennis Prince Warrior 100 (265g) 2023,Prince,raquettes,https://www.protennis.fr/27963-marketing_default/prince-warrior-100-265g-2023.jpg,150.00,105.00,30,9bcb1729-926d-4462-b949-57f991e08673,https://www.protennis.fr/57242-prince-warrior-100-265g-2023.html,active,true,,2026-09-22T18:19:53.730Z,2026-09-25T04:01:39.578Z,24b5a6e5-44ac-4013-9fe6-d37bdd80db60,
0752dc26-e260-46e0-8e50-7269a10b8068,Short de tennis Hydrogen Tech Camo Short Jaune AH21,Hydrogen,textile,https://www.protennis.fr/18778-marketing_default/hydrogen-tech-camo-short-jaune-ah21.jpg,75.00,37.50,50,9bcb1729-926d-4462-b949-57f991e08673,https://www.protennis.fr/55240-hydrogen-tech-camo-short-jaune-ah21.html,active,true,,2026-09-22T18:20:23.631Z,2026-09-25T04:01:49.171Z,14ec21de-5cbb-4c46-95b5-7a625e602884,Jaune
0757e270-1034-48f7-a7b6-3c40f812b98c,Antivibrateur de tennis HEAD SMARTSORB JAUNE FLUO,Head,accessoires,https://www.protennis.fr/38606-marketing_default/head-smartsorb-jaune-fluo.jpg,6.00,4.20,30,9bcb1729-926d-4462-b949-57f991e08673,https://www.protennis.fr/46325-head-smartsorb-jaune-fluo.html,active,true,,2026-09-22T18:20:36.149Z,2026-09-25T04:01:52.977Z,af168f07-316a-4f10-a0aa-4857bc27f7ba,Jaune
075c272c-4725-40c4-bf32-2fb5e2514b19,Pantalon Asics Femme Performance Gris vert,Asics,textile,https://www.protennis.fr/42269-marketing_default/pantalon-asics-femme-performance-gris-vert-.jpg,55.00,33.00,40,9bcb1729-926d-4462-b949-57f991e08673,https://www.protennis.fr/59175-pantalon-asics-femme-performance-gris-vert-.html,active,true,,2026-09-22T18:20:22.634Z,2026-09-25T04:01:48.844Z,17233d4b-4227-4492-9530-d3c7426d6a14,Gris Vert
078144ee-ef9c-42a8-a008-18ff676e69f8,Chaussures de tennis Nike Vapor Pro 3 Femme Gris bleu,Nike,chaussures,https://www.protennis.fr/42980-marketing_default/chaussures-de-tennis-nike-vapor-pro-3-femme-gris-bleu.jpg,130.00,78.00,40,9bcb1729-926d-4462-b949-57f991e08673,https://www.protennis.fr/59213-chaussures-de-tennis-nike-vapor-pro-3-femme-gris-bleu.html,active,true,,2026-09-22T18:20:14.241Z,2026-09-25T04:01:45.744Z,d4cf8f05-3364-43c0-8161-f409f2ce4e22,Gris Bleu
07df9a3a-573c-4fd6-9283-f49de63a1eee,Cordage de tennis HEAD SONIC PRO 130 BLANC BOBINE 200m,Head,cordages,https://www.protennis.fr/3253-marketing_default/head-sonic-pro-130-blanc-bobine-200m.jpg,100.00,69.00,31,9bcb1729-926d-4462-b949-57f991e08673,https://www.protennis.fr/44042-head-sonic-pro-130-blanc-bobine-200m.html,active,true,,2026-09-22T18:20:01.615Z,2026-09-25T04:01:42.025Z,591e68ef-73f1-4461-9d0c-94f8c916965c,Blanc
08256745-eedd-4b43-b159-7627a75c5438,Short de tennis Nike Court Advantage Homme Vert,Nike,textile,https://www.protennis.fr/47699-marketing_default/short-de-tennis-nike-court-advantage-homme-vert.jpg,64.99,38.99,40,9bcb1729-926d-4462-b949-57f991e08673,https://www.protennis.fr/59777-short-de-tennis-nike-court-advantage-homme-vert.html,active,true,,2026-09-22T18:20:27.625Z,2026-09-25T04:01:50.408Z,68b163eb-25e0-4ae5-b7b4-3e634047b718,Vert
082778d5-80d6-49d3-b508-abd67e0414ce,Sac de tennis Wilson Roland Garros 2026 3 raquettes Team Clay,Wilson,accessoires,https://www.protennis.fr/48902-marketing_default/sac-de-tennis-wilson-roland-garros-2026-3-raquettes-team-clay.jpg,65.00,45.50,30,9bcb1729-926d-4462-b949-57f991e08673,https://www.protennis.fr/59885-sac-de-tennis-wilson-roland-garros-2026-3-raquettes-team-clay.html,active,true,,2026-09-22T18:20:38.230Z,2026-09-25T04:01:53.631Z,9f60cfa5-5405-4832-af3b-ea573b1e7948,
08383e00-ccc6-43b4-a1dc-5d4e3c1c04a7,Chaussures Adidas Defiant Speed 2 Terre battue Homme Blanc vert,Adidas,chaussures,https://www.protennis.fr/42448-marketing_default/chaussures-adidas-defiant-speed-2-terre-battue-homme-blanc-vert.jpg,120.00,72.00,40,9bcb1729-926d-4462-b949-57f991e08673,https://www.protennis.fr/59156-chaussures-adidas-defiant-speed-2-terre-battue-homme-blanc-vert.html,active,true,,2026-09-22T18:20:14.337Z,2026-09-25T04:01:45.779Z,414a18a0-2eca-4e6e-b973-ee7ab874cb72,Blanc Vert
086548f4-1fae-4ca0-9146-06fc1fe8b715,Débardeur de tennis enfant Adidas Keyhole Debardeur Enfant AH20,Adidas,textile,https://www.protennis.fr/15450-marketing_default/adidas-keyhole-debardeur-enfant-ah20.jpg,35.00,17.50,50,9bcb1729-926d-4462-b949-57f991e08673,https://www.protennis.fr/54698-adidas-keyhole-debardeur-enfant-ah20.html,active,true,,2026-09-22T18:20:21.710Z,2026-09-25T04:01:48.509Z,d3f82975-a851-46ef-8230-49cc691416d9,
08c1dfd2-ae98-41c2-8963-9624567c9bd6,Chaussures de tennis Babolat Jet Mach 3 Enfant Bleu rose,Babolat,chaussures,https://www.protennis.fr/43914-marketing_default/chaussures-de-tennis-babolat-jet-mach-3-enfant-bleu-rose.jpg,75.00,45.00,40,9bcb1729-926d-4462-b949-57f991e08673,https://www.protennis.fr/59289-chaussures-de-tennis-babolat-jet-mach-3-enfant-bleu-rose.html,active,true,,2026-09-22T18:20:13.752Z,2026-09-25T04:01:45.646Z,e0ed1524-05f4-494c-8096-2be3fb84e7c5,Bleu Rose
0911420e-76f6-4b91-8de9-a8b1486a1647,Cordage de tennis LUXILON ALU POWER 125 GRIS GARNITURE,Luxilon,cordages,https://www.protennis.fr/733-marketing_default/luxilon-alu-power-125-gris-garniture.jpg,26.00,18.20,30,9bcb1729-926d-4462-b949-57f991e08673,https://www.protennis.fr/29927-luxilon-alu-power-125-gris-garniture.html,active,true,,2026-09-22T18:20:02.972Z,2026-09-25T04:01:42.422Z,1cca580e-f32d-4490-9b46-72a3d141f5b0,Gris
0918ef5d-73f9-446d-b0bc-9757cb215c26,Sac de tennis Tecnifibre Tour Endurance 6 Raquettes Beige,Tecnifibre,accessoires,https://www.protennis.fr/41779-marketing_default/sac-de-tennis-tecnifibre-tour-endurance-6-raquettes-beige.jpg,80.00,56.00,30,9bcb1729-926d-4462-b949-57f991e08673,https://www.protennis.fr/59070-sac-de-tennis-tecnifibre-tour-endurance-6-raquettes-beige.html,active,true,,2026-09-22T18:20:42.395Z,2026-09-25T04:01:54.841Z,4d0f17da-f0c2-4598-8694-df07afbcdabd,Beige
093266ec-ec91-4b9e-88f2-8b8f296c72f6,T-shirt Femme Nike One Classic Blanc,Nike,textile,https://www.protennis.fr/41379-marketing_default/t-shirt-femme-nike-one-classic-blanc.jpg,35.00,21.00,40,9bcb1729-926d-4462-b949-57f991e08673,https://www.protennis.fr/59004-t-shirt-femme-nike-one-classic-blanc.html,active,true,,2026-09-22T18:20:31.264Z,2026-09-25T04:01:51.495Z,f4fa6bf8-5dbe-4adb-b0bb-ba80c055e673,Blanc
094017f8-6803-4e31-8024-6378858e4816,Cordage de tennis Tecnifibre TGV 135 Naturel Bobine 200M,Tecnifibre,cordages,https://www.protennis.fr/20082-marketing_default/tecnifibre-tgv-135-naturel-bobine-200m.jpg,360.00,270.00,25,9bcb1729-926d-4462-b949-57f991e08673,https://www.protennis.fr/35217-tecnifibre-tgv-135-naturel-bobine-200m.html,active,true,,2026-09-22T18:20:02.477Z,2026-09-25T04:01:42.267Z,1baff6d2-af93-4166-84d3-2dafb08b7aab,
09933c39-04b2-44ce-b4ef-c8f440212381,T-Shirt de tennis Adidas Climacool Classic Enfant White,Adidas,textile,https://www.protennis.fr/51017-marketing_default/t-shirt-de-tennis-adidas-climacool-classic-enfant-white.jpg,35.00,28.00,20,9bcb1729-926d-4462-b949-57f991e08673,https://www.protennis.fr/60095-t-shirt-de-tennis-adidas-climacool-classic-enfant-white.html,active,true,,2026-09-25T04:01:46.971Z,2026-09-25T04:01:46.971Z,68a94cb9-0ea6-4f3b-8e14-22e0509f7bde,
09c534f8-ea46-46f9-b919-bada650270a7,Chaussures de tennis Wilson Rush Pro 4.0 Homme AH22,Wilson,chaussures,https://www.protennis.fr/23031-marketing_default/wilson-rush-pro-40-homme-pe22.jpg,140.00,89.00,36,9bcb1729-926d-4462-b949-57f991e08673,https://www.protennis.fr/56095-wilson-rush-pro-40-homme-pe22.html,active,true,,2026-09-22T18:20:12.479Z,2026-09-25T04:01:45.255Z,543ad207-b128-4daf-8280-c58192f44049,
0a1c8723-2b34-4e95-83ab-9c003b8cfa5d,Sac de tennis 12 Raquettes Head Tour Racquet Bag XL Parme,Head,accessoires,https://www.protennis.fr/45630-marketing_default/sac-de-tennis-12-raquettes-head-tour-racquet-bag-xl-parme.jpg,130.00,91.00,30,9bcb1729-926d-4462-b949-57f991e08673,https://www.protennis.fr/59525-sac-de-tennis-12-raquettes-head-tour-racquet-bag-xl-parme.html,active,true,,2026-09-22T18:20:38.814Z,2026-09-25T04:01:53.807Z,48a67583-a88c-4b96-a9e0-f0966417a88d,
0b0e9f28-618d-4d99-8a32-db778c3de80a,Pantalon Mouratoglou Melbourne bleu,Mouratoglou,textile,https://www.protennis.fr/37286-marketing_default/pantalon-mouratoglou-melbourne-bleu.jpg,65.00,39.00,40,9bcb1729-926d-4462-b949-57f991e08673,https://www.protennis.fr/58507-pantalon-mouratoglou-melbourne-bleu.html,active,true,,2026-09-22T18:20:26.916Z,2026-09-25T04:01:50.196Z,905b3e8b-9529-4a44-bbc2-95b529dd5a3d,Bleu
0b16163b-9b1f-438f-89c3-e185d67b46f4,"Short de tennis Nike DriFIT Advantage 6"" Homme Noir",Nike,textile,https://www.protennis.fr/46095-marketing_default/short-nike-drifit-advantage-6-homme-noir.jpg,60.00,36.00,40,9bcb1729-926d-4462-b949-57f991e08673,https://www.protennis.fr/59590-short-nike-drifit-advantage-6-homme-noir.html,active,true,,2026-09-22T18:20:28.483Z,2026-09-25T04:01:50.685Z,350b641f-5c63-4d03-8e3b-480db229cafd,Noir
0bd0ac7d-49b7-446f-bb31-ca11e8ff383b,Chaussures de tennis Yonex Power Cushion AD Accel Homme Blanc,Yonex,chaussures,https://www.protennis.fr/42664-marketing_default/chaussures-de-tennis-yonex-power-cushion-ad-accel-homme-blanc.jpg,160.00,96.00,40,9bcb1729-926d-4462-b949-57f991e08673,https://www.protennis.fr/59195-chaussures-de-tennis-yonex-power-cushion-ad-accel-homme-blanc.html,active,true,,2026-09-22T18:20:09.627Z,2026-09-25T04:01:44.465Z,08dd2eb4-b42b-445c-b685-490d4bdcd514,Blanc
0bd5385a-6332-454b-8113-603340a9d0ec,Raquette de tennis Head Radical Team L 2025,Head,raquettes,https://www.protennis.fr/38223-marketing_default/raquette-de-tennis-head-radical-team-l-2025.jpg,230.00,149.50,35,9bcb1729-926d-4462-b949-57f991e08673,https://www.protennis.fr/56709-raquette-de-tennis-head-radical-team-l-2025.html,active,true,,2026-09-22T18:19:52.426Z,2026-09-25T04:01:39.145Z,30a4220a-4088-427a-96ab-aceab873a6a9,
0be22ef0-e1f3-44af-a1cc-3f35955b360f,Sac à dos Junior Prince x Smiley Tour Noir jaune,Prince,accessoires,https://www.protennis.fr/43829-marketing_default/sac-a-dos-junior-prince-x-smiley-tour-noir-jaune.jpg,39.95,27.96,30,9bcb1729-926d-4462-b949-57f991e08673,https://www.protennis.fr/59331-sac-a-dos-junior-prince-x-smiley-tour-noir-jaune.html,active,true,,2026-09-22T18:20:42.112Z,2026-09-25T04:01:54.766Z,8de9642c-e608-444b-90c2-2162ef1e05f9,Noir Jaune
0be3ddc1-c6f3-453d-b41f-1c5083f4ddeb,T-shirt de tennis Lacoste Ultra Dry Roland Garros Blanc Unisexe PE24,Lacoste,textile,https://www.protennis.fr/35127-marketing_default/t-shirt-lacoste-ultra-dry-roland-garros-blanc-unisexe-pe24.jpg,80.00,40.00,50,9bcb1729-926d-4462-b949-57f991e08673,https://www.protennis.fr/58229-t-shirt-lacoste-ultra-dry-roland-garros-blanc-unisexe-pe24.html,active,true,,2026-09-22T18:20:25.319Z,2026-09-25T04:01:49.725Z,1a8122a1-80e6-4b15-bd94-3eed4f739b29,Blanc
0bef8ad8-732b-4572-8fbd-03e25bd25d80,Raquette de tennis Enfant Babolat Pure Aero 25 Gen9,Babolat,raquettes,https://www.protennis.fr/46513-marketing_default/raquette-de-tennis-enfant-babolat-pure-aero-25-gen9.jpg,130.00,91.00,30,9bcb1729-926d-4462-b949-57f991e08673,https://www.protennis.fr/59623-raquette-de-tennis-enfant-babolat-pure-aero-25-gen9.html,active,true,,2026-09-22T18:19:47.586Z,2026-09-25T04:01:37.615Z,f51635bc-f0c2-4419-a5c5-d005c7bbe4fd,
0c0e6891-cb0a-448b-8b9b-aa42282c77cf,Sweat Asics Homme Performance Kaki,Asics,textile,https://www.protennis.fr/42243-marketing_default/sweat-asics-homme-performance-kaki-.jpg,65.00,39.00,40,9bcb1729-926d-4462-b949-57f991e08673,https://www.protennis.fr/59182-sweat-asics-homme-performance-kaki-.html,active,true,,2026-09-22T18:20:22.451Z,2026-09-25T04:01:48.800Z,c8e0b0df-e798-4599-8962-d046cca86859,Kaki
0c0e7ed5-4b8b-4dce-8c03-1f56c9ac43d7,T-shirt de tennis Nike Advantage Heritage Homme Lime,Nike,textile,https://www.protennis.fr/43025-marketing_default/t-shirt-homme-nike-advantage-heritage-lime.jpg,60.00,36.00,40,9bcb1729-926d-4462-b949-57f991e08673,https://www.protennis.fr/59224-t-shirt-homme-nike-advantage-heritage-lime.html,active,true,,2026-09-22T18:20:30.234Z,2026-09-25T04:01:51.174Z,70ddd37a-8022-4e77-ae24-abdbc836490c,
0c529296-0868-4005-8645-df6d93b7c166,Raquette de tennis Head Gravity Team 2025,Head,raquettes,https://www.protennis.fr/36224-marketing_default/raquette-de-tennis-head-gravity-team-2025.jpg,250.00,175.00,30,9bcb1729-926d-4462-b949-57f991e08673,https://www.protennis.fr/58379-raquette-de-tennis-head-gravity-team-2025.html,active,true,,2026-09-22T18:19:50.912Z,2026-09-25T04:01:38.696Z,ca6a0693-fc49-4806-8e0d-0d2f7cf84b18,
0c5807d3-3ffc-4033-9224-a76e7a42f467,Raquette de tennis Babolat Pure Aero 26 2023,Babolat,raquettes,https://www.protennis.fr/22454-marketing_default/babolat-pure-aero-26-2023.jpg,130.00,91.00,30,9bcb1729-926d-4462-b949-57f991e08673,https://www.protennis.fr/56307-babolat-pure-aero-26-2023.html,active,true,,2026-09-22T18:19:48.713Z,2026-09-25T04:01:37.992Z,75719347-bbbd-414e-9479-accf640d0d68,
0c9e4967-bd59-4369-b543-02b54d45e221,T-shirt de tennis Asics Game Femme Soft Oat,Asics,textile,https://www.protennis.fr/50935-marketing_default/t-shirt-de-tennis-asics-game-femme-soft-oat.jpg,45.00,36.00,20,9bcb1729-926d-4462-b949-57f991e08673,https://www.protennis.fr/60083-t-shirt-de-tennis-asics-game-femme-soft-oat.html,active,true,,2026-09-22T18:20:21.914Z,2026-09-25T04:01:48.626Z,1f5f1a9a-5397-4d4c-815e-68fcf678b2f5,
0ca7d798-f004-41f5-8d21-f6cf48d98e89,T-shirt de tennis Lacoste Ultra Dry Gros Logo Homme Bleu pastel PE24,Lacoste,textile,https://www.protennis.fr/35149-marketing_default/t-shirt-lacoste-ultra-dry-gros-logo-homme-bleu-pastel-pe24.jpg,70.00,35.00,50,9bcb1729-926d-4462-b949-57f991e08673,https://www.protennis.fr/58226-t-shirt-lacoste-ultra-dry-gros-logo-homme-bleu-pastel-pe24.html,active,true,,2026-09-22T18:20:25.405Z,2026-09-25T04:01:49.749Z,fd70dfde-6eda-4503-8570-343758dae733,Bleu
0ccd4ad0-55a2-4cd2-a98b-15eb01c8628a,Chaussures de tennis Asics Gel Resolution X Homme White And Dark Aubergine,Asics,chaussures,https://www.protennis.fr/49532-marketing_default/chaussures-de-tennis-asics-gel-resolution-x-homme-white-and-dark-aubergine.jpg,160.00,128.00,20,9bcb1729-926d-4462-b949-57f991e08673,https://www.protennis.fr/59957-chaussures-de-tennis-asics-gel-resolution-x-homme-white-and-dark-aubergine.html,active,true,,2026-09-22T18:20:06.386Z,2026-09-25T04:01:43.488Z,bdbbd806-101b-4b53-ad1f-bc2b6a5441af,Blanc
0cd0c14c-97b8-41b6-b5ad-2d4b6f2d3756,Cordage de tennis Luxilon 4G 125 Noir Garniture,Luxilon,cordages,https://www.protennis.fr/22284-marketing_default/luxilon-4g-125-noir-garniture.jpg,26.00,18.20,30,9bcb1729-926d-4462-b949-57f991e08673,https://www.protennis.fr/56230-luxilon-4g-125-noir-garniture.html,active,true,,2026-09-22T18:19:59.821Z,2026-09-25T04:01:41.418Z,d312f982-ea61-4023-86b2-f1727dc722f2,Noir
0ce2639d-f2db-46d3-b9d9-af98039de5ee,Surgrip de tennis TECNIFIBRE PRO PLAYERS OVERGRIPS X3 NOIR,Tecnifibre,accessoires,https://www.protennis.fr/2919-marketing_default/tecnifibre-pro-players-overgrips-x3-noir.jpg,8.00,5.60,30,9bcb1729-926d-4462-b949-57f991e08673,https://www.protennis.fr/24223-tecnifibre-pro-players-overgrips-x3-noir.html,active,true,,2026-09-22T18:20:35.361Z,2026-09-25T04:01:52.715Z,c9f1808e-9eb3-4534-b3d2-aa374bd61bfe,Noir
0d20cc56-a150-4aa1-b64b-12c7ea708e4c,Raquette de tennis Wilson Blade Feel 100 2023,Wilson,raquettes,https://www.protennis.fr/26178-marketing_default/wilson-blade-feel-100-2023.jpg,130.00,91.00,30,9bcb1729-926d-4462-b949-57f991e08673,https://www.protennis.fr/56613-wilson-blade-feel-100-2023.html,active,true,,2026-09-22T18:19:57.778Z,2026-09-25T04:01:40.879Z,457cd835-980a-4b22-9ba3-c07a1ee2e50b,
0d3340ca-1643-49a1-8485-54364eca8492,Raquette de tennis Prince Beast 100 Pink (250g) 2023,Prince,raquettes,https://www.protennis.fr/39152-marketing_default/raquette-de-tennis-prince-beast-100-pink-250g-2023.jpg,189.95,149.94,21,9bcb1729-926d-4462-b949-57f991e08673,https://www.protennis.fr/58765-raquette-de-tennis-prince-beast-100-pink-250g-2023.html,active,true,,2026-09-22T18:19:53.348Z,2026-09-25T04:01:39.462Z,f95b3e23-3464-4357-96b9-6b7d3f7a7ad0,Rose
0d50745a-0e75-4119-9aa4-547dd6abfbd1,Balles de tennis Dunlop Balles ATP Carton 18 Tubes de 4 balles,Dunlop,accessoires,https://www.protennis.fr/40302-marketing_default/dunlop-balles-atp-carton-18-tubes-de-4-balles.jpg,171.00,155.00,9,9bcb1729-926d-4462-b949-57f991e08673,https://www.protennis.fr/56782-dunlop-balles-atp-carton-18-tubes-de-4-balles.html,active,true,,2026-09-22T18:20:36.686Z,2026-09-25T04:01:53.176Z,2b80543a-f0f4-4c35-8c0b-d02cf1271f1c,
0da85962-3811-42b3-a361-64aa4456176b,Raquette de tennis Tecnifibre T-Fight 255 2025,Tecnifibre,raquettes,https://www.protennis.fr/37609-marketing_default/raquette-de-tennis-tecnifibre-t-fight-255-2025.jpg,190.00,133.00,30,9bcb1729-926d-4462-b949-57f991e08673,https://www.protennis.fr/58352-raquette-de-tennis-tecnifibre-t-fight-255-2025.html,active,true,,2026-09-22T18:19:55.401Z,2026-09-25T04:01:40.045Z,2b91d207-65c5-44c6-9590-6deff1ae58bf,
0dfc1243-b20f-4347-8e1a-0a6a1b58d2d9,Raquette de tennis Tecnifibre T-Fight 305S 2025,Tecnifibre,raquettes,https://www.protennis.fr/35984-marketing_default/raquette-de-tennis-tecnifibre-t-fight-305s-2025.jpg,260.00,182.00,30,9bcb1729-926d-4462-b949-57f991e08673,https://www.protennis.fr/58357-raquette-de-tennis-tecnifibre-t-fight-305s-2025.html,active,true,,2026-09-22T18:19:55.086Z,2026-09-25T04:01:39.990Z,a03fdae4-c43a-4e77-b769-9c3a660583e9,
0e148d73-e9b0-4860-98b5-d61640a2d600,Sac de tennis Tecnifibre Tour Endurance Blanc 12 Raquettes 2025,Tecnifibre,accessoires,https://www.protennis.fr/35962-marketing_default/sac-de-tennis-tecnifibre-tour-endurance-blanc-12-raquettes-2025.jpg,115.00,80.50,30,9bcb1729-926d-4462-b949-57f991e08673,https://www.protennis.fr/58348-sac-de-tennis-tecnifibre-tour-endurance-blanc-12-raquettes-2025.html,active,true,,2026-09-22T18:20:40.575Z,2026-09-25T04:01:54.381Z,ef01e129-f4a4-4459-82c3-7ac3ae3ada54,Blanc
0e27a7a7-6227-46f4-bd27-4fa8d1e12db9,Sweat Asics Homme Performance Noir,Asics,textile,https://www.protennis.fr/42237-marketing_default/sweat-asics-homme-performance-noir.jpg,65.00,39.00,40,9bcb1729-926d-4462-b949-57f991e08673,https://www.protennis.fr/59180-sweat-asics-homme-performance-noir.html,active,true,,2026-09-22T18:20:22.759Z,2026-09-25T04:01:48.889Z,1c22d699-a485-4e2a-a6f3-976064182e63,Noir
0e45249b-757e-4047-935a-aebe3a0dc708,Raquette de tennis Wilson Ultra 26 V5,Wilson,raquettes,https://www.protennis.fr/40936-marketing_default/raquette-de-tennis-wilson-ultra-26-v5.jpg,110.00,77.00,30,9bcb1729-926d-4462-b949-57f991e08673,https://www.protennis.fr/58965-raquette-de-tennis-wilson-ultra-26-v5.html,active,true,,2026-09-22T18:19:57.156Z,2026-09-25T04:01:40.721Z,e3d10e7a-7f3b-470e-8137-12d72be9f626,
0e46c005-3d85-4767-8bb5-450d04a2d4b1,Chaussures de tennis Asics Gel Resolution X Femme Rose fluo,Asics,chaussures,https://www.protennis.fr/40721-marketing_default/chaussures-de-tennis-asics-gel-resolution-x-femme-rose-fluo.jpg,160.00,96.00,40,9bcb1729-926d-4462-b949-57f991e08673,https://www.protennis.fr/58927-chaussures-de-tennis-asics-gel-resolution-x-femme-rose-fluo.html,active,true,,2026-09-22T18:20:15.483Z,2026-09-25T04:01:46.104Z,844f3f2e-1340-4819-8760-c88dd9df61d7,Rose
0ed39661-89a4-48cc-acea-788be061e129,Chaussures de tennis Babolat SFX 4 Homme Drive Bleu,Babolat,chaussures,https://www.protennis.fr/38524-marketing_default/chaussures-de-tennis-babolat-sfx-4-homme-drive-bleu.jpg,120.00,72.00,40,9bcb1729-926d-4462-b949-57f991e08673,https://www.protennis.fr/58659-chaussures-de-tennis-babolat-sfx-4-homme-drive-bleu.html,active,true,,2026-09-22T18:20:16.108Z,2026-09-25T04:01:46.270Z,166a3b99-b27e-4714-9845-bea538f7d3df,Bleu
0ee87724-d06b-421c-afa1-948f442a9f30,Grip de raquette de tennis HEAD GRIP CUIR,Head,accessoires,https://www.protennis.fr/1603-marketing_default/head-grip-cuir.jpg,15.00,10.50,30,9bcb1729-926d-4462-b949-57f991e08673,https://www.protennis.fr/35607-head-grip-cuir.html,active,true,,2026-09-22T18:20:34.998Z,2026-09-25T04:01:52.628Z,655b52fe-745e-4853-9282-76d8ddf7fa4d,
0eef7066-4304-44f3-be90-b3944ed60637,Antivibrateur de tennis Babolat Vibrakill 2.0,Babolat,accessoires,https://www.protennis.fr/38402-marketing_default/antivibrateur-de-tennis-babolat-vibrakill-20.jpg,8.95,6.27,30,9bcb1729-926d-4462-b949-57f991e08673,https://www.protennis.fr/58651-antivibrateur-de-tennis-babolat-vibrakill-20.html,active,true,,2026-09-22T18:20:33.796Z,2026-09-25T04:01:52.289Z,1ce56228-9402-47cf-94e9-fcac92e5efea,
0f068311-cb65-46a6-9da0-3b19072975b3,Raquette de tennis Wilson Ultra 100 UL V5,Wilson,raquettes,https://www.protennis.fr/40915-marketing_default/raquette-de-tennis-wilson-ultra-100-ul-v5.jpg,200.00,140.00,30,9bcb1729-926d-4462-b949-57f991e08673,https://www.protennis.fr/58967-raquette-de-tennis-wilson-ultra-100-ul-v5.html,active,true,,2026-09-22T18:19:57.014Z,2026-09-25T04:01:40.568Z,a73c43a9-b832-4250-98f7-879bdf90e321,
0f09256c-e83d-4647-826c-d64b4d0a2bdc,Cordage de tennis Babolat RPM 125 + VS 130 Garniture,Babolat,cordages,https://www.protennis.fr/34998-marketing_default/babolat-rpm-125-vs-130-garniture.jpg,38.95,27.27,30,9bcb1729-926d-4462-b949-57f991e08673,https://www.protennis.fr/58211-babolat-rpm-125-vs-130-garniture.html,active,true,,2026-09-22T18:19:59.473Z,2026-09-25T04:01:41.293Z,7ca4dcd3-17a0-48eb-ac2b-ee2fbfbea3c6,
0f293c0b-2764-4df7-89e7-32a47fe6ac78,Cordage de tennis Tecnifibre TGV 130 Naturel Garniture,Tecnifibre,cordages,https://www.protennis.fr/10289-marketing_default/tecnifibre-tgv-130-naturel-garniture.jpg,23.00,17.25,25,9bcb1729-926d-4462-b949-57f991e08673,https://www.protennis.fr/53728-tecnifibre-tgv-130-naturel-garniture.html,active,true,,2026-09-22T18:20:00.923Z,2026-09-25T04:01:41.836Z,34eabab8-03bb-4b0d-ba2d-2059c4ee79dc,
0f387314-767d-4f59-8539-4dd024549df9,Chaussures de tennis Rush Pro 4.5 Homme Noir rouge,Wilson,chaussures,https://www.protennis.fr/37993-marketing_default/chaussures-de-tennis-rush-pro-45-homme-noir-rouge-.jpg,140.00,59.00,58,9bcb1729-926d-4462-b949-57f991e08673,https://www.protennis.fr/58592-chaussures-de-tennis-rush-pro-45-homme-noir-rouge-.html,active,true,,2026-09-22T18:20:11.479Z,2026-09-25T04:01:44.979Z,51154488-5910-4b91-9444-b6c60d6b463d,Noir Rouge
0f3b143f-989e-4902-8aca-2d1cda0b4016,Chaussures de tennis Asics Solution Speed FF 3 Homme Noir,Asics,chaussures,https://www.protennis.fr/40794-marketing_default/chaussures-de-tennis-asics-solution-speed-ff-3-homme-noir.jpg,150.00,90.00,40,9bcb1729-926d-4462-b949-57f991e08673,https://www.protennis.fr/58938-chaussures-de-tennis-asics-solution-speed-ff-3-homme-noir.html,active,true,,2026-09-22T18:20:15.185Z,2026-09-25T04:01:46.016Z,f87a2fbb-91d3-40bd-b851-e700e4cc80ab,Noir
0f45f25b-7c1b-493c-8370-37fdd6a7161a,T-shirt de Tennis Le Coq Sportif Homme Orange,Le Coq Sportif,textile,https://www.protennis.fr/45157-marketing_default/t-shirt-de-tennis-le-coq-sportif-homme-orange.jpg,80.00,48.00,40,9bcb1729-926d-4462-b949-57f991e08673,https://www.protennis.fr/59478-t-shirt-de-tennis-le-coq-sportif-homme-orange.html,active,true,,2026-09-22T18:20:25.806Z,2026-09-25T04:01:49.861Z,c85403d9-d5b2-4cbc-8403-625f7d894d69,Orange
0f6cbc7d-1728-4000-b369-431a4791e89e,Raquette de tennis Head Radical 26 2023,Head,raquettes,https://www.protennis.fr/26204-marketing_default/head-boom-26-2022.jpg,120.00,84.00,30,9bcb1729-926d-4462-b949-57f991e08673,https://www.protennis.fr/56950-head-boom-26-2022.html,active,true,,2026-09-22T18:19:52.297Z,2026-09-25T04:01:39.101Z,ce2da22c-8591-4f09-9310-cd112cc9a627,
0f7af12a-cdcb-4d12-8df5-579310454221,Polo de tennis Nike Slam Polo NY Homme Soleil Automne 2023,Nike,textile,https://www.protennis.fr/27734-marketing_default/nike-slam-polo-ny-homme-soleil-automne-2023.jpg,95.00,47.50,50,9bcb1729-926d-4462-b949-57f991e08673,https://www.protennis.fr/57132-nike-slam-polo-ny-homme-soleil-automne-2023.html,active,true,,2026-09-22T18:20:32.541Z,2026-09-25T04:01:51.872Z,fdceb368-23a7-4b1a-aeb2-ff7458a595f0,
0f869fb2-4577-4152-b39b-95c16d083738,Chaussures de tennis Babolat Propulse 3 Enfant Noir Jaune,Babolat,chaussures,https://www.protennis.fr/47586-marketing_default/chaussures-de-tennis-babolat-propulse-3-enfant-noir-jaune.jpg,65.00,39.00,40,9bcb1729-926d-4462-b949-57f991e08673,https://www.protennis.fr/59785-chaussures-de-tennis-babolat-propulse-3-enfant-noir-jaune.html,active,true,,2026-09-22T18:20:07.554Z,2026-09-25T04:01:43.807Z,e6014fd2-42e2-489a-9ddd-29cbca8d43ac,Noir Jaune
0f9e7b96-4780-4dc8-9e34-4c9e1da77b83,Grip de raquette de tennis WILSON SUBLIME GRIP,Wilson,accessoires,https://www.protennis.fr/8466-marketing_default/wilson-sublime-grip.jpg,9.50,6.65,30,9bcb1729-926d-4462-b949-57f991e08673,https://www.protennis.fr/34192-wilson-sublime-grip.html,active,true,,2026-09-22T18:20:35.023Z,2026-09-25T04:01:52.638Z,da16abc0-705c-4c68-a757-4ff2bca6239b,
0fa24e8c-9cde-4342-b9cc-c9e43098e3d7,Chaussures de tennis Asics Game FF Femme Blanc rose,Asics,chaussures,https://www.protennis.fr/44759-marketing_default/chaussures-de-tennis-asics-game-ff-femme-blanc-rose.jpg,90.00,54.00,40,9bcb1729-926d-4462-b949-57f991e08673,https://www.protennis.fr/59391-chaussures-de-tennis-asics-game-ff-femme-blanc-rose.html,active,true,,2026-09-22T18:20:09.039Z,2026-09-25T04:01:44.270Z,41342bb2-8802-45ad-bff5-2d64631b9f92,Blanc Rose
0fc4a670-3b75-45d0-9518-123d52d3f20e,Raquette de tennis Head Boom Jr 25 2026,Head,raquettes,https://www.protennis.fr/46986-marketing_default/raquette-de-tennis-head-boom-jr-25-2026.jpg,130.00,91.00,30,9bcb1729-926d-4462-b949-57f991e08673,https://www.protennis.fr/59681-raquette-de-tennis-head-boom-jr-25-2026.html,active,true,,2026-09-22T18:19:50.249Z,2026-09-25T04:01:38.469Z,c076efd9-87f5-47d7-84b1-f852c82b180d,
0fc9bf16-ae0b-45f9-beb3-31fb496aa7c2,Cordage de tennis Tecnifibre Razor Soft 125 Carbon Bobine 200m,Tecnifibre,cordages,https://www.protennis.fr/34437-marketing_default/cordage-de-tennis-tecnifibre-razor-soft-125-carbon-bobine-200-m.jpg,200.00,140.00,30,9bcb1729-926d-4462-b949-57f991e08673,https://www.protennis.fr/58150-cordage-de-tennis-tecnifibre-razor-soft-125-carbon-bobine-200-m.html,active,true,,2026-09-22T18:19:59.629Z,2026-09-25T04:01:41.350Z,dae2cd74-d30a-4563-89de-54f00e9cfda8,
1010b7a7-b77d-4cdf-a9a5-39e06deb6688,T-Shirt de tennis Adidas Climacool FreeLift Pro Homme Blanc,Adidas,textile,https://www.protennis.fr/45732-marketing_default/t-shirt-de-tennis-adidas-climacool-freelift-pro-homme-blanc.jpg,65.00,39.00,40,9bcb1729-926d-4462-b949-57f991e08673,https://www.protennis.fr/59555-t-shirt-de-tennis-adidas-climacool-freelift-pro-homme-blanc.html,active,true,,2026-09-22T18:20:19.023Z,2026-09-25T04:01:47.454Z,2e543714-1afa-42e3-b77a-e965a2a42c67,Blanc
1032f600-add7-4ae1-ba24-2ac7762060b3,Sweat de tennis Nike Court Collection Femme Bleu marine,Nike,textile,https://www.protennis.fr/46084-marketing_default/sweat-femme-nike-court-collection-bleu-marine-.jpg,80.00,48.00,40,9bcb1729-926d-4462-b949-57f991e08673,https://www.protennis.fr/59589-sweat-femme-nike-court-collection-bleu-marine-.html,active,true,,2026-09-22T18:20:28.857Z,2026-09-25T04:01:50.797Z,bc65fce2-fa3b-4984-8d6a-71549dd5e61e,Bleu Marine
104e386b-71ff-459a-a4d2-b940622c0bf9,Visière de tennis femme Nike Advantage Ace Visière Blanc,Nike,textile,https://www.protennis.fr/27297-marketing_default/nike-advantage-ace-visiere-blanc-2023.jpg,25.00,15.00,40,9bcb1729-926d-4462-b949-57f991e08673,https://www.protennis.fr/57069-nike-advantage-ace-visiere-blanc-2023.html,active,true,,2026-09-22T18:20:28.600Z,2026-09-25T04:01:50.718Z,f914380e-fb15-4527-b8bc-c5a3ab97e869,Blanc
10b0abe5-e94a-48dd-b5ff-d4818192e52e,Sac à dos de tennis Babolat Pure Drive Gen11,Babolat,accessoires,https://www.protennis.fr/36315-marketing_default/sac-a-dos-babolat-pure-drive-gen11.jpg,89.95,59.00,34,9bcb1729-926d-4462-b949-57f991e08673,https://www.protennis.fr/58387-sac-a-dos-babolat-pure-drive-gen11.html,active,true,,2026-09-22T18:20:42.933Z,2026-09-25T04:01:55.009Z,4ea6250e-3806-4d34-bb8a-d59bb3b96215,
10d4072d-2c58-45d9-baa8-c0c2a5f0ae27,Jupe de tennis Femme Nike Victory Heritage Lavande,Nike,textile,https://www.protennis.fr/39704-marketing_default/jupe-femme-nike-victory-heritage-lavande.jpg,55.00,33.00,40,9bcb1729-926d-4462-b949-57f991e08673,https://www.protennis.fr/58748-jupe-femme-nike-victory-heritage-lavande.html,active,true,,2026-09-22T18:20:31.650Z,2026-09-25T04:01:51.582Z,f93b16be-ba42-4cdc-aee5-0b8f92b92799,
111eda00-c1e3-44ca-8593-dedc82ce0e3f,Jupe de tennis enfant Nike Victory Flouncy Jupe Enfant Marine Automne 2024,Nike,textile,https://www.protennis.fr/33677-marketing_default/jupe-de-tennis-enfant-nike-victory-flouncy-jupe-enfant-marine-automne-2024.jpg,35.00,17.50,50,9bcb1729-926d-4462-b949-57f991e08673,https://www.protennis.fr/58024-jupe-de-tennis-enfant-nike-victory-flouncy-jupe-enfant-marine-automne-2024.html,active,true,,2026-09-22T18:20:32.438Z,2026-09-25T04:01:51.839Z,75d3c080-f730-406d-a7e8-793fb26876ee,Marine
1130f8b8-8711-4652-8838-c411586532e9,Raquette de tennis Wilson Ultra 100 V5,Wilson,raquettes,https://www.protennis.fr/40902-marketing_default/raquette-de-tennis-wilson-ultra-100-v5.jpg,239.99,167.99,30,9bcb1729-926d-4462-b949-57f991e08673,https://www.protennis.fr/58969-raquette-de-tennis-wilson-ultra-100-v5.html,active,true,,2026-09-22T18:19:56.913Z,2026-09-25T04:01:40.544Z,426bab8b-4756-4826-bfdb-164b048f77d4,
11429845-ac6d-4781-bb7c-9caa6d438cc7,Gourde de tennis Waterdrop officielle Player ATP26 Blue 1L,Waterdrop,accessoires,https://www.protennis.fr/50210-marketing_default/gourde-de-tennis-waterdrop-officielle-player-atp26-blue-1l.jpg,45.00,40.50,10,9bcb1729-926d-4462-b949-57f991e08673,https://www.protennis.fr/59455-gourde-de-tennis-waterdrop-officielle-player-atp26-blue-1l.html,active,true,,2026-09-22T18:20:33.666Z,2026-09-25T04:01:52.245Z,615a85ab-7a98-49f9-8b74-f823f8b13aaf,Bleu
114b5de9-b393-4919-a52f-95e671f4d7ad,Sac de tennis 6 Raquettes Wilson Clash V3 Super Tour 2025,Wilson,accessoires,https://www.protennis.fr/36046-marketing_default/sac-de-tennis-6-raquettes-wilson-clash-v3-super-tour-2025.jpg,110.00,77.00,30,9bcb1729-926d-4462-b949-57f991e08673,https://www.protennis.fr/58364-sac-de-tennis-6-raquettes-wilson-clash-v3-super-tour-2025.html,active,true,,2026-09-22T18:20:40.527Z,2026-09-25T04:01:54.359Z,74b940a0-6714-4a70-81c3-5455c3516802,
11777552-c062-4b26-bcf9-202f48c185b7,Raquette de tennis Boom Team Alternate 2026,Head,raquettes,https://www.protennis.fr/47159-marketing_default/raquette-de-tennis-boom-team-alternate-2026.jpg,210.00,147.00,30,9bcb1729-926d-4462-b949-57f991e08673,https://www.protennis.fr/59688-raquette-de-tennis-boom-team-alternate-2026.html,active,true,,2026-09-22T18:19:50.044Z,2026-09-25T04:01:38.413Z,6723b49e-175b-4b3d-8d82-823c191125f0,
11a209fa-756d-405a-a2b4-c823c4c482b7,T-shirt de tennis Nike Court Heritage Coton Homme Rouge clair,Nike,textile,https://www.protennis.fr/47657-marketing_default/t-shirt-de-tennis-nike-court-heritage-coton-homme-rouge-clair.jpg,34.99,20.99,40,9bcb1729-926d-4462-b949-57f991e08673,https://www.protennis.fr/59769-t-shirt-de-tennis-nike-court-heritage-coton-homme-rouge-clair.html,active,true,,2026-09-22T18:20:27.752Z,2026-09-25T04:01:50.454Z,e673d32a-ae4a-47a3-b466-a56f3b5d52bd,Rouge
11b1c2f1-d126-41ef-98be-150d96561f83,Chaussures de tennis Babolat Jet Tere Femme Vert d'eau AH23,Babolat,chaussures,https://www.protennis.fr/28800-marketing_default/babolat-jet-tere-femme-vert-d-eau-ah23.jpg,110.00,54.95,50,9bcb1729-926d-4462-b949-57f991e08673,https://www.protennis.fr/57297-babolat-jet-tere-femme-vert-d-eau-ah23.html,active,true,,2026-09-22T18:20:12.298Z,2026-09-25T04:01:45.209Z,afa4d4d0-5f3d-494c-9b69-0cbcc1966298,Vert
11b63092-ed54-488f-8949-e80fa979b437,Lacoste T-shirt Logo Crocodile Homme AH23,Lacoste,textile,https://www.protennis.fr/38439-marketing_default/lacoste-t-shirt-logo-crocodile-homme-ah22.jpg,65.00,32.50,50,9bcb1729-926d-4462-b949-57f991e08673,https://www.protennis.fr/56445-lacoste-t-shirt-logo-crocodile-homme-ah22.html,active,true,,2026-09-22T18:20:25.577Z,2026-09-25T04:01:49.794Z,36553b90-01c6-44de-8e31-767e4d1f5eb2,
11cdb8a9-3986-45eb-a30c-3675680a925f,Pantalon de tennis Nike Fleece Heritage Homme Kaki clair,Nike,textile,https://www.protennis.fr/43074-marketing_default/pantalon-homme-nike-fleece-heritage-kaki-clair.jpg,85.00,51.00,40,9bcb1729-926d-4462-b949-57f991e08673,https://www.protennis.fr/59234-pantalon-homme-nike-fleece-heritage-kaki-clair.html,active,true,,2026-09-22T18:20:29.570Z,2026-09-25T04:01:50.977Z,eb3b0a00-e4e4-4bb4-a116-8b0391f415de,Kaki
12067b08-1822-4b18-ac4e-2699e593d0cc,Cordage de tennis CORDAGE HEAD HAWK GRIS 130 BOBINE 200m,Head,cordages,https://www.protennis.fr/3518-marketing_default/cordage-head-hawk-gris-130-bobine-200m.jpg,200.00,119.00,41,9bcb1729-926d-4462-b949-57f991e08673,https://www.protennis.fr/42513-cordage-head-hawk-gris-130-bobine-200m.html,active,true,,2026-09-22T18:20:01.948Z,2026-09-25T04:01:42.136Z,eb4d34e5-b28e-4567-af5a-dc7b16072a44,Gris
1216af54-6290-4fa0-b7ac-4fb01817254b,Raquette de tennis Prince O3 Legacy 105 2024,Prince,raquettes,https://www.protennis.fr/32510-marketing_default/prince-o3-legacy-105-2024.jpg,250.00,175.00,30,9bcb1729-926d-4462-b949-57f991e08673,https://www.protennis.fr/57846-prince-o3-legacy-105-2024.html,active,true,,2026-09-22T18:19:53.219Z,2026-09-25T04:01:39.417Z,16461147-8714-435d-920e-62e43b5c44a8,
128b9665-f004-4129-9a72-98e006b3e375,Raquette de tennis Wilson Pro Staff 97 L Classic,Wilson,raquettes,https://www.protennis.fr/46844-marketing_default/raquette-de-tennis-wilson-pro-staff-97-l-classic.jpg,240.00,168.00,30,9bcb1729-926d-4462-b949-57f991e08673,https://www.protennis.fr/59678-raquette-de-tennis-wilson-pro-staff-97-l-classic.html,active,true,,2026-09-22T18:19:57.928Z,2026-09-25T04:01:40.912Z,e1bac98c-96db-4291-b565-01ff67d89a3d,
12ed2d60-4a6a-4fed-8c3d-6353beda080d,Chaussures de tennis Wilson Intrigue Pro Femme Blanc Bleu Jaune,Wilson,chaussures,https://www.protennis.fr/43264-marketing_default/chaussures-de-tennis-wilson-intrigue-pro-femme-blanc-bleu-jaune.jpg,130.00,78.00,40,9bcb1729-926d-4462-b949-57f991e08673,https://www.protennis.fr/59248-chaussures-de-tennis-wilson-intrigue-pro-femme-blanc-bleu-jaune.html,active,true,,2026-09-22T18:20:09.400Z,2026-09-25T04:01:44.384Z,136fd366-675b-4f94-8ceb-45040635c04f,Blanc Bleu Jaune
12f5e67d-1ddd-44eb-8b12-a42588bcfdd9,Chaussures de tennis Yonex Power Cushion Eclipsion 5 Homme Blue,Yonex,chaussures,https://www.protennis.fr/47922-marketing_default/chaussures-de-tennis-yonex-power-cushion-eclipsion-5-homme-blue.jpg,189.00,132.30,30,9bcb1729-926d-4462-b949-57f991e08673,https://www.protennis.fr/59802-chaussures-de-tennis-yonex-power-cushion-eclipsion-5-homme-blue.html,active,true,,2026-09-22T18:20:07.375Z,2026-09-25T04:01:43.748Z,19fb2590-216a-40af-bf4e-d6e398af1387,Bleu
130ebddf-6855-49c6-855d-f0b657b6c17e,Jupe de tennis Nike Court Slam Femme white,Nike,textile,https://www.protennis.fr/50576-marketing_default/jupe-de-tennis-nike-court-slam-femme-white.jpg,84.99,59.49,30,9bcb1729-926d-4462-b949-57f991e08673,https://www.protennis.fr/60046-jupe-de-tennis-nike-court-slam-femme-white.html,active,true,,2026-09-22T18:20:27.035Z,2026-09-25T04:01:50.242Z,3c0d2c34-3669-4500-a396-ab743afa4dab,Blanc
13817881-cdc5-42e4-bd85-b46a63ac705d,T-shirt de tennis Lacoste Balles Enfant Blanc,Lacoste,textile,https://www.protennis.fr/48796-marketing_default/t-shirt-de-tennis-lacoste-balles-enfant-blanc.jpg,45.00,27.00,40,9bcb1729-926d-4462-b949-57f991e08673,https://www.protennis.fr/59848-t-shirt-de-tennis-lacoste-balles-enfant-blanc.html,active,true,,2026-09-22T18:20:23.782Z,2026-09-25T04:01:49.230Z,f37ae439-3ced-4265-880a-fa8a42b8a38d,Blanc
13cf5336-3302-465e-a877-b9b87efc7258,Raquette de tennis Tecnifibre Fire 285,Tecnifibre,raquettes,https://www.protennis.fr/47119-marketing_default/raquette-de-tennis-tecnifibre-fire-285.jpg,230.00,161.00,30,9bcb1729-926d-4462-b949-57f991e08673,https://www.protennis.fr/59712-raquette-de-tennis-tecnifibre-fire-285.html,active,true,,2026-09-22T18:19:54.372Z,2026-09-25T04:01:39.766Z,23b86ffa-9312-4c88-abc6-11a5973e19e2,
13ebe7f3-22f9-4655-b961-8c1a280598d0,Raquette de tennis Head Gravity Tour 2025,Head,raquettes,https://www.protennis.fr/36196-marketing_default/raquette-de-tennis-head-gravity-tour-2025.jpg,280.00,196.00,30,9bcb1729-926d-4462-b949-57f991e08673,https://www.protennis.fr/58382-raquette-de-tennis-head-gravity-tour-2025.html,active,true,,2026-09-22T18:19:50.811Z,2026-09-25T04:01:38.659Z,56bc7e7e-bcd4-4cef-ac9e-81f00b17b442,
141ad519-b0bc-4860-9b6b-3d92be03ced9,Short de tennis Nike Pro Fleece Enfant Rose,Nike,textile,https://www.protennis.fr/47467-marketing_default/short-enfant-nike-pro-fleece-rose.jpg,37.99,22.79,40,9bcb1729-926d-4462-b949-57f991e08673,https://www.protennis.fr/59744-short-enfant-nike-pro-fleece-rose.html,active,true,,2026-09-22T18:20:28.137Z,2026-09-25T04:01:50.576Z,1877db3a-198d-41e1-934a-d024ec3011a6,Rose
14237e59-b828-4d8f-b468-9f1d0bb2a3d1,Raquette de tennis Junior Prince Beast 26,Prince,raquettes,https://www.protennis.fr/39184-marketing_default/raquette-de-tennis-junior-prince-beast-26.jpg,109.00,92.65,15,9bcb1729-926d-4462-b949-57f991e08673,https://www.protennis.fr/58771-raquette-de-tennis-junior-prince-beast-26.html,active,true,,2026-09-22T18:19:53.268Z,2026-09-25T04:01:39.440Z,ef8f117b-98b9-4f87-8169-9ca0b5bb5808,
144fc8a8-f8b1-4d62-b3cd-a2048f70b5dd,Chaussures de tennis Adidas Solematch Control 2 Homme Blanc orange,Adidas,chaussures,https://www.protennis.fr/45815-marketing_default/chaussures-de-tennis-adidas-solematch-control-2-homme-blanc-orange.jpg,130.00,78.00,40,9bcb1729-926d-4462-b949-57f991e08673,https://www.protennis.fr/59562-chaussures-de-tennis-adidas-solematch-control-2-homme-blanc-orange.html,active,true,,2026-09-22T18:20:08.067Z,2026-09-25T04:01:43.974Z,02be4014-3a38-40e1-ab9b-5ab55994108b,Blanc Orange
145ee3fd-9d24-4853-aa31-2f9b8a4b7bfc,Short de tennis Nike Roland Garros Homme Beige,Nike,textile,https://www.protennis.fr/40278-marketing_default/short-nike-roland-garros-homme-beige.jpg,75.00,45.00,40,9bcb1729-926d-4462-b949-57f991e08673,https://www.protennis.fr/58783-short-nike-roland-garros-homme-beige.html,active,true,,2026-09-22T18:20:31.675Z,2026-09-25T04:01:51.593Z,57f2ed9d-7b0c-4a0d-b9e5-9b493804febc,Beige
1474814f-b37b-4361-9871-f47b6d65b757,Raquette de tennis Head Boom MP 2024,Head,raquettes,https://www.protennis.fr/30394-marketing_default/head-boom-mp-2024.jpg,260.00,182.00,30,9bcb1729-926d-4462-b949-57f991e08673,https://www.protennis.fr/57475-head-boom-mp-2024.html,active,true,,2026-09-22T18:19:50.454Z,2026-09-25T04:01:38.536Z,f0e0a606-e2a6-4097-b876-15ea857b35f6,
14c74583-5ad4-4553-bb96-eae25b68a72e,Sweat 1/2 Zip Enfant Nike Noir,Nike,textile,https://www.protennis.fr/41355-marketing_default/sweat-12-zip-enfant-nike-noir.jpg,48.00,28.80,40,9bcb1729-926d-4462-b949-57f991e08673,https://www.protennis.fr/58996-sweat-12-zip-enfant-nike-noir.html,active,true,,2026-09-22T18:20:30.827Z,2026-09-25T04:01:51.351Z,3c6fc389-4096-449d-9b41-147563c9d15b,Noir
14cb7082-4d0d-43aa-a6b7-1d4c06d8c29a,Chaussures de tennis Nike Zoom Vapor 3 Homme Light Silver,Nike,chaussures,https://www.protennis.fr/47783-marketing_default/chaussures-de-tennis-nike-zoom-vapor-3-homme-light-silver.jpg,129.99,77.99,40,9bcb1729-926d-4462-b949-57f991e08673,https://www.protennis.fr/59790-chaussures-de-tennis-nike-zoom-vapor-3-homme-light-silver.html,active,true,,2026-09-22T18:20:12.586Z,2026-09-25T04:01:45.288Z,e2eda205-c533-4444-be7b-dca0bbf85e96,Argent
14d377b6-e244-44c1-964d-9b133780e9f7,Chaussures de tennis Asics Gel Resolution X Homme Noir,Asics,chaussures,https://www.protennis.fr/40780-marketing_default/chaussures-de-tennis-asics-gel-resolution-x-homme-noir.jpg,160.00,96.00,40,9bcb1729-926d-4462-b949-57f991e08673,https://www.protennis.fr/58947-chaussures-de-tennis-asics-gel-resolution-x-homme-noir.html,active,true,,2026-09-22T18:20:14.785Z,2026-09-25T04:01:45.912Z,fc1d4550-df6a-4f69-9649-4b54f81c3c26,Noir
14d4be51-403a-4a6f-a74b-fb9f0206dcaa,Raquette de tennis Yonex Ezone 98 Espresso 2026,Yonex,raquettes,https://www.protennis.fr/50774-marketing_default/raquette-de-tennis-yonex-ezone-98-espresso-2026.jpg,299.00,239.20,20,9bcb1729-926d-4462-b949-57f991e08673,https://www.protennis.fr/60059-raquette-de-tennis-yonex-ezone-98-espresso-2026.html,active,true,,2026-09-22T18:19:58.235Z,2026-09-25T04:01:40.991Z,4211e00a-d82a-43c6-bba0-2db66181f40d,
15327b05-8b66-4a18-b063-fba7da9acf56,Tecnifibre NRG2 132 Garniture,Tecnifibre,cordages,https://www.protennis.fr/10282-marketing_default/tecnifibre-nrg2-132-garniture.jpg,25.00,18.75,25,9bcb1729-926d-4462-b949-57f991e08673,https://www.protennis.fr/53726-tecnifibre-nrg2-132-garniture.html,active,true,,2026-09-22T18:20:00.948Z,2026-09-25T04:01:41.847Z,29546fe0-adfc-4ab1-bb27-9739f7339a3c,
15668201-5eb5-4bbf-b46f-e8ca2ae075c5,Chaussures Adidas Defiant Speed 2 Homme Blanc Orange,Adidas,chaussures,https://www.protennis.fr/45710-marketing_default/chaussures-adidas-defiant-speed-2-homme-blanc-orange.jpg,120.00,69.00,43,9bcb1729-926d-4462-b949-57f991e08673,https://www.protennis.fr/59552-chaussures-adidas-defiant-speed-2-homme-blanc-orange.html,active,true,,2026-09-22T18:20:08.193Z,2026-09-25T04:01:44.019Z,1203927c-526a-44c8-9ff0-fa56b7d96db0,Blanc Orange
15b1dee4-791c-420f-9ab5-9e36ca63ee0b,Chaussures de tennis Nike Zoom GP Challenge Pro Homme Noir Volt,Nike,chaussures,https://www.protennis.fr/46198-marketing_default/chaussures-de-tennis-nike-zoom-gp-challenge-pro-homme-noir-volt.jpg,100.00,60.00,40,9bcb1729-926d-4462-b949-57f991e08673,https://www.protennis.fr/59599-chaussures-de-tennis-nike-zoom-gp-challenge-pro-homme-noir-volt.html,active,true,,2026-09-22T18:20:07.862Z,2026-09-25T04:01:43.908Z,466847f5-6905-4f09-9d7e-1a1a704eec0c,Noir
15f2cad6-a3d6-4696-adbc-0e84792e8682,T-shirt Manches longues Homme Adidas Pro Trefle Blanc,Adidas,textile,https://www.protennis.fr/42423-marketing_default/t-shirt-manches-longues-homme-adidas-pro-trefle-blanc.jpg,75.00,45.00,40,9bcb1729-926d-4462-b949-57f991e08673,https://www.protennis.fr/59149-t-shirt-manches-longues-homme-adidas-pro-trefle-blanc.html,active,true,,2026-09-22T18:20:19.336Z,2026-09-25T04:01:47.552Z,6efde89a-6973-43cd-a775-a66b929bce89,Blanc
16e55b47-5fef-41f0-b588-618e28bd42af,Short de tennis Adidas CLUB SW Homme Blanc,Adidas,textile,https://www.protennis.fr/45541-marketing_default/short-de-tennis-adidas-club-sw-homme-blanc.jpg,40.00,32.00,20,9bcb1729-926d-4462-b949-57f991e08673,https://www.protennis.fr/59537-short-de-tennis-adidas-club-sw-homme-blanc.html,active,true,,2026-09-22T18:20:18.254Z,2026-09-25T04:01:47.195Z,05f68b90-1d69-4a46-a08d-86c272b34539,Blanc
16e8b204-2950-43e3-a1ca-81181478b28d,"Gourde de tennis Waterdrop Thermo Exploreur OA26 1,1L",Waterdrop,accessoires,https://www.protennis.fr/44768-marketing_default/gourde-de-tennis-waterdrop-thermo-exploreur-oa26-11l.jpg,48.00,43.20,10,9bcb1729-926d-4462-b949-57f991e08673,https://www.protennis.fr/59450-gourde-de-tennis-waterdrop-thermo-exploreur-oa26-11l.html,active,true,,2026-09-22T18:20:33.694Z,2026-09-25T04:01:52.256Z,72ee1f63-b191-4acf-9408-3642c7a1c389,
1716c9b0-5e49-49e7-af87-91979d55ed6f,Raquettes de tennis Prince by Hydrogen Skull 275g 2024,Hydrogen,raquettes,https://www.protennis.fr/32980-marketing_default/raquettes-de-tennis-prince-by-hydrogen-skull-275g-2024.jpg,230.00,139.00,40,9bcb1729-926d-4462-b949-57f991e08673,https://www.protennis.fr/57861-raquettes-de-tennis-prince-by-hydrogen-skull-275g-2024.html,active,true,,2026-09-22T18:19:52.858Z,2026-09-25T04:01:39.302Z,e323a62c-1221-43bb-81b3-d1dfea58637b,
171a4ad3-d2a6-4d0e-a810-f7c103132b4a,Chaussures de tennis Yonex Eclipsion 5 Homme Bleu marine Jaune,Yonex,chaussures,https://www.protennis.fr/38335-marketing_default/chaussures-de-tennis-yonex-eclipsion-5-homme-bleu-marine-jaune.jpg,189.90,113.94,40,9bcb1729-926d-4462-b949-57f991e08673,https://www.protennis.fr/58639-chaussures-de-tennis-yonex-eclipsion-5-homme-bleu-marine-jaune.html,active,true,,2026-09-22T18:20:16.187Z,2026-09-25T04:01:46.293Z,52a94c03-0420-4c81-9cb6-611ec409c079,Bleu Marine Jaune
172641db-f80a-4dff-a344-e3ceafd6aa97,Chaussures de tennis Babolat Jet Mach 3 Femme Corail Multicolore AH24,Babolat,chaussures,https://www.protennis.fr/31206-marketing_default/babolat-jet-mach-3-femme-corail-multicolore-pe24.jpg,155.00,77.50,50,9bcb1729-926d-4462-b949-57f991e08673,https://www.protennis.fr/57704-babolat-jet-mach-3-femme-corail-multicolore-pe24.html,active,true,,2026-09-22T18:20:17.310Z,2026-09-25T04:01:46.586Z,1de1c814-64ff-4308-b6e4-21f062f77a99,Corail Multicolore
1726a6c2-5b95-48c1-8633-702ff06cb6dc,Debardeur de tennis Nike Sportswear Enfant Corail,Nike,textile,https://www.protennis.fr/47479-marketing_default/debardeur-enfant-nike-sportswear-corail.jpg,32.99,19.79,40,9bcb1729-926d-4462-b949-57f991e08673,https://www.protennis.fr/59749-debardeur-enfant-nike-sportswear-corail.html,active,true,,2026-09-22T18:20:28.037Z,2026-09-25T04:01:50.543Z,e81896b8-191c-48e4-b318-ea5d25c40bac,Corail
175548d7-efcf-4a6c-9194-500bed1f6ec4,Raquette de tennis Head Extreme Junior 2026,Head,raquettes,https://www.protennis.fr/50015-marketing_default/raquette-de-tennis-head-extreme-junior-2026.jpg,120.00,108.00,10,9bcb1729-926d-4462-b949-57f991e08673,https://www.protennis.fr/59987-raquette-de-tennis-head-extreme-junior-2026.html,active,true,,2026-09-22T18:19:52.501Z,2026-09-25T04:01:39.178Z,22589d3c-5c7e-425d-851b-25989b903217,
17af9059-7914-49fe-8c47-af5277fbb696,Chaussures de tennis Adidas Game Court 3 Homme White And Black,Adidas,chaussures,https://www.protennis.fr/49909-marketing_default/chaussures-de-tennis-adidas-game-court-3-homme-white-and-black.jpg,75.00,60.00,20,9bcb1729-926d-4462-b949-57f991e08673,https://www.protennis.fr/59978-chaussures-de-tennis-adidas-game-court-3-homme-white-and-black.html,active,true,,2026-09-22T18:20:06.020Z,2026-09-25T04:01:43.362Z,cb2351da-0376-4668-9e33-27e494945347,Blanc Noir
17cf2057-1560-4d3c-94e8-a8b793fb4cf3,Chaussures de tennis Asics Solution Speed FF 4 Terre Battue Femme Night Energy,Asics,chaussures,https://www.protennis.fr/50428-marketing_default/chaussures-asics-solution-speed-ff-4-terre-battue-femme-night-energy.jpg,160.00,128.00,20,9bcb1729-926d-4462-b949-57f991e08673,https://www.protennis.fr/60032-chaussures-asics-solution-speed-ff-4-terre-battue-femme-night-energy.html,active,true,,2026-09-22T18:20:05.224Z,2026-09-25T04:01:43.108Z,cd0f3056-f7af-48d9-b54f-2850f0832327,
18366be5-fa39-4f0d-8ab5-5cdc753b620a,Sac de tennis 3 Raquettes Head Tour Racquet Bag S Orange,Head,accessoires,https://www.protennis.fr/45535-marketing_default/sac-de-tennis-3-raquettes-head-tour-racquet-bag-s-orange.jpg,80.00,56.00,30,9bcb1729-926d-4462-b949-57f991e08673,https://www.protennis.fr/59509-sac-de-tennis-3-raquettes-head-tour-racquet-bag-s-orange.html,active,true,,2026-09-22T18:20:39.125Z,2026-09-25T04:01:53.908Z,d046ebc8-4bb0-469e-bd17-5b4265828c6e,Orange
18a7211f-bf9f-4eec-9757-decb782950d9,Raquette de tennis Head Speed MP L 2026,Head,raquettes,https://www.protennis.fr/45144-marketing_default/raquette-de-tennis-head-speed-mp-l-2026.jpg,250.00,175.00,30,9bcb1729-926d-4462-b949-57f991e08673,https://www.protennis.fr/59476-raquette-de-tennis-head-speed-mp-l-2026.html,active,true,,2026-09-22T18:19:51.297Z,2026-09-25T04:01:38.819Z,83fe4388-ed0e-448a-9f52-223d85fd0207,
18c3fd26-915c-4664-b28e-ed57623302cf,Chaussures de tennis Asics Challenger 15 Homme Blanc Sakura,Asics,chaussures,https://www.protennis.fr/44798-marketing_default/chaussures-de-tennis-asics-challenger-15-homme-blanc-sakura.jpg,120.00,72.00,40,9bcb1729-926d-4462-b949-57f991e08673,https://www.protennis.fr/59418-chaussures-de-tennis-asics-challenger-15-homme-blanc-sakura.html,active,true,,2026-09-22T18:20:08.681Z,2026-09-25T04:01:44.155Z,03f50346-73f8-4f2c-8d90-8019c624b4c3,Blanc
19021d0c-ae0c-47ed-9472-4b628584fd10,Raquette de tennis Head Extreme MP 2026,Head,raquettes,https://www.protennis.fr/49995-marketing_default/raquette-de-tennis-head-extreme-mp-2026.jpg,260.00,234.00,10,9bcb1729-926d-4462-b949-57f991e08673,https://www.protennis.fr/59983-raquette-de-tennis-head-extreme-mp-2026.html,active,true,,2026-09-22T18:19:52.604Z,2026-09-25T04:01:39.211Z,80f98195-9a3c-4b13-b0af-d56edaae1825,
192a764f-ff91-4fbe-9fcb-aad5a384a1f6,Raquette de tennis Babolat Pure Aero Team 2023,Babolat,raquettes,https://www.protennis.fr/22437-marketing_default/babolat-pure-aero-team-2023.jpg,260.00,156.00,40,9bcb1729-926d-4462-b949-57f991e08673,https://www.protennis.fr/56310-babolat-pure-aero-team-2023.html,active,true,,2026-09-22T18:19:48.661Z,2026-09-25T04:01:37.981Z,d6740bea-78a3-49a0-9cae-159d6e75df27,
19a9d5c4-6e76-4258-b062-cb01e33938cd,Chaussures de tennis Asics Court FF 3 Novak Homme Blanc Rouge fluo,Asics,chaussures,https://www.protennis.fr/39525-marketing_default/chaussures-de-tennis-asics-court-ff-3-novak-homme-blanc-rouge-fluo.jpg,190.00,133.00,30,9bcb1729-926d-4462-b949-57f991e08673,https://www.protennis.fr/58826-chaussures-de-tennis-asics-court-ff-3-novak-homme-blanc-rouge-fluo.html,active,true,,2026-09-22T18:20:15.771Z,2026-09-25T04:01:46.159Z,1a8b2dd0-5fc8-4df0-b13d-9e1807a3dc25,Blanc Rouge
19b1c772-137a-4c5e-a798-af330209b18a,Raquette de tennis Prince TwistPower X 105 270g Left,Prince,raquettes,https://www.protennis.fr/18523-marketing_default/prince-twistpower-x-105-270g.jpg,250.00,150.00,40,9bcb1729-926d-4462-b949-57f991e08673,https://www.protennis.fr/55184-prince-twistpower-x-105-270g.html,active,true,,2026-09-22T18:19:54.062Z,2026-09-25T04:01:39.688Z,2a04fd58-31b9-4789-8347-348c77787e3c,
19d2500f-5baf-4152-b9ae-bd03c7626e75,Cordage de tennis HEAD LYNX JAUNE 125 BOBINE 200m,Head,cordages,https://www.protennis.fr/4521-marketing_default/head-lynx-jaune-125-bobine-200m.jpg,150.00,99.00,34,9bcb1729-926d-4462-b949-57f991e08673,https://www.protennis.fr/36511-head-lynx-jaune-125-bobine-200m.html,active,true,,2026-09-22T18:20:02.056Z,2026-09-25T04:01:42.168Z,e4e2dc41-4bfd-442f-954d-1e4de93b1367,Jaune
1a02d372-b994-4951-ad8a-26bd318a5f03,Chaussures de tennis Wilson Rush Lite 5 Homme Black White Safe,Wilson,chaussures,https://www.protennis.fr/48569-marketing_default/chaussures-de-tennis-wilson-rush-lite-5-homme-black-white-safe.jpg,130.00,78.00,40,9bcb1729-926d-4462-b949-57f991e08673,https://www.protennis.fr/59808-chaussures-de-tennis-wilson-rush-lite-5-homme-black-white-safe.html,active,true,,2026-09-22T18:20:07.044Z,2026-09-25T04:01:43.689Z,17831b15-418b-46ff-8dd3-e0f73c36e203,Noir Blanc
1a217791-128c-4034-bc14-750a3103d529,Short de tennis Lacoste Ultra Dry Homme Blanc,Lacoste,textile,https://www.protennis.fr/48463-marketing_default/short-lacoste-ultra-dry-homme-blanc-pe24.jpg,75.00,45.00,40,9bcb1729-926d-4462-b949-57f991e08673,https://www.protennis.fr/58227-short-lacoste-ultra-dry-homme-blanc-pe24.html,active,true,,2026-09-22T18:20:24.041Z,2026-09-25T04:01:49.309Z,aae6f53f-f670-4fdf-afa1-27a63ea54d3c,Blanc
1a3618c7-f362-4ac4-bb99-f55a5ed4743e,Sac de tennis 15 Raquettes Wilson Super Tour Rouge 2025,Wilson,accessoires,https://www.protennis.fr/39544-marketing_default/sac-de-tennis-15-raquettes-wilson-super-tour-rouge-2025.jpg,150.00,105.00,30,9bcb1729-926d-4462-b949-57f991e08673,https://www.protennis.fr/58831-sac-de-tennis-15-raquettes-wilson-super-tour-rouge-2025.html,active,true,,2026-09-22T18:20:42.629Z,2026-09-25T04:01:54.908Z,94b7c75b-a2f7-4782-a2d7-d1daacc2badc,Rouge
1a46d328-7b88-4785-bfd1-77d77d950152,Balles de tennis Carton Tecnifibre X One 36 Tubes de 3 balles,Tecnifibre,accessoires,https://www.protennis.fr/39584-marketing_default/carton-tecnifibre-x-one-36-tubes-de-3-balles.jpg,270.00,244.80,9,9bcb1729-926d-4462-b949-57f991e08673,https://www.protennis.fr/56125-carton-tecnifibre-x-one-36-tubes-de-3-balles.html,active,true,,2026-09-22T18:20:37.479Z,2026-09-25T04:01:53.417Z,49734806-0855-4415-88d2-fe6251043e90,
1a8bd80b-e0da-4ec9-a0cb-43ddef7eecb7,Raquette de tennis Babolat Boost Aero pink,Babolat,raquettes,https://www.protennis.fr/46523-marketing_default/raquette-de-tennis-babolat-boost-aero-pink.jpg,110.00,77.00,30,9bcb1729-926d-4462-b949-57f991e08673,https://www.protennis.fr/59625-raquette-de-tennis-babolat-boost-aero-pink.html,active,true,,2026-09-22T18:19:47.509Z,2026-09-25T04:01:37.551Z,3ff71284-fb7a-4af5-894e-a7fa38d49fd2,Rose
1a9d3f72-3cdd-4a44-85f2-9d55ace2a30e,Sweat de tennis Nike Heritage II Femme Rouille,Nike,textile,https://www.protennis.fr/41394-marketing_default/sweat-femme-nike-heritage-ii-rouille.jpg,80.00,48.00,40,9bcb1729-926d-4462-b949-57f991e08673,https://www.protennis.fr/59016-sweat-femme-nike-heritage-ii-rouille.html,active,true,,2026-09-22T18:20:30.755Z,2026-09-25T04:01:51.329Z,1182426b-421d-4092-b4d2-a9163d8d7048,
1aafd562-8ab2-4bc3-81ac-b0b23380abfc,Chaussures de tennis Asics Game FF Femme Creme rose,Asics,chaussures,https://www.protennis.fr/40728-marketing_default/chaussures-de-tennis-asics-game-ff-femme-creme-rose.jpg,90.00,54.00,40,9bcb1729-926d-4462-b949-57f991e08673,https://www.protennis.fr/58921-chaussures-de-tennis-asics-game-ff-femme-creme-rose.html,active,true,,2026-09-22T18:20:10.421Z,2026-09-25T04:01:44.677Z,170fa032-bf9e-436b-a8cd-c62fa8f65546,Rose
1ac0ece9-ce6f-47b8-bbd2-4119a608c9a0,T-shirt de tennis Adidas T-shirt New York Homme AH22,Adidas,textile,https://www.protennis.fr/22864-marketing_default/adidas-t-shirt-new-york-homme-ah22.jpg,65.00,32.50,50,9bcb1729-926d-4462-b949-57f991e08673,https://www.protennis.fr/56352-adidas-t-shirt-new-york-homme-ah22.html,active,true,,2026-09-22T18:20:21.430Z,2026-09-25T04:01:48.430Z,48fe94a3-da2b-43d8-bf29-bc03bbb026bf,
1b127f19-00f5-4c61-9fb8-b3ca580ec3e0,Chaussures de tennis Nike Zoom Vapor 12 Homme Light Silver,Nike,chaussures,https://www.protennis.fr/47736-marketing_default/chaussures-de-tennis-nike-zoom-vapor-12-homme-light-silver.jpg,159.99,95.99,40,9bcb1729-926d-4462-b949-57f991e08673,https://www.protennis.fr/59788-chaussures-de-tennis-nike-zoom-vapor-12-homme-light-silver.html,active,true,,2026-09-22T18:20:12.624Z,2026-09-25T04:01:45.299Z,54a2a48e-d698-4d1b-8574-f505ff48b1e8,Argent
1b165e95-55bd-4593-a3a0-52ccf3bd2e02,Polo de tennis Lacoste Edition Roland-Garros Homme Bleu Ciel,Lacoste,textile,https://www.protennis.fr/49310-marketing_default/polo-de-tennis-lacoste-edition-roland-garros-homme-bleu-ciel.jpg,150.00,90.00,40,9bcb1729-926d-4462-b949-57f991e08673,https://www.protennis.fr/59932-polo-de-tennis-lacoste-edition-roland-garros-homme-bleu-ciel.html,active,true,,2026-09-22T18:20:24.190Z,2026-09-25T04:01:49.353Z,29b9388c-ee89-4b04-ae0b-e72ba74fc0c0,Bleu
1b3325c7-98b3-43fd-aa03-1640cfac750b,Sac de tennis Head Tour Racquet Bag XL Orange,Head,accessoires,https://www.protennis.fr/38226-marketing_default/sac-de-tennis-head-tour-racquet-bag-xl-orange.jpg,130.00,91.00,30,9bcb1729-926d-4462-b949-57f991e08673,https://www.protennis.fr/58611-sac-de-tennis-head-tour-racquet-bag-xl-orange.html,active,true,,2026-09-22T18:20:42.701Z,2026-09-25T04:01:54.930Z,7f0c0d78-35bc-4bb6-a1fc-5fbe2b0c92cc,Orange
1b33de0e-6118-4629-933e-40147683e427,Debardeur de tennis Nike Pro Enfant Violet,Nike,textile,https://www.protennis.fr/48876-marketing_default/debardeur-de-tennis-nike-pro-enfant-violet.jpg,37.99,22.79,40,9bcb1729-926d-4462-b949-57f991e08673,https://www.protennis.fr/59882-debardeur-de-tennis-nike-pro-enfant-violet.html,active,true,,2026-09-22T18:20:27.547Z,2026-09-25T04:01:50.385Z,256ab8b6-ec78-461c-b47d-975cfdf30123,Violet
1b4f2882-f3e6-4b35-bab2-505f222e3b33,Cordage de tennis Wilson Bobine Revolve Spin 125 Noir 200 M,Wilson,cordages,https://www.protennis.fr/10394-marketing_default/wilson-bobine-revolve-spin-125-noir-200-m.jpg,180.00,126.00,30,9bcb1729-926d-4462-b949-57f991e08673,https://www.protennis.fr/53348-wilson-bobine-revolve-spin-125-noir-200-m.html,active,true,,2026-09-22T18:20:01.001Z,2026-09-25T04:01:41.858Z,d6cb7f03-fc6c-480b-87e7-ea426e5764a6,Noir
1b6ffc9b-ab94-438a-b13e-da2c8f481b1f,Cordage de tennis Prince Premier Control Noir 140 Bobine,Prince,cordages,https://www.protennis.fr/13971-marketing_default/prince-premier-control-noir-140-bobine.jpg,200.00,139.00,31,9bcb1729-926d-4462-b949-57f991e08673,https://www.protennis.fr/53208-prince-premier-control-noir-140-bobine.html,active,true,,2026-09-22T18:20:01.103Z,2026-09-25T04:01:41.903Z,724d6a4b-a9c0-46e3-b23f-952e3152aed5,Noir
1bde559f-7175-487d-9772-d53501457268,Jupe de tennis Adidas Match Pro Femme Blanc Orange,Adidas,textile,https://www.protennis.fr/45737-marketing_default/jupe-de-tennis-adidas-match-pro-femme-blanc-orange.jpg,65.00,39.00,40,9bcb1729-926d-4462-b949-57f991e08673,https://www.protennis.fr/59556-jupe-de-tennis-adidas-match-pro-femme-blanc-orange.html,active,true,,2026-09-22T18:20:18.615Z,2026-09-25T04:01:47.321Z,47daebfd-f138-4a39-88de-e2cde87bf480,Blanc Orange
1bf69cd5-d4d2-48cf-97df-8bb2020123c2,Chaussures de tennis Nike Vapor Pro 3 Terre Battue Homme Camo Green,Nike,chaussures,https://www.protennis.fr/50605-marketing_default/chaussures-de-tennis-nike-vapor-pro-3-terre-battue-homme-camo-green.jpg,139.99,97.99,30,9bcb1729-926d-4462-b949-57f991e08673,https://www.protennis.fr/60049-chaussures-de-tennis-nike-vapor-pro-3-terre-battue-homme-camo-green.html,active,true,,2026-09-22T18:20:04.945Z,2026-09-25T04:01:43.020Z,380b794d-c1f0-4ba3-85f5-8a6d48638aea,Vert
1c250323-beab-424a-87e6-b83157cfd289,Short de tennis Nike Victory 7 Homme Orange fluo,Nike,textile,https://www.protennis.fr/46117-marketing_default/short-nike-victory-7-homme-orange-fluo.jpg,45.00,27.00,40,9bcb1729-926d-4462-b949-57f991e08673,https://www.protennis.fr/59592-short-nike-victory-7-homme-orange-fluo.html,active,true,,2026-09-22T18:20:28.807Z,2026-09-25T04:01:50.787Z,a2e39c24-70a6-4f2a-a169-1af92ebfc2f2,Orange
1c33a163-9574-43b2-96f5-cd405d39916f,Raquette de tennis Wilson Defyer 98 Pro V1,Wilson,raquettes,https://www.protennis.fr/49499-marketing_default/raquette-de-tennis-wilson-defyer-98-pro-v1.jpg,290.00,246.50,15,9bcb1729-926d-4462-b949-57f991e08673,https://www.protennis.fr/59950-raquette-de-tennis-wilson-defyer-98-pro-v1.html,active,true,,2026-09-22T18:19:55.731Z,2026-09-25T04:01:40.136Z,25c400bc-2894-418a-b25d-dbb5c7580992,
1c8e4d79-96bd-462e-8e6b-9ffec8d086f1,Chaussures de tennis Babolat Jet Mach 3 Homme Bleu clair AH24,Babolat,chaussures,https://www.protennis.fr/28820-marketing_default/chaussures-de-tennis-babolat-jet-mach-3-homme-bleu-clair-ah24.jpg,155.00,77.50,50,9bcb1729-926d-4462-b949-57f991e08673,https://www.protennis.fr/57301-chaussures-de-tennis-babolat-jet-mach-3-homme-bleu-clair-ah24.html,active,true,,2026-09-22T18:20:17.629Z,2026-09-25T04:01:46.664Z,e07224d7-d880-44d1-8b90-eebffc5440a8,Bleu
1cdad2aa-c369-4098-8e01-8fc9ba8176e5,Cordage de tennis HEAD LYNX JAUNE 120 BOBINE 200m,Head,cordages,https://www.protennis.fr/5176-marketing_default/head-lynx-jaune-120-bobine-200m.jpg,150.00,99.00,34,9bcb1729-926d-4462-b949-57f991e08673,https://www.protennis.fr/42515-head-lynx-jaune-120-bobine-200m.html,active,true,,2026-09-22T18:20:01.924Z,2026-09-25T04:01:42.124Z,ac89e721-4250-4523-a0aa-ddaf9f84a99f,Jaune
1cea98e6-230b-4279-8f10-a32051a87b08,Débardeur de tennis femme Adidas Stella Mccartney Debardeur Femme AH19,Adidas,textile,https://www.protennis.fr/11023-marketing_default/adidas-stella-mccartney-debardeur-court-femme-ah19.jpg,60.00,30.00,50,9bcb1729-926d-4462-b949-57f991e08673,https://www.protennis.fr/53837-adidas-stella-mccartney-debardeur-court-femme-ah19.html,active,true,,2026-09-22T18:20:21.734Z,2026-09-25T04:01:48.520Z,423d44c6-ab47-425e-87f0-532bdeaa1f01,
1d1d28e6-9bff-42af-a69d-433dc0cee34d,Raquette de tennis Yonex Ezone 08 98 2025,Yonex,raquettes,https://www.protennis.fr/35913-marketing_default/raquette-de-tennis-yonex-ezone-08-98-2025.jpg,299.00,239.20,20,9bcb1729-926d-4462-b949-57f991e08673,https://www.protennis.fr/58339-raquette-de-tennis-yonex-ezone-08-98-2025.html,active,true,,2026-09-22T18:19:58.690Z,2026-09-25T04:01:41.098Z,20a10cac-dcb0-4d45-93dc-ae0f777d7633,
1d6a3fd3-282f-41fe-b3e8-90dc72cea5fd,T-shirt de tennis homme Adidas FreeLift T-shirt Homme Vert PE24,Adidas,textile,https://www.protennis.fr/29635-marketing_default/adidas-freelift-t-shirt-homme-vert-pe24.jpg,60.00,30.00,50,9bcb1729-926d-4462-b949-57f991e08673,https://www.protennis.fr/57386-adidas-freelift-t-shirt-homme-vert-pe24.html,active,true,,2026-09-22T18:20:21.008Z,2026-09-25T04:01:48.316Z,9ac300af-0a1d-47a1-a114-af391541cf48,Vert
1d72edc4-c522-4985-9ba2-b26cf7c2e689,Short de tennis Nike Court Slam RG Homme Bleu,Nike,textile,https://www.protennis.fr/49158-marketing_default/short-de-tennis-nike-court-slam-rg-homme-bleu.jpg,89.99,53.99,40,9bcb1729-926d-4462-b949-57f991e08673,https://www.protennis.fr/59909-short-de-tennis-nike-court-slam-rg-homme-bleu.html,active,true,,2026-09-22T18:20:28.291Z,2026-09-25T04:01:50.630Z,f038ec25-0fd0-46b4-a24f-bcc690f88934,Bleu
1d8d6b67-66d2-40c4-b51a-b1291cbff5c7,Raquette de tennis Boom MP L Neon,Head,raquettes,https://www.protennis.fr/41139-marketing_default/raquette-de-tennis-boom-mp-l-neon-.jpg,270.00,162.00,40,9bcb1729-926d-4462-b949-57f991e08673,https://www.protennis.fr/59013-raquette-de-tennis-boom-mp-l-neon-.html,active,true,,2026-09-22T18:19:50.709Z,2026-09-25T04:01:38.625Z,bd8deecf-e664-4ee1-aa1f-99b9bafda37d,
1d965f4d-bffa-47c5-8961-3b18e6c28b75,Antivibrateur de tennis ANTIVIBRATEUR LUXILON LEGACY,Luxilon,accessoires,https://www.protennis.fr/1459-marketing_default/antivibrateur-luxilon-legacy.jpg,7.00,4.90,30,9bcb1729-926d-4462-b949-57f991e08673,https://www.protennis.fr/46186-antivibrateur-luxilon-legacy.html,active,true,,2026-09-22T18:20:34.895Z,2026-09-25T04:01:52.595Z,de58be5a-6eb0-4e64-b40d-118a060a358a,
1de2caf6-7918-44cf-8660-69416b35c884,Cordage de tennis Tecnifibre TGV 135 Naturel Garniture,Tecnifibre,cordages,https://www.protennis.fr/3326-marketing_default/tecnifibre-tgv-135-naturel-garniture.jpg,23.00,17.25,25,9bcb1729-926d-4462-b949-57f991e08673,https://www.protennis.fr/35216-tecnifibre-tgv-135-naturel-garniture.html,active,true,,2026-09-22T18:20:02.537Z,2026-09-25T04:01:42.278Z,a0613009-c189-4844-92cd-110920a99ba5,
1de3b430-c979-4409-84ba-0edced9f942f,Robe Asics Femme Night Energy Performance Noir,Asics,textile,https://www.protennis.fr/42312-marketing_default/robe-asics-femme-night-energy-performance-noir.jpg,110.00,66.00,40,9bcb1729-926d-4462-b949-57f991e08673,https://www.protennis.fr/59177-robe-asics-femme-night-energy-performance-noir.html,active,true,,2026-09-22T18:20:22.545Z,2026-09-25T04:01:48.822Z,2e46858e-4236-45f2-99fc-6a0243f9d193,Noir
1e1c79f9-2343-4c5a-b291-de8c17464eec,Chaussures Asics Solution Speed FF 4 Homme Terre Battue Gris vert,Asics,chaussures,https://www.protennis.fr/44912-marketing_default/chaussures-asics-solution-speed-ff-4-homme-terre-battue-gris-vert.jpg,160.00,96.00,40,9bcb1729-926d-4462-b949-57f991e08673,https://www.protennis.fr/59421-chaussures-asics-solution-speed-ff-4-homme-terre-battue-gris-vert.html,active,true,,2026-09-22T18:20:13.495Z,2026-09-25T04:01:45.543Z,cfd9385d-0c9f-4e19-be2a-12fcb71da687,Gris Vert
1e24d727-9e0d-4a96-902b-e46c4c89dc67,Lot de 3 Paires de chaussettes Courtes Nike Everyday Elevated Blanc,Nike,textile,https://www.protennis.fr/47459-marketing_default/lot-de-3-paires-de-chaussettes-courtes-nike-everyday-elevated-blanc.jpg,19.99,17.99,10,9bcb1729-926d-4462-b949-57f991e08673,https://www.protennis.fr/59742-lot-de-3-paires-de-chaussettes-courtes-nike-everyday-elevated-blanc.html,active,true,,2026-09-22T18:20:33.155Z,2026-09-25T04:01:52.077Z,479b2f92-9b24-45b8-8033-dc9375800814,Blanc
1e3fa61a-ed51-423e-b177-21acc9452e0f,Sac de tennis 9 Raquettes Head Tour Racquet Bag L Rose,Head,accessoires,https://www.protennis.fr/45600-marketing_default/sac-de-tennis-9-raquettes-head-tour-racquet-bag-l-rose.jpg,100.00,70.00,30,9bcb1729-926d-4462-b949-57f991e08673,https://www.protennis.fr/59517-sac-de-tennis-9-raquettes-head-tour-racquet-bag-l-rose.html,active,true,,2026-09-22T18:20:38.914Z,2026-09-25T04:01:53.840Z,3e6f2c5d-af6f-4d58-9bb8-38c9ce107c0f,Rose
1e4b3a04-1a83-412d-84de-3859a1077ee0,Chaussures de tennis Adidas Adizero Ubersonic 5 Homme White Dark Blue,Adidas,chaussures,https://www.protennis.fr/49009-marketing_default/chaussures-de-tennis-adidas-adizero-ubersonic-5-homme-white-dark-blue.jpg,150.00,90.00,40,9bcb1729-926d-4462-b949-57f991e08673,https://www.protennis.fr/59893-chaussures-de-tennis-adidas-adizero-ubersonic-5-homme-white-dark-blue.html,active,true,,2026-09-22T18:20:06.683Z,2026-09-25T04:01:43.568Z,c9dc944f-4c93-441b-9e58-4ace8e8cc173,Blanc Bleu
1e664f69-6f1e-4487-9f55-00309a3149a8,Cordage de tennis BABOLAT RPM BLAST 125 GARNITURE,Babolat,cordages,https://www.protennis.fr/15993-marketing_default/babolat-rpm-blast-125-garniture.jpg,21.00,14.70,30,9bcb1729-926d-4462-b949-57f991e08673,https://www.protennis.fr/14886-babolat-rpm-blast-125-garniture.html,active,true,,2026-09-22T18:20:03.617Z,2026-09-25T04:01:42.650Z,36511b5e-12e9-425f-824c-36b0532fbcac,
1ec9c1eb-ef22-43a8-95c9-5b3c846eff67,Débardeur Mouratoglou Match Melbourne Rose,Mouratoglou,textile,https://www.protennis.fr/37344-marketing_default/debardeur-mouratoglou-match-melbourne-rose.jpg,36.00,21.60,40,9bcb1729-926d-4462-b949-57f991e08673,https://www.protennis.fr/58509-debardeur-mouratoglou-match-melbourne-rose.html,active,true,,2026-09-22T18:20:26.854Z,2026-09-25T04:01:50.185Z,f92d141b-df86-48e8-bef0-051c05fb76b5,Rose
1f70319b-23f8-49bc-9110-0b5d1b560753,Sac de tennis Yonex Sac Pro 9 Raquettes Bleu 2024,Yonex,accessoires,https://www.protennis.fr/42820-marketing_default/yonex-sac-pro-12-raquettes-bleu-2024.jpg,150.00,105.00,30,9bcb1729-926d-4462-b949-57f991e08673,https://www.protennis.fr/57460-yonex-sac-pro-12-raquettes-bleu-2024.html,active,true,,2026-09-22T18:20:43.550Z,2026-09-25T04:01:55.218Z,6195ec2d-7f57-4ba8-952d-22f424e88088,Bleu
1f816db9-b1bc-46a9-8cf3-9064b3db58e1,T-shirt de tennis Nike Court Slam Homme Vert,Nike,textile,https://www.protennis.fr/49440-marketing_default/t-shirt-de-tennis-nike-court-slam-homme-vert.jpg,89.99,62.99,30,9bcb1729-926d-4462-b949-57f991e08673,https://www.protennis.fr/59947-t-shirt-de-tennis-nike-court-slam-homme-vert.html,active,true,,2026-09-22T18:20:27.239Z,2026-09-25T04:01:50.308Z,a682584b-4fec-4aee-9d7a-f5bd3d48d5ab,Vert
1f81b68a-8aec-41bd-8843-900f54fa9b5b,Raquette de tennis Boom MP 2026,Head,raquettes,https://www.protennis.fr/47207-marketing_default/raquette-de-tennis-boom-mp-2026.jpg,260.00,182.00,30,9bcb1729-926d-4462-b949-57f991e08673,https://www.protennis.fr/59693-raquette-de-tennis-boom-mp-2026.html,active,true,,2026-09-22T18:19:49.787Z,2026-09-25T04:01:38.358Z,0217e8cf-f278-43ea-ac42-8626896a832d,
1f97524a-8b00-49b7-ab2a-684dfcc14f04,Robe de tennis Adidas Dress Pro White,Adidas,textile,https://www.protennis.fr/50255-marketing_default/robe-de-tennis-adidas-dress-pro-white.jpg,100.00,80.00,20,9bcb1729-926d-4462-b949-57f991e08673,https://www.protennis.fr/60012-robe-de-tennis-adidas-dress-pro-white.html,active,true,,2026-09-22T18:20:18.151Z,2026-09-25T04:01:47.162Z,6476afee-8814-4ea9-988c-08816a5eec95,Blanc
20126dc8-7a4e-49e8-bf70-03f182cce865,T-shirt de tennis Adidas Club Homme Jaune fluo,Adidas,textile,https://www.protennis.fr/40165-marketing_default/t-shirt-adidas-club-homme-jaune-fluo.jpg,35.00,21.00,40,9bcb1729-926d-4462-b949-57f991e08673,https://www.protennis.fr/58865-t-shirt-adidas-club-homme-jaune-fluo.html,active,true,,2026-09-22T18:20:20.357Z,2026-09-25T04:01:47.952Z,aa55ba73-b8e0-41b1-b74f-3f79eadcb4e0,Jaune
2014b081-ab1f-4abd-89b9-11185e7d5a17,Surgrip de tennis Babolat Pro Tour 2.0 x3,Babolat,accessoires,https://www.protennis.fr/38359-marketing_default/surgrip-de-tennis-babolat-pro-tour-20-x3.jpg,8.95,6.27,30,9bcb1729-926d-4462-b949-57f991e08673,https://www.protennis.fr/54111-surgrip-de-tennis-babolat-pro-tour-20-x3.html,active,true,,2026-09-22T18:20:34.510Z,2026-09-25T04:01:52.492Z,fc36b0c4-0187-4351-9b58-9eda64901080,
2014d2a1-b32a-4e6e-925a-fe583281828b,T-shirt de tennis Lacoste Equipe de France Homme Blanc,Lacoste,textile,https://www.protennis.fr/48478-marketing_default/t-shirt-de-tennis-lacoste-equipe-de-france-homme-blanc.jpg,80.00,48.00,40,9bcb1729-926d-4462-b949-57f991e08673,https://www.protennis.fr/59846-t-shirt-de-tennis-lacoste-equipe-de-france-homme-blanc.html,active,true,,2026-09-22T18:20:24.478Z,2026-09-25T04:01:49.441Z,525a6498-a2dc-4edb-90dd-01caa9a993dc,Blanc
202b90f3-1f4b-4f30-b61a-f4182aec9193,Chaussures de tennis Wilson Rush Pro Extra Duty Homme Noir,Wilson,chaussures,https://www.protennis.fr/43249-marketing_default/chaussures-de-tennis-wilson-rush-pro-extra-duty-homme-noir.jpg,160.00,96.00,40,9bcb1729-926d-4462-b949-57f991e08673,https://www.protennis.fr/59252-chaussures-de-tennis-wilson-rush-pro-extra-duty-homme-noir.html,active,true,,2026-09-22T18:20:13.821Z,2026-09-25T04:01:45.657Z,4e110873-cf7f-4009-b915-2805cf8cf0e1,Noir
209f0758-3d9b-46f1-a8aa-fafd2fc1949d,Chaussures de tennis Babolat Jet Mach 3 Homme Rouge fluo AH24,Babolat,chaussures,https://www.protennis.fr/31201-marketing_default/babolat-jet-mach-3-homme-marine-rouge-ah23.jpg,155.00,77.50,50,9bcb1729-926d-4462-b949-57f991e08673,https://www.protennis.fr/57708-babolat-jet-mach-3-homme-marine-rouge-ah23.html,active,true,,2026-09-22T18:20:17.230Z,2026-09-25T04:01:46.563Z,ec484462-33ab-4c59-9a5c-dca5c638fcf4,Rouge
20a1c1cb-da0b-48b2-ae8e-0e07924993c9,Sac de tennis 3 Raquettes Wilson Clash V3 Super Tour 2025,Wilson,accessoires,https://www.protennis.fr/36043-marketing_default/sac-de-tennis-3-raquettes-wilson-clash-v3-super-tour-2025.jpg,90.00,63.00,30,9bcb1729-926d-4462-b949-57f991e08673,https://www.protennis.fr/58363-sac-de-tennis-3-raquettes-wilson-clash-v3-super-tour-2025.html,active,true,,2026-09-22T18:20:43.009Z,2026-09-25T04:01:55.031Z,71f2f0ac-e351-4f5e-a214-5a327fe9f44c,
20df2e96-c918-4f45-a608-f62278088fde,Raquette de tennis Prince Beast 100 Pink (265g) 2023,Prince,raquettes,https://www.protennis.fr/28724-marketing_default/prince-beast-100-pink-265g-2023.jpg,210.00,134.40,36,9bcb1729-926d-4462-b949-57f991e08673,https://www.protennis.fr/57356-prince-beast-100-pink-265g-2023.html,active,true,,2026-09-22T18:19:53.447Z,2026-09-25T04:01:39.500Z,028c06ec-f3be-47ca-9055-dc4698d6de5d,Rose
210f8412-0932-4c86-9ace-69105a68c20e,Surgrip de tennis HEAD XTREME SOFT JAUNE,Head,accessoires,https://www.protennis.fr/4253-marketing_default/head-xtreme-soft-jaune.jpg,7.00,4.90,30,9bcb1729-926d-4462-b949-57f991e08673,https://www.protennis.fr/15821-head-xtreme-soft-jaune.html,active,true,,2026-09-22T18:20:35.408Z,2026-09-25T04:01:52.726Z,fcfcf2ba-2cb0-490a-9beb-9ac5953d640c,Jaune
2121d3a6-8206-4bf5-a295-e5bcc5f98abb,Cordage de tennis BABOLAT RPM BLAST 135 BOBINE 200m,Babolat,cordages,https://www.protennis.fr/15987-marketing_default/babolat-rpm-blast-135-bobine-200m.jpg,220.00,154.00,30,9bcb1729-926d-4462-b949-57f991e08673,https://www.protennis.fr/35993-babolat-rpm-blast-135-bobine-200m.html,active,true,,2026-09-22T18:20:02.254Z,2026-09-25T04:01:42.233Z,a4b827dc-d825-455c-85f4-1296e1844286,
217073c4-2cf3-4c2d-99b2-529fe9643b99,Chaussures de tennis Adidas Defiant Speed Terre Battue Femme Blanc PE25,Adidas,chaussures,https://www.protennis.fr/37086-marketing_default/chaussures-adidas-defiant-speed-terre-battue-femme-blanc-pe25.jpg,120.00,72.00,40,9bcb1729-926d-4462-b949-57f991e08673,https://www.protennis.fr/58296-chaussures-adidas-defiant-speed-terre-battue-femme-blanc-pe25.html,active,true,,2026-09-22T18:20:11.856Z,2026-09-25T04:01:45.097Z,22c5f775-8df7-4417-819a-e99937bdee37,Blanc
218d93ec-44a8-4592-9b07-1f619ba2217c,Raquette de tennis Head Extreme MP L 2026,Head,raquettes,https://www.protennis.fr/50003-marketing_default/raquette-de-tennis-head-extreme-mp-l-2026.jpg,230.00,207.00,10,9bcb1729-926d-4462-b949-57f991e08673,https://www.protennis.fr/59985-raquette-de-tennis-head-extreme-mp-l-2026.html,active,true,,2026-09-22T18:19:52.550Z,2026-09-25T04:01:39.200Z,b59d53bc-484e-47f6-b51f-0469a94bd025,
21a0bffc-5700-4957-bed9-a682785f6c9a,Short de tennis Adidas Climacool Classic Enfant White,Adidas,textile,https://www.protennis.fr/51012-marketing_default/short-de-tennis-adidas-climacool-classic-enfant-white.jpg,40.00,32.00,20,9bcb1729-926d-4462-b949-57f991e08673,https://www.protennis.fr/60094-short-de-tennis-adidas-climacool-classic-enfant-white.html,active,true,,2026-09-25T04:01:46.989Z,2026-09-25T04:01:46.989Z,3027fa2e-03e9-4252-b0e2-e06987ad9c00,
21c894fd-4b29-4926-8f3d-c4eb344be629,Wilson Revolve Spin 130 Vert Bobine 200m,Wilson,cordages,https://www.protennis.fr/11315-marketing_default/wilson-revolve-spin-130-vert-bobine-200m.jpg,170.00,153.00,10,9bcb1729-926d-4462-b949-57f991e08673,https://www.protennis.fr/53901-wilson-revolve-spin-130-vert-bobine-200m.html,active,true,,2026-09-22T18:20:00.741Z,2026-09-25T04:01:41.733Z,e934f249-c2d9-4865-87af-7751b244d13c,Vert
21d76228-916f-4af1-aa1e-be8254daf021,Raquette de tennis Wilson Clash 100 Pro V3 2025,Wilson,raquettes,https://www.protennis.fr/36116-marketing_default/raquette-de-tennis-wilson-clash-100-pro-v3-2025.jpg,250.00,175.00,30,9bcb1729-926d-4462-b949-57f991e08673,https://www.protennis.fr/58371-raquette-de-tennis-wilson-clash-100-pro-v3-2025.html,active,true,,2026-09-22T18:19:56.519Z,2026-09-25T04:01:40.371Z,379aec6f-93cd-4257-bc4f-6e6903425ccc,
21d8cfde-3d81-4435-aed0-0f8e7f2e8888,Raquette de tennis Prince Beast 100 Pink (280g) 2023,Prince,raquettes,https://www.protennis.fr/28731-marketing_default/prince-beast-pink-280g-2023.jpg,220.00,149.60,32,9bcb1729-926d-4462-b949-57f991e08673,https://www.protennis.fr/57357-prince-beast-pink-280g-2023.html,active,true,,2026-09-22T18:19:53.423Z,2026-09-25T04:01:39.489Z,2461508a-59a1-4f42-8c74-bc3ef4f772b2,Rose
225a799d-0435-46a8-b2b0-fed1704df0d3,Short Le Coq Sportif Basic N°1 Enfant AH24,Le Coq Sportif,textile,https://www.protennis.fr/15081-marketing_default/short-le-coq-sportif-basic-n1-enfant-ah24.jpg,37.00,18.50,50,9bcb1729-926d-4462-b949-57f991e08673,https://www.protennis.fr/54626-short-le-coq-sportif-basic-n1-enfant-ah24.html,active,true,,2026-09-22T18:20:26.113Z,2026-09-25T04:01:49.961Z,fe025c3b-0375-42ad-8567-eb4fa57b3151,
22706daa-c490-47ad-af27-4a902cd3c13f,TECNIFIBRE VIBRA CLIP TRANSPARANT/NOIR,Tecnifibre,accessoires,https://www.protennis.fr/4275-marketing_default/tecnifibre-vibra-clip-transparant-noir.jpg,3.50,2.45,30,9bcb1729-926d-4462-b949-57f991e08673,https://www.protennis.fr/24233-tecnifibre-vibra-clip-transparant-noir.html,active,true,,2026-09-22T18:20:35.336Z,2026-09-25T04:01:52.704Z,fbd60eee-4fbc-413d-a39f-b31f750a0a9e,Noir
2280d5e6-aa6f-4cc4-a16a-650d2fd8331f,Raquette de tennis Yonex Percept 97 Midnight Navy,Yonex,raquettes,https://www.protennis.fr/41973-marketing_default/raquette-de-tennis-yonex-percept-97-midnight-navyy.jpg,309.90,185.94,40,9bcb1729-926d-4462-b949-57f991e08673,https://www.protennis.fr/59095-raquette-de-tennis-yonex-percept-97-midnight-navyy.html,active,true,,2026-09-22T18:19:58.080Z,2026-09-25T04:01:40.968Z,238ce4a2-ca75-4fe0-a90e-f7262aef27ba,
22d42d8b-1ddb-4007-a33e-6e6b94583a00,Raquette de tennis Head Speed MP 2022,Head,raquettes,https://www.protennis.fr/21058-marketing_default/head-speed-mp-2022.jpg,270.00,149.00,45,9bcb1729-926d-4462-b949-57f991e08673,https://www.protennis.fr/55882-head-speed-mp-2022.html,active,true,,2026-09-22T18:19:51.785Z,2026-09-25T04:01:38.957Z,54022fe7-8799-4806-807e-ac42e4bf8544,
22f86d9f-0e43-44a8-bf60-86929747735c,T-Shirt de tennis Adidas Climacool Classic Enfant Dark Blue,Adidas,textile,https://www.protennis.fr/51039-marketing_default/t-shirt-de-tennis-adidas-climacool-classic-enfant-dark-blue.jpg,35.00,28.00,20,9bcb1729-926d-4462-b949-57f991e08673,https://www.protennis.fr/60097-t-shirt-de-tennis-adidas-climacool-classic-enfant-dark-blue.html,active,true,,2026-09-25T04:01:46.868Z,2026-09-25T04:01:46.868Z,f432abc3-ed4e-44ad-ac58-bcec949f0676,
2306900a-c0bc-4c1c-8e0f-e0330fae63a9,Débardeur de tennis femme Adidas Paris Y Debardeur Jaune Femme PE23,Adidas,textile,https://www.protennis.fr/26167-marketing_default/adidas-paris-y-debardeur-femme-pe23.jpg,65.00,32.50,50,9bcb1729-926d-4462-b949-57f991e08673,https://www.protennis.fr/56582-adidas-paris-y-debardeur-femme-pe23.html,active,true,,2026-09-22T18:20:21.301Z,2026-09-25T04:01:48.383Z,77aacb9f-6114-4bdb-b239-ee74720b5d95,Jaune
2309c81e-9db1-4d30-9131-fa74302056b0,Débardeur de tennis femme EA7 Débardeur Ventus7 Femme Navy PE24,EA7,textile,https://www.protennis.fr/30695-marketing_default/ea7-debardeur-ventus7-femme-navy-pe24.jpg,70.00,35.00,50,9bcb1729-926d-4462-b949-57f991e08673,https://www.protennis.fr/57662-ea7-debardeur-ventus7-femme-navy-pe24.html,active,true,,2026-09-22T18:20:23.171Z,2026-09-25T04:01:49.025Z,5cfeaf0c-e196-432a-a329-151a83ba0dd3,
23f39e28-1c19-4282-865d-1ff306774943,Raquette de tennis Head Gravity MP L 2025,Head,raquettes,https://www.protennis.fr/36216-marketing_default/raquette-de-tennis-head-gravity-mp-l-2025.jpg,250.00,175.00,30,9bcb1729-926d-4462-b949-57f991e08673,https://www.protennis.fr/58380-raquette-de-tennis-head-gravity-mp-l-2025.html,active,true,,2026-09-22T18:19:50.888Z,2026-09-25T04:01:38.682Z,4d0cdebb-6d45-4b7d-a42b-392486cf052e,
240b00e5-71fe-4070-9877-47078c8bb97a,Raquette de tennis Head Speed PWR 2024,Head,raquettes,https://www.protennis.fr/29229-marketing_default/head-speed-pwr-2024.jpg,280.00,196.00,30,9bcb1729-926d-4462-b949-57f991e08673,https://www.protennis.fr/57467-head-speed-pwr-2024.html,active,true,,2026-09-22T18:19:51.683Z,2026-09-25T04:01:38.923Z,addc4c22-2c21-4c9a-a766-2644e3ce3af5,
242c21df-b16a-4d6d-8b0f-d994d30c274e,Raquette de tennis Wilson Blade 104 V9 2024,Wilson,raquettes,https://www.protennis.fr/29440-marketing_default/wilson-blade-104-v9-2024.jpg,250.00,175.00,30,9bcb1729-926d-4462-b949-57f991e08673,https://www.protennis.fr/57509-wilson-blade-104-v9-2024.html,active,true,,2026-09-22T18:19:57.727Z,2026-09-25T04:01:40.857Z,c2a56bb5-9cfb-4f8c-b430-5de31808b0c5,
2456560b-3288-4fe1-862e-db3b892e7c23,Sweat de tennis Nike Fleece Heritage Homme Cramoisi,Nike,textile,https://www.protennis.fr/43069-marketing_default/sweat-homme-nike-fleece-heritage-cramoisi.jpg,85.00,51.00,40,9bcb1729-926d-4462-b949-57f991e08673,https://www.protennis.fr/59233-sweat-homme-nike-fleece-heritage-cramoisi.html,active,true,,2026-09-22T18:20:29.612Z,2026-09-25T04:01:50.988Z,6de07936-df51-4471-a16b-c09bc829cc60,
2464d687-9244-4be5-ad63-2d210f62d1d8,Sac de tennis 6 Raquettes Duffel Wilson RF Tournament Laver Cup Noir,Wilson,accessoires,https://www.protennis.fr/43313-marketing_default/sac-de-tennis-6-raquettes-duffel-wilson-rf-tournament-laver-cup-noir.jpg,140.00,98.00,30,9bcb1729-926d-4462-b949-57f991e08673,https://www.protennis.fr/59258-sac-de-tennis-6-raquettes-duffel-wilson-rf-tournament-laver-cup-noir.html,active,true,,2026-09-22T18:20:42.197Z,2026-09-25T04:01:54.788Z,19f1ddde-b601-4bd5-9f78-2c16e73ae8be,Noir
2472768e-6d8c-471f-8014-29dae23ab867,Casquette de tennis Nike Advantage Club Casquette Noir,Nike,textile,https://www.protennis.fr/27558-marketing_default/nike-advantage-club-casquette-noir-2023.jpg,30.00,27.00,10,9bcb1729-926d-4462-b949-57f991e08673,https://www.protennis.fr/57070-nike-advantage-club-casquette-noir-2023.html,active,true,,2026-09-22T18:20:28.239Z,2026-09-25T04:01:50.608Z,ae85fb58-2a83-490d-8664-1923185a0c8a,Noir
247cb6e8-ddf6-4e0e-98aa-f14b9e953bb4,Short de tennis Nike Court Slam Homme Blanc,Nike,textile,https://www.protennis.fr/49408-marketing_default/short-de-tennis-nike-court-slam-homme-blanc.jpg,89.99,62.99,30,9bcb1729-926d-4462-b949-57f991e08673,https://www.protennis.fr/59944-short-de-tennis-nike-court-slam-homme-blanc.html,active,true,,2026-09-22T18:20:27.271Z,2026-09-25T04:01:50.319Z,d1dd62ef-e648-4774-8a27-00c95cd57c12,Blanc
248ff3f7-6bef-47f9-a444-6b50df4831cf,Chaussures de tennis Asics Gel Resolution X Femme Creme PE25,Asics,chaussures,https://www.protennis.fr/35803-marketing_default/chaussures-de-tennis-asics-gel-resolution-x-femme-creme-pe25.jpg,160.00,96.00,40,9bcb1729-926d-4462-b949-57f991e08673,https://www.protennis.fr/58255-chaussures-de-tennis-asics-gel-resolution-x-femme-creme-pe25.html,active,true,,2026-09-22T18:20:16.728Z,2026-09-25T04:01:46.406Z,2b93169d-7e0f-4213-b4e9-e4020d330409,
24b240d7-5b61-42d2-b8f4-c95e65b6e2df,Chaussures de tennis Mizuno Wave Exceed Tour Homme Blanc AH22,Mizuno,chaussures,https://www.protennis.fr/28891-marketing_default/mizuno-wave-exceed-tour-homme-blanc-ah22.jpg,150.00,75.00,50,9bcb1729-926d-4462-b949-57f991e08673,https://www.protennis.fr/56630-mizuno-wave-exceed-tour-homme-blanc-ah22.html,active,true,,2026-09-22T18:20:17.820Z,2026-09-25T04:01:46.785Z,a8be2cb8-5acb-4dac-a0f7-e5b4b40a43e2,Blanc
24be380c-9d79-4765-8f95-b2da1a7482ae,Sac de Tennis Babolat Court S Wimbledon,Babolat,accessoires,https://www.protennis.fr/49278-marketing_default/sac-de-tennis-babolat-court-s-wimbledon.jpg,79.95,71.96,10,9bcb1729-926d-4462-b949-57f991e08673,https://www.protennis.fr/59926-sac-de-tennis-babolat-court-s-wimbledon.html,active,true,,2026-09-22T18:20:37.902Z,2026-09-25T04:01:53.550Z,00f7ba33-84bf-4a46-acfc-4de7da7dc305,
24ca01bb-36c3-4678-ba2c-e277c9ae1ac6,T-Shirt de tennis Adidas Climacool Freelight Pro Homme Legend Ink,Adidas,textile,https://www.protennis.fr/49191-marketing_default/t-shirt-de-tennis-adidas-climacool-freelight-pro-homme-legend-ink.jpg,65.00,39.00,40,9bcb1729-926d-4462-b949-57f991e08673,https://www.protennis.fr/59915-t-shirt-de-tennis-adidas-climacool-freelight-pro-homme-legend-ink.html,active,true,,2026-09-22T18:20:18.843Z,2026-09-25T04:01:47.397Z,8a11507e-1230-49d1-abc1-7fd4cf27c843,
25770d79-5e56-4e78-b648-1f6d77a6b758,Debardeur de tennis Adidas Match Pro Climacool femme White,Adidas,textile,https://www.protennis.fr/50267-marketing_default/debardeur-de-tennis-adidas-match-pro-climacool-femme-white.jpg,50.00,40.00,20,9bcb1729-926d-4462-b949-57f991e08673,https://www.protennis.fr/60014-debardeur-de-tennis-adidas-match-pro-climacool-femme-white.html,active,true,,2026-09-22T18:20:18.102Z,2026-09-25T04:01:47.139Z,ed8db572-3da2-4b39-8c0a-4ee61def068d,Blanc
25cea3be-ce6a-4a55-9b61-5a83c249d319,T-Shirt de tennis Adidas Pro Enfant Noir Jaune,Adidas,textile,https://www.protennis.fr/40124-marketing_default/t-shirt-adidas-pro-enfant-noir-jaune.jpg,50.00,30.00,40,9bcb1729-926d-4462-b949-57f991e08673,https://www.protennis.fr/58860-t-shirt-adidas-pro-enfant-noir-jaune.html,active,true,,2026-09-22T18:20:20.381Z,2026-09-25T04:01:48.090Z,3badf589-04f6-4103-87b1-c665e94c447c,Noir Jaune
25fa4faf-518c-44ba-8409-1edc19658d4a,Raquette de tennis Boom MP L Alternate 2026,Head,raquettes,https://www.protennis.fr/47204-marketing_default/raquette-de-tennis-boom-mp-l-alternate-2026.jpg,230.00,161.00,30,9bcb1729-926d-4462-b949-57f991e08673,https://www.protennis.fr/59692-raquette-de-tennis-boom-mp-l-alternate-2026.html,active,true,,2026-09-22T18:19:49.839Z,2026-09-25T04:01:38.369Z,5429c398-c50e-4f01-b1e5-c3634135c20a,
2612ac61-7b44-463d-82e7-d7fdc55e39ce,Sac de tennis Wilson Defyer Duffel,Wilson,accessoires,https://www.protennis.fr/49505-marketing_default/sac-de-tennis-wilson-defyer-duffel.jpg,65.00,64.99,0,9bcb1729-926d-4462-b949-57f991e08673,https://www.protennis.fr/59954-sac-de-tennis-wilson-defyer-duffel.html,active,true,,2026-09-22T18:20:37.762Z,2026-09-25T04:01:53.506Z,ea2f6cc6-e307-4c33-826b-d768d0ac6bf7,
2618d7ef-fc93-4858-80c1-184e12bfdd9b,Short de tennis Hydrogen Tech Short Homme Blanc AH24,Hydrogen,textile,https://www.protennis.fr/30367-marketing_default/hydrogen-tech-short-homme-blanc-pe24.jpg,80.00,40.00,50,9bcb1729-926d-4462-b949-57f991e08673,https://www.protennis.fr/57618-hydrogen-tech-short-homme-blanc-pe24.html,active,true,,2026-09-22T18:20:23.553Z,2026-09-25T04:01:49.149Z,3348712e-73d0-4f9b-95ff-6e0966fe4ddd,Blanc
26b8468c-7649-4911-8a71-337c8a4a18e0,Raquette de tennis Tecnifibre TF40 315 18M,Tecnifibre,raquettes,https://www.protennis.fr/30270-marketing_default/tecnifibre-tf40-315-18m.jpg,260.00,139.00,47,9bcb1729-926d-4462-b949-57f991e08673,https://www.protennis.fr/56458-tecnifibre-tf40-315-18m.html,active,true,,2026-09-22T18:19:54.904Z,2026-09-25T04:01:39.934Z,417cf636-7376-4f0a-8f0a-361c118f42f2,
26cb6688-9798-441d-8b9b-e0ec19f2cac7,Chaussures de tennis Wilson Kaos Swift Femme,Wilson,chaussures,https://www.protennis.fr/20574-marketing_default/wilson-kaos-swift-femme.jpg,125.00,62.50,50,9bcb1729-926d-4462-b949-57f991e08673,https://www.protennis.fr/55769-wilson-kaos-swift-femme.html,active,true,,2026-09-22T18:20:12.503Z,2026-09-25T04:01:45.266Z,e3950723-8cc0-4450-9543-ac6d8ddeff84,
27529083-147e-4c88-96a8-d88b11577c1f,Chaussures de tennis Asics Gel Game Enfant Noir Indigo,Asics,chaussures,https://www.protennis.fr/40807-marketing_default/chaussures-de-tennis-asics-gel-game-enfant-noir-indigo.jpg,70.00,42.00,40,9bcb1729-926d-4462-b949-57f991e08673,https://www.protennis.fr/58918-chaussures-de-tennis-asics-gel-game-enfant-noir-indigo.html,active,true,,2026-09-22T18:20:10.470Z,2026-09-25T04:01:44.699Z,9657abd7-e3ea-4095-b00d-8b803c25cf73,Noir
27613136-4131-4fb8-8fa2-5ba13abf577c,Short de tennis Lacoste Ultra Dry stretch Homme Violet,Lacoste,textile,https://www.protennis.fr/44049-marketing_default/short-de-tennis-lacoste-ultra-dry-stretch-homme-violet.jpg,90.00,54.00,40,9bcb1729-926d-4462-b949-57f991e08673,https://www.protennis.fr/59346-short-de-tennis-lacoste-ultra-dry-stretch-homme-violet.html,active,true,,2026-09-22T18:20:24.703Z,2026-09-25T04:01:49.522Z,b404b6d3-43b0-4c28-b98c-e8eed115ecf0,Violet
27d2559f-98a0-4f36-9b46-76c26af72f85,Raquette de tennis Tecnifibre Tempo 255,Tecnifibre,raquettes,https://www.protennis.fr/41699-marketing_default/raquette-de-tennis-tecnifibre-tempo-255.jpg,159.99,69.00,57,9bcb1729-926d-4462-b949-57f991e08673,https://www.protennis.fr/58982-raquette-de-tennis-tecnifibre-tempo-255.html,active,true,,2026-09-22T10:32:42.110Z,2026-09-25T04:01:39.821Z,7365cdf6-f6ef-49a9-bf0f-0d52d9fccecf,
27dca7a1-40c2-4f2a-9e0b-612c09f3b849,Raquette de tennis Wilson Pro Staff Team Classic,Wilson,raquettes,https://www.protennis.fr/46855-marketing_default/raquette-de-tennis-wilson-pro-staff-team-classic.jpg,170.00,119.00,30,9bcb1729-926d-4462-b949-57f991e08673,https://www.protennis.fr/59676-raquette-de-tennis-wilson-pro-staff-team-classic.html,active,true,,2026-09-22T18:19:57.982Z,2026-09-25T04:01:40.934Z,4ef067f0-2106-4a02-84f4-7db90ddc92cd,
27e4b281-134d-4b7a-b502-89bdf06fc3e3,Short de tennis Adidas Climacool Ergo Pro Enfant Black,Adidas,textile,https://www.protennis.fr/45629-marketing_default/short-de-tennis-adidas-climacool-ergo-pro-enfant-black.jpg,45.00,27.00,40,9bcb1729-926d-4462-b949-57f991e08673,https://www.protennis.fr/59542-short-de-tennis-adidas-climacool-ergo-pro-enfant-black.html,active,true,,2026-09-22T18:20:18.672Z,2026-09-25T04:01:47.343Z,fbe7c45f-e566-4862-a193-854fc651ddda,Noir
2818b7e6-fa10-48d5-9a2a-f69231e1eb7f,Raquette de tennis Head Prestige MP L 2023,Head,raquettes,https://www.protennis.fr/28987-marketing_default/head-prestige-mp-l-2023.jpg,280.00,182.00,35,9bcb1729-926d-4462-b949-57f991e08673,https://www.protennis.fr/57452-head-prestige-mp-l-2023.html,active,true,,2026-09-22T18:19:51.990Z,2026-09-25T04:01:39.013Z,a0ae38e8-8d50-4a74-9884-7facaee19b40,
28246432-b196-4d4f-9ee5-6e9045e1e025,Raquette de tennis Tecnifibre T-Fight Team L 2025,Tecnifibre,raquettes,https://www.protennis.fr/41774-marketing_default/raquette-de-tennis-tecnifibre-t-fight-team-l-2025.jpg,110.00,77.00,30,9bcb1729-926d-4462-b949-57f991e08673,https://www.protennis.fr/59074-raquette-de-tennis-tecnifibre-t-fight-team-l-2025.html,active,true,,2026-09-22T18:19:54.990Z,2026-09-25T04:01:39.957Z,4de51240-0fe4-4238-ad2d-b4345fe8b316,
286f2acf-c742-4bbb-b7d8-483fb0fc1387,Débardeur tennis femme Nike One Luxe Debardeur Femme Lie de vin Automne 2023,Nike,textile,https://www.protennis.fr/27930-marketing_default/nike-one-luxe-debardeur-femme-lie-de-vin-automne-2023.jpg,45.00,22.50,50,9bcb1729-926d-4462-b949-57f991e08673,https://www.protennis.fr/57084-nike-one-luxe-debardeur-femme-lie-de-vin-automne-2023.html,active,true,,2026-09-22T18:20:32.770Z,2026-09-25T04:01:51.956Z,d384982f-e565-46c4-9e72-016aae42f8d5,
2875e9e8-9ea6-4753-8b57-5f7e7f1c189e,Veste de tennis Lacoste Ultra Dry à capuche Femme Noir,Lacoste,textile,https://www.protennis.fr/44321-marketing_default/veste-de-tennis-lacoste-ultra-dry-a-capuche-femme-noir.jpg,140.00,84.00,40,9bcb1729-926d-4462-b949-57f991e08673,https://www.protennis.fr/59387-veste-de-tennis-lacoste-ultra-dry-a-capuche-femme-noir.html,active,true,,2026-09-22T18:20:24.555Z,2026-09-25T04:01:49.466Z,aba889cd-50d4-4003-9074-24e4a9cf1702,Noir
2881e466-1a5a-49af-9f97-5ae99f560014,Débardeur tennis femme Nike Solid Slam Debardeur Femme Bleu Automne 2023,Nike,textile,https://www.protennis.fr/27862-marketing_default/nike-solid-slam-debardeur-femme-bleu-automne-2023.jpg,75.00,37.50,50,9bcb1729-926d-4462-b949-57f991e08673,https://www.protennis.fr/57094-nike-solid-slam-debardeur-femme-bleu-automne-2023.html,active,true,,2026-09-22T18:20:32.643Z,2026-09-25T04:01:51.908Z,02b98537-a7ad-4b4a-bdad-5250dfe3ec13,Bleu
288f3db4-66d2-4dd4-8d1a-d2b19daedfe3,T-shirt de tennis Adidas Freelift Pro Homme Rouge Fluo PE25,Adidas,textile,https://www.protennis.fr/37003-marketing_default/t-shirt-adidas-freelift-pro-homme-rouge-fluo-pe25.jpg,65.00,39.00,40,9bcb1729-926d-4462-b949-57f991e08673,https://www.protennis.fr/58310-t-shirt-adidas-freelift-pro-homme-rouge-fluo-pe25.html,active,true,,2026-09-22T18:20:20.456Z,2026-09-25T04:01:48.146Z,6ddcaafd-4a7f-434a-b899-c54b6aff2dc4,Rouge
289b3c04-5b49-4dfa-8cc9-55f54e67c5fb,Débardeur de tennis femme Adidas Melbourne Y Debardeur Femme PE23,Adidas,textile,https://www.protennis.fr/25253-marketing_default/adidas-melbourne-y-debardeur-femme-pe23.jpg,65.00,32.50,50,9bcb1729-926d-4462-b949-57f991e08673,https://www.protennis.fr/56578-adidas-melbourne-y-debardeur-femme-pe23.html,active,true,,2026-09-22T18:20:21.403Z,2026-09-25T04:01:48.419Z,b8856cbe-c100-4640-8633-86b81471f851,
28efe268-f9ac-4ecc-b681-5bfb9692888e,Sweat de tennis Nike Fleece Heritage Homme Blanc,Nike,textile,https://www.protennis.fr/43061-marketing_default/sweat-homme-nike-fleece-heritage-blanc.jpg,85.00,51.00,40,9bcb1729-926d-4462-b949-57f991e08673,https://www.protennis.fr/59229-sweat-homme-nike-fleece-heritage-blanc.html,active,true,,2026-09-22T18:20:29.775Z,2026-09-25T04:01:51.021Z,db079b81-b353-44ae-a693-5ba79da33734,Blanc
2900a7f2-3696-4484-8a13-f5626142c162,Debardeur de tennis Nike Slam Melbourne Femme Gris clair,Nike,textile,https://www.protennis.fr/36863-marketing_default/debardeur-femme-nike-slam-melbourne-gris-clair-.jpg,80.00,48.00,40,9bcb1729-926d-4462-b949-57f991e08673,https://www.protennis.fr/58420-debardeur-femme-nike-slam-melbourne-gris-clair-.html,active,true,,2026-09-22T18:20:31.926Z,2026-09-25T04:01:51.671Z,00683833-3a94-4fec-8929-839b32b24412,Gris
29111011-9f2b-42b2-bba4-cb2f5d893d04,Chaussures de tennis Adidas Barricade 14 Homme Noir,Adidas,chaussures,https://www.protennis.fr/45751-marketing_default/chaussures-de-tennis-adidas-barricade-14-homme-noir.jpg,160.00,96.00,40,9bcb1729-926d-4462-b949-57f991e08673,https://www.protennis.fr/59558-chaussures-de-tennis-adidas-barricade-14-homme-noir.html,active,true,,2026-09-22T18:20:08.169Z,2026-09-25T04:01:44.008Z,36ebd60c-4667-426c-a6b1-88b3fb463868,Noir
29808351-1bb1-4592-b626-1fb97139e107,T-shirt de tennis Le Coq Sportif Yannick Noah Enfant Blanc Jaune PE24,Le Coq Sportif,textile,https://www.protennis.fr/33336-marketing_default/t-shirt-le-coq-sportif-yannick-noah-enfant-blanc-jaune-pe24.jpg,50.00,25.00,50,9bcb1729-926d-4462-b949-57f991e08673,https://www.protennis.fr/57992-t-shirt-le-coq-sportif-yannick-noah-enfant-blanc-jaune-pe24.html,active,true,,2026-09-22T18:20:26.137Z,2026-09-25T04:01:49.972Z,0fa66074-0708-4754-945b-32bc0d0339fb,Blanc Jaune
2990a8e5-ed75-43ad-9394-193bbd37b661,Antivibrateur de tennis Wilson Antivibrateur Pro feel Ultra,Wilson,accessoires,https://www.protennis.fr/46897-marketing_default/antivibrateur-de-tennis-wilson-antivibrateur-pro-feel-ultra.jpg,8.00,7.20,10,9bcb1729-926d-4462-b949-57f991e08673,https://www.protennis.fr/59664-antivibrateur-de-tennis-wilson-antivibrateur-pro-feel-ultra.html,active,true,,2026-09-22T18:20:35.817Z,2026-09-25T04:01:52.845Z,af7439ae-9410-48da-b075-3062c7a684cc,
2a259930-b78e-413b-97b1-ec305f6d80d7,Sweat de tennis Nike Fleece Heritage Homme Noir,Nike,textile,https://www.protennis.fr/41685-marketing_default/sweat-homme-nike-fleece-heritage-noir.jpg,85.00,51.00,40,9bcb1729-926d-4462-b949-57f991e08673,https://www.protennis.fr/59043-sweat-homme-nike-fleece-heritage-noir.html,active,true,,2026-09-22T18:20:29.981Z,2026-09-25T04:01:51.087Z,98f326a5-a28e-49d2-a9da-2b7009af764c,Noir
2a263385-9632-403b-a9c5-3e057647b933,Sac à dos de tennis Head Tour Backpack 25L Noir,Head,accessoires,https://www.protennis.fr/45468-marketing_default/sac-a-dos-de-tennis-head-tour-backpack-25l-noir.jpg,80.00,56.00,30,9bcb1729-926d-4462-b949-57f991e08673,https://www.protennis.fr/59507-sac-a-dos-de-tennis-head-tour-backpack-25l-noir.html,active,true,,2026-09-22T18:20:39.197Z,2026-09-25T04:01:53.930Z,7c1194c7-08f9-412b-9207-7a8fc021449b,Noir
2a7a9d88-69ac-48d2-8817-dcac7750c6bc,Chaussures de tennis Adidas Courtflash Enfant Blanc Orange,Adidas,chaussures,https://www.protennis.fr/48191-marketing_default/chaussures-de-tennis-adidas-courtflash-enfant-blanc-orange.jpg,55.00,33.00,40,9bcb1729-926d-4462-b949-57f991e08673,https://www.protennis.fr/59815-chaussures-de-tennis-adidas-courtflash-enfant-blanc-orange.html,active,true,,2026-09-22T18:20:06.950Z,2026-09-25T04:01:43.656Z,2dc978f3-6b89-4164-981b-80fe2fc7e182,Blanc Orange
2a7b1ac2-59a4-426d-ba5e-fca165747a12,Sac de tennis 12 raquettes Babolat Pure Drive Gen11,Babolat,accessoires,https://www.protennis.fr/36324-marketing_default/sac-de-tennis-12-raquettes-babolat-pure-drive-gen11.jpg,150.00,105.00,30,9bcb1729-926d-4462-b949-57f991e08673,https://www.protennis.fr/58389-sac-de-tennis-12-raquettes-babolat-pure-drive-gen11.html,active,true,,2026-09-22T18:20:40.473Z,2026-09-25T04:01:54.348Z,bab903c6-505b-4742-9b4f-4d92284250da,
2a884f0f-ae57-43f5-b42d-f1ca46d0eaac,Protection raquette de tennis Babolat Super Tape,Head,accessoires,https://www.protennis.fr/38412-marketing_default/protection-raquette-de-tennis-babolat-super-tape.jpg,7.50,5.25,30,9bcb1729-926d-4462-b949-57f991e08673,https://www.protennis.fr/58658-protection-raquette-de-tennis-babolat-super-tape.html,active,true,,2026-09-22T18:20:33.772Z,2026-09-25T04:01:52.278Z,574dd0b3-bb6a-4c73-b837-ef95979adea7,
2a9d18ae-fcac-4971-9f8a-29d5780571fe,Sac à dos de tennis Wilson Roland Garros 2026 Cream,Wilson,accessoires,https://www.protennis.fr/48591-marketing_default/sac-a-dos-de-tennis-wilson-roland-garros-2026-cream.jpg,95.00,76.00,20,9bcb1729-926d-4462-b949-57f991e08673,https://www.protennis.fr/59853-sac-a-dos-de-tennis-wilson-roland-garros-2026-cream.html,active,true,,2026-09-22T18:20:41.565Z,2026-09-25T04:01:54.601Z,8b68e6af-ae67-48ac-b96d-8e1e86f419a8,
2b11152a-3626-47e2-a882-32a202e82681,Raquette de tennis Babolat Pure Strike 100 16x20 2024,Babolat,raquettes,https://www.protennis.fr/29331-marketing_default/babolat-pure-strike-100-16x20-2024.jpg,280.00,140.00,50,9bcb1729-926d-4462-b949-57f991e08673,https://www.protennis.fr/57494-babolat-pure-strike-100-16x20-2024.html,active,true,,2026-09-22T18:19:48.203Z,2026-09-25T04:01:37.823Z,45f0f189-f418-4a70-a955-1b884a1991e9,
2b2cbfee-80ef-4ff2-b1af-604a28894a83,Chaussures de tennis Nike Vapor Pro 3 Terre Battue Homme Noir,Nike,chaussures,https://www.protennis.fr/43136-marketing_default/chaussures-nike-vapor-pro-3-terre-battue-homme-noir.jpg,130.00,78.00,40,9bcb1729-926d-4462-b949-57f991e08673,https://www.protennis.fr/59237-chaussures-nike-vapor-pro-3-terre-battue-homme-noir.html,active,true,,2026-09-22T18:20:14.149Z,2026-09-25T04:01:45.722Z,48865ca2-d376-489e-a96f-6a5243f581e2,Noir
2b38e714-afed-485c-84df-a6abe1921223,Chaussures de tennis Lacoste AG-LT Ultra Clay Edition RG Homme Bleu Marine,Lacoste,chaussures,https://www.protennis.fr/48824-marketing_default/chaussures-de-tennis-lacoste-ag-lt-ultra-clay-edition-rg-homme-bleu-marine.jpg,160.00,96.00,40,9bcb1729-926d-4462-b949-57f991e08673,https://www.protennis.fr/59876-chaussures-de-tennis-lacoste-ag-lt-ultra-clay-edition-rg-homme-bleu-marine.html,active,true,,2026-09-22T18:20:06.736Z,2026-09-25T04:01:43.580Z,bf41a147-3d68-433e-9558-dda4bcd9f108,Bleu Marine
2b5443ca-13fd-4486-b3af-91e833db1274,Short de tennis Lacoste Ultra Dry Homme Noir,Lacoste,textile,https://www.protennis.fr/35222-marketing_default/short-lacoste-ultra-dry-homme-noir-ah24.jpg,75.00,45.00,40,9bcb1729-926d-4462-b949-57f991e08673,https://www.protennis.fr/58237-short-lacoste-ultra-dry-homme-noir-ah24.html,active,true,,2026-09-22T18:20:24.909Z,2026-09-25T04:01:49.589Z,cea603b9-82e5-4406-a11f-4e7d587a6e1a,Noir
2be8a639-b244-4bcc-8393-6cd85e816b9a,Sac de tennis Yonex Sac Pro 9 Raquettes Rouge,Yonex,accessoires,https://www.protennis.fr/40396-marketing_default/sac-de-tennis-yonex-sac-pro-9-raquettes-rouge.jpg,150.00,105.00,30,9bcb1729-926d-4462-b949-57f991e08673,https://www.protennis.fr/58909-sac-de-tennis-yonex-sac-pro-9-raquettes-rouge.html,active,true,,2026-09-22T18:20:42.534Z,2026-09-25T04:01:54.886Z,2c5188c3-b168-485e-af68-e990b7b1cf95,Rouge
2bf939c2-81d4-4c15-b420-58577135a746,Short 2 en 1 Homme Adidas Blanc Trefle,Adidas,textile,https://www.protennis.fr/42378-marketing_default/short-2-en-1-homme-adidas-blanc-trefle.jpg,75.00,45.00,40,9bcb1729-926d-4462-b949-57f991e08673,https://www.protennis.fr/59144-short-2-en-1-homme-adidas-blanc-trefle.html,active,true,,2026-09-22T18:20:19.450Z,2026-09-25T04:01:47.574Z,fc305d69-31d6-4972-af34-6490522a6c81,Blanc
2c175b54-8f75-4ef1-9fd6-2be4c4a394e1,Raquette de tennis Wilson Ultra 25 V4.0 2023,Wilson,raquettes,https://www.protennis.fr/22493-marketing_default/wilson-ultra-25-v40-2023.jpg,125.00,87.50,30,9bcb1729-926d-4462-b949-57f991e08673,https://www.protennis.fr/56320-wilson-ultra-25-v40-2023.html,active,true,,2026-09-22T18:19:57.063Z,2026-09-25T04:01:40.644Z,514f407c-7d8a-4049-a642-f22d697e81f7,
2c39147b-33d1-4947-985d-a68073859f91,Chaussures de tennis Asics Solution Speed FF 3 Homme Rouge fluo,Asics,chaussures,https://www.protennis.fr/40974-marketing_default/chaussures-de-tennis-asics-solution-speed-ff-3-homme-rouge-fluo.jpg,150.00,90.00,40,9bcb1729-926d-4462-b949-57f991e08673,https://www.protennis.fr/58936-chaussures-de-tennis-asics-solution-speed-ff-3-homme-rouge-fluo.html,active,true,,2026-09-22T18:20:15.265Z,2026-09-25T04:01:46.038Z,bd9314d9-abdc-4241-b013-7da025742d59,Rouge
2c5d20de-1bb4-4acf-a301-5919709dd0fc,Raquette de tennis Babolat Pure Drive Team Wimbledon,Babolat,raquettes,https://www.protennis.fr/21834-marketing_default/babolat-pure-drive-team-wimbledon.jpg,240.00,129.00,46,9bcb1729-926d-4462-b949-57f991e08673,https://www.protennis.fr/56078-babolat-pure-drive-team-wimbledon.html,active,true,,2026-09-22T10:32:43.035Z,2026-09-25T04:01:37.651Z,1a1b9143-fd5e-4a04-ad19-d87ec8c3cd67,
2cac4176-51da-456a-8e1d-50719ed473cc,Sac de tennis Head Tour Racquet Bag XL Extreme Vert,Head,accessoires,https://www.protennis.fr/50035-marketing_default/sac-de-tennis-head-tour-racquet-bag-xl-extreme-vert.jpg,130.00,117.00,10,9bcb1729-926d-4462-b949-57f991e08673,https://www.protennis.fr/59990-sac-de-tennis-head-tour-racquet-bag-xl-extreme-vert.html,active,true,,2026-09-22T18:20:37.711Z,2026-09-25T04:01:53.495Z,e6896716-cfb1-4307-9ed8-a8b535ea2fc5,Vert
2cba98a3-5e06-493b-9f4d-856367de10fd,Antivibrateur de tennis Wilson Antivibrateur Pro feel Blade,Wilson,accessoires,https://www.protennis.fr/31909-marketing_default/wilson-antivibrateur-pro-feel-blade.jpg,8.00,5.60,30,9bcb1729-926d-4462-b949-57f991e08673,https://www.protennis.fr/57648-wilson-antivibrateur-pro-feel-blade.html,active,true,,2026-09-22T18:20:34.282Z,2026-09-25T04:01:52.944Z,e5fd451a-815c-4804-9524-e6a9583c142c,
2ccd7803-721e-43e8-9715-9755e4bbcc17,Chaussures de tennis Asics Solution Speed FF 4 Homme Gris vert,Asics,chaussures,https://www.protennis.fr/44926-marketing_default/chaussures-de-tennis-asics-solution-speed-ff-4-homme-gris-vert.jpg,160.00,96.00,40,9bcb1729-926d-4462-b949-57f991e08673,https://www.protennis.fr/59422-chaussures-de-tennis-asics-solution-speed-ff-4-homme-gris-vert.html,active,true,,2026-09-22T18:20:13.450Z,2026-09-25T04:01:44.141Z,7f701481-f267-4e7f-af93-a6e61e5bf84b,Gris Vert
2cf9a7e7-27a8-4a7e-b184-1aaf171d71dd,Sweat Asics Femme Performance Noir,Asics,textile,https://www.protennis.fr/42275-marketing_default/sweat-asics-femme-performance-noir.jpg,65.00,39.00,40,9bcb1729-926d-4462-b949-57f991e08673,https://www.protennis.fr/59174-sweat-asics-femme-performance-noir.html,active,true,,2026-09-22T18:20:22.659Z,2026-09-25T04:01:48.856Z,04899f08-a4fa-4a4f-8357-70ff27e9662d,Noir
2d529621-300f-44cf-a2e5-afa8a8f5b031,Raquette de tennis Wilson Clash 100 UL V3 Reverse,Wilson,raquettes,https://www.protennis.fr/46890-marketing_default/raquette-de-tennis-wilson-clash-100-ul-v3-reverse.jpg,210.00,147.00,30,9bcb1729-926d-4462-b949-57f991e08673,https://www.protennis.fr/59670-raquette-de-tennis-wilson-clash-100-ul-v3-reverse.html,active,true,,2026-09-22T18:19:56.439Z,2026-09-25T04:01:40.336Z,c552e3db-2758-401f-8d63-2a7523bc0c88,
2d77a50e-67a3-4bc9-bf3b-c9ae2acc82d7,Short de tennis Asics Match 7 Homme Night Energy,Asics,textile,https://www.protennis.fr/50436-marketing_default/short-de-tennis-asics-match-7-homme-night-energy.jpg,70.00,56.00,20,9bcb1729-926d-4462-b949-57f991e08673,https://www.protennis.fr/60033-short-de-tennis-asics-match-7-homme-night-energy.html,active,true,,2026-09-22T18:20:22.144Z,2026-09-25T04:01:48.706Z,669973a1-3fc3-4802-bc79-fa4122732a27,
2d7c4425-f78f-4ad1-97bd-ab35cad9625d,Sac de tennis 6 raquettes Babolat Pure Drive Gen11,Babolat,accessoires,https://www.protennis.fr/36320-marketing_default/sac-de-tennis-6-raquettes-babolat-pure-drive-gen11.jpg,120.00,84.00,30,9bcb1729-926d-4462-b949-57f991e08673,https://www.protennis.fr/58388-sac-de-tennis-6-raquettes-babolat-pure-drive-gen11.html,active,true,,2026-09-22T18:20:42.909Z,2026-09-25T04:01:54.998Z,8191fcb5-b481-4069-8672-f139d3694b8a,
2dd62752-7260-4157-bc83-845c9fc5c8a2,Surgrip de tennis WILSON PRO OVERGRIP PACK 3,Wilson,accessoires,https://www.protennis.fr/12363-marketing_default/wilson-pro-overgrip-pack-3.jpg,9.50,6.65,30,9bcb1729-926d-4462-b949-57f991e08673,https://www.protennis.fr/12721-wilson-pro-overgrip-pack-3.html,active,true,,2026-09-22T18:20:35.639Z,2026-09-25T04:01:52.801Z,4b615e7b-bbe1-43cf-b294-389b0664868d,
2e16a854-115c-43c6-8c13-822d31f7447b,Pantalon de tennis femme Mizuno Training Sweat Pantalon Femme AH22,Mizuno,textile,https://www.protennis.fr/28889-marketing_default/mizuno-training-sweat-pantalon-femme-ah22.jpg,60.00,30.00,50,9bcb1729-926d-4462-b949-57f991e08673,https://www.protennis.fr/56620-mizuno-training-sweat-pantalon-femme-ah22.html,active,true,,2026-09-22T18:20:26.651Z,2026-09-25T04:01:50.118Z,3f9be57e-f732-4267-a352-3dbbf5edf569,
2e81df3c-502e-45ab-b825-3ce08da57ce3,Lot de 3 Paires de chaussettes Hautes Nike Everyday Elevated Noir,Nike,textile,https://www.protennis.fr/47455-marketing_default/lot-de-3-paires-de-chaussettes-hautes-nike-everyday-elevated-noir.jpg,19.99,17.99,10,9bcb1729-926d-4462-b949-57f991e08673,https://www.protennis.fr/59741-lot-de-3-paires-de-chaussettes-hautes-nike-everyday-elevated-noir.html,active,true,,2026-09-22T18:20:33.180Z,2026-09-25T04:01:52.088Z,dc223e6e-6af0-4ed5-b2aa-35a9b518b336,Noir
2ef2e04c-4e99-469b-b566-1b7ce8219724,Sac de tennis Head Racquet Bag L Noir,Head,accessoires,https://www.protennis.fr/41800-marketing_default/sac-de-tennis-head-racquet-bag-l-noir.jpg,149.90,104.93,30,9bcb1729-926d-4462-b949-57f991e08673,https://www.protennis.fr/59077-sac-de-tennis-head-racquet-bag-l-noir.html,active,true,,2026-09-22T18:20:39.834Z,2026-09-25T04:01:54.139Z,db82ffe0-5783-4ad3-b612-0efc5a4d981b,Noir
2f15f04d-b47e-458b-a2e8-e82c4157a4ba,Short de tennis Nike Victory 7 Homme Blanc,Nike,textile,https://www.protennis.fr/30006-marketing_default/short-de-tennis-nike-victory-short-7-homme-blanc-hiver-2024.jpg,45.00,27.00,40,9bcb1729-926d-4462-b949-57f991e08673,https://www.protennis.fr/57542-short-de-tennis-nike-victory-short-7-homme-blanc-hiver-2024.html,active,true,,2026-09-22T18:20:29.365Z,2026-09-25T04:01:50.910Z,578eddc1-ce15-4400-bbc7-eb939891d594,Blanc
2fb823c5-97cb-42e1-865b-fb349ca24d49,Raquettes de tennis Prince by Hydrogen Neon 275g 2024,Hydrogen,raquettes,https://www.protennis.fr/32955-marketing_default/raquettes-de-tennis-prince-by-hydrogen-neon-275g-2024.jpg,230.00,139.00,40,9bcb1729-926d-4462-b949-57f991e08673,https://www.protennis.fr/57859-raquettes-de-tennis-prince-by-hydrogen-neon-275g-2024.html,active,true,,2026-09-22T18:19:52.935Z,2026-09-25T04:01:39.325Z,8f5edc61-8214-401f-9b50-973b84df579f,
2fc0783c-61fd-4abf-b0dd-94d976065c21,Raquette de tennis Head Speed MP Legend 2025,Head,raquettes,https://www.protennis.fr/41826-marketing_default/raquette-de-tennis-head-speed-mp-legend-2025.jpg,289.90,202.93,30,9bcb1729-926d-4462-b949-57f991e08673,https://www.protennis.fr/59078-raquette-de-tennis-head-speed-mp-legend-2025.html,active,true,,2026-09-22T18:19:49.660Z,2026-09-25T04:01:38.310Z,cf9d69ff-184e-4b2e-adc7-c851ff5cd782,
3033d58b-1798-4e8e-943d-0442aa1ef2dc,Debardeur de tennis Adidas Club enfant Blanc,Adidas,textile,https://www.protennis.fr/46140-marketing_default/debardeur-de-tennis-adidas-club-enfant-blanc.jpg,35.00,21.00,40,9bcb1729-926d-4462-b949-57f991e08673,https://www.protennis.fr/59595-debardeur-de-tennis-adidas-club-enfant-blanc.html,active,true,,2026-09-22T18:20:18.591Z,2026-09-25T04:01:47.310Z,c6ec5d41-87d6-4b4e-be1a-309d5631d50f,Blanc
304da0de-e04d-4cf5-9fea-0e67132c2f3b,T-shirt de tennis Nike Court Slam Homme Blanc,Nike,textile,https://www.protennis.fr/49429-marketing_default/t-shirt-de-tennis-nike-court-slam-homme-blanc.jpg,89.99,62.99,30,9bcb1729-926d-4462-b949-57f991e08673,https://www.protennis.fr/59946-t-shirt-de-tennis-nike-court-slam-homme-blanc.html,active,true,,2026-09-22T18:20:27.378Z,2026-09-25T04:01:50.341Z,b57e5fd1-9f98-4b96-8097-e270762cbd0c,Blanc
307fb97f-2f4f-465c-a935-5f439235c32e,Chaussures de tennis Asics Gel Resolution X Femme Blanc vert,Asics,chaussures,https://www.protennis.fr/40714-marketing_default/chaussures-de-tennis-asics-gel-resolution-x-femme-blanc-vert.jpg,160.00,96.00,40,9bcb1729-926d-4462-b949-57f991e08673,https://www.protennis.fr/58928-chaussures-de-tennis-asics-gel-resolution-x-femme-blanc-vert.html,active,true,,2026-09-22T18:20:15.458Z,2026-09-25T04:01:46.093Z,5cd0f9c0-727a-4f24-a95a-3449fea8dc01,Blanc Vert
308551a2-fb6a-447d-a051-6b3dcdeba6f4,Haut de tennis à manches longues 1/2 Zip Enfant Nike Multi Noir,Nike,textile,https://www.protennis.fr/36913-marketing_default/haut-a-manches-longues-12-zip-enfant-nike-multi-noir.jpg,43.00,25.80,40,9bcb1729-926d-4462-b949-57f991e08673,https://www.protennis.fr/58410-haut-a-manches-longues-12-zip-enfant-nike-multi-noir.html,active,true,,2026-09-22T18:20:31.982Z,2026-09-25T04:01:51.694Z,20255865-c1ae-4ca5-be26-e2425388df12,Noir
30e6f88c-1998-4ff9-a669-98eae04feea0,Chaussures de tennis Asics Challenger 15 Homme Vert fluo,Asics,chaussures,https://www.protennis.fr/40686-marketing_default/chaussures-de-tennis-asics-challenger-15-homme-vert-fluo.jpg,120.00,72.00,40,9bcb1729-926d-4462-b949-57f991e08673,https://www.protennis.fr/58934-chaussures-de-tennis-asics-challenger-15-homme-vert-fluo.html,active,true,,2026-09-22T18:20:15.342Z,2026-09-25T04:01:46.060Z,6d87d925-a437-4709-9e73-95c70fef0130,Vert
3109733e-fd3c-488b-a85f-0dffa80e52ec,T-Shirt de tennis Adidas FreeLift Homme Pure Orange,Adidas,textile,https://www.protennis.fr/45725-marketing_default/t-shirt-de-tennis-adidas-freelift-homme-pure-orange.jpg,60.00,36.00,40,9bcb1729-926d-4462-b949-57f991e08673,https://www.protennis.fr/59553-t-shirt-de-tennis-adidas-freelift-homme-pure-orange.html,active,true,,2026-09-22T18:20:19.047Z,2026-09-25T04:01:47.465Z,b1472565-89d7-4990-843d-0a5286b2cb02,Orange
31131af2-bb72-446b-ac99-1fdeff0255ee,Chaussures de tennis Asics Solution Speed FF 4 Homme White And Midnight,Asics,chaussures,https://www.protennis.fr/49569-marketing_default/chaussures-de-tennis-asics-solution-speed-ff-4-homme-white-and-midnight.jpg,160.00,128.00,20,9bcb1729-926d-4462-b949-57f991e08673,https://www.protennis.fr/59961-chaussures-de-tennis-asics-solution-speed-ff-4-homme-white-and-midnight.html,active,true,,2026-09-22T18:20:06.272Z,2026-09-25T04:01:43.453Z,9ea7b953-7cc3-4c9f-a643-d57dfe2d8915,Blanc
3130a58f-a008-44b0-a7c8-c6a26b24fd5f,Pack T-shirt et Casquette de tennis Lacoste Novak Djokovic Homme Orange,Lacoste,textile,https://www.protennis.fr/48715-marketing_default/pack-t-shirt-et-casquette-de-tennis-lacoste-novak-djokovic-homme-orange.jpg,70.00,42.00,40,9bcb1729-926d-4462-b949-57f991e08673,https://www.protennis.fr/59866-pack-t-shirt-et-casquette-de-tennis-lacoste-novak-djokovic-homme-orange.html,active,true,,2026-09-22T18:20:24.295Z,2026-09-25T04:01:49.387Z,a1dafcf8-8b8d-4bc0-87a2-dea7cf320391,Orange
318dfa6f-f262-48e5-86fb-485579478c3b,Pantalon de tennis Nike Heritage Homme Bleu canard,Nike,textile,https://www.protennis.fr/41679-marketing_default/pantalon-homme-nike-heritage-bleu-canard.jpg,65.00,39.00,40,9bcb1729-926d-4462-b949-57f991e08673,https://www.protennis.fr/59040-pantalon-homme-nike-heritage-bleu-canard.html,active,true,,2026-09-22T18:20:31.029Z,2026-09-25T04:01:51.418Z,7fe16d41-320b-48ea-95b5-39cf51cdcb8f,Bleu
31da7cd5-efd9-4b92-9d30-405b24839eb8,Raquette de tennis Tecnifibre Fire 260 OS,Tecnifibre,raquettes,https://www.protennis.fr/47109-marketing_default/raquette-de-tennis-tecnifibre-fire-260-os.jpg,230.00,161.00,30,9bcb1729-926d-4462-b949-57f991e08673,https://www.protennis.fr/59710-raquette-de-tennis-tecnifibre-fire-260-os.html,active,true,,2026-09-22T18:19:54.448Z,2026-09-25T04:01:39.787Z,0422fa7c-f9a6-43bf-ac75-d4c29264be6c,
320399e7-7b88-4eca-a5f7-92e9fd98e402,Short de tennis Nike Advantage Short 7 Homme Parme Automne 2024,Nike,textile,https://www.protennis.fr/33812-marketing_default/short-de-tennis-nike-advantage-short-7-homme-parme-automne-2024.jpg,60.00,30.00,50,9bcb1729-926d-4462-b949-57f991e08673,https://www.protennis.fr/58055-short-de-tennis-nike-advantage-short-7-homme-parme-automne-2024.html,active,true,,2026-09-22T18:20:32.345Z,2026-09-25T04:01:51.803Z,4e7fadb8-bdda-45fa-9344-41589a7d4014,
3207b002-5e28-478a-b23d-56f69a5d38fa,Polo Babolat 150ans Homme Creme,Babolat,textile,https://www.protennis.fr/39948-marketing_default/polo-babolat-150ans-homme-creme.jpg,50.00,30.00,40,9bcb1729-926d-4462-b949-57f991e08673,https://www.protennis.fr/58845-polo-babolat-150ans-homme-creme.html,active,true,,2026-09-22T18:20:23.065Z,2026-09-25T04:01:48.991Z,8f79ea46-e30f-4955-a389-3264c9da5e95,
3212107d-835e-495f-94fe-f57d103a7701,Chaussures Asics Gel Resolution X Femme Terre Battue Noir rouge,Asics,chaussures,https://www.protennis.fr/44709-marketing_default/chaussures-asics-gel-resolution-x-femme-terre-battue-noir-rouge.jpg,160.00,96.00,40,9bcb1729-926d-4462-b949-57f991e08673,https://www.protennis.fr/59407-chaussures-asics-gel-resolution-x-femme-terre-battue-noir-rouge.html,active,true,,2026-09-22T18:20:08.924Z,2026-09-25T04:01:44.234Z,b0c4a03c-9908-4c73-a5ab-9d3b3ba768c8,Noir Rouge
321427b4-7d7f-4e96-b7b9-1986ac2a0a45,T-Shirt de tennis Adidas Climacool FreeLift Homme Bleu Marine,Adidas,textile,https://www.protennis.fr/48450-marketing_default/t-shirt-de-tennis-adidas-climacool-freelift-homme-bleu-marine.jpg,60.00,36.00,40,9bcb1729-926d-4462-b949-57f991e08673,https://www.protennis.fr/59843-t-shirt-de-tennis-adidas-climacool-freelift-homme-bleu-marine.html,active,true,,2026-09-22T18:20:18.542Z,2026-09-25T04:01:47.287Z,657225d1-625d-47f6-9cb7-dc27cc407d77,Bleu Marine
3234de09-75d0-47c5-8f43-1207af214b03,Short de tennis Lacoste Ultra Dry stretch Homme Blanc Écru,Lacoste,textile,https://www.protennis.fr/44059-marketing_default/short-de-tennis-lacoste-ultra-dry-stretch-homme-blanc-ecru.jpg,90.00,54.00,40,9bcb1729-926d-4462-b949-57f991e08673,https://www.protennis.fr/59347-short-de-tennis-lacoste-ultra-dry-stretch-homme-blanc-ecru.html,active,true,,2026-09-22T18:20:24.679Z,2026-09-25T04:01:49.511Z,ca78b788-c359-4a53-85ac-e98098adbf8e,Blanc
325a872b-b764-43bf-b12f-d66bce2f2caa,Haut à manches longues 1/2 Zip Enfant Nike Rose,Nike,textile,https://www.protennis.fr/41352-marketing_default/haut-a-manches-longues-12-zip-enfant-nike-rose.jpg,43.00,25.80,40,9bcb1729-926d-4462-b949-57f991e08673,https://www.protennis.fr/58995-haut-a-manches-longues-12-zip-enfant-nike-rose.html,active,true,,2026-09-22T18:20:30.852Z,2026-09-25T04:01:51.362Z,b18e46fd-78d5-4b72-94c6-f93dba3a7cbf,Rose
326cfb08-eb93-4805-bf58-b9cd2a7785f0,Raquette de tennis Head Gravity Jr 26 2025,Head,raquettes,https://www.protennis.fr/36231-marketing_default/raquette-de-tennis-head-gravity-jr-26-2025.jpg,120.00,84.00,30,9bcb1729-926d-4462-b949-57f991e08673,https://www.protennis.fr/58378-raquette-de-tennis-head-gravity-jr-26-2025.html,active,true,,2026-09-22T18:19:50.965Z,2026-09-25T04:01:38.707Z,332f9fe5-57d0-47e7-93cd-eb08a56b0991,
32766f4f-576a-4bcf-b5bb-c00517651740,Balles de tennis Tecnifibre Carton Balles Club 36 Tubes de 4 Balles,Tecnifibre,accessoires,https://www.protennis.fr/39554-marketing_default/tecnifibre-carton-balles-club-36-tubes-de-4-balles.jpg,306.00,270.00,12,9bcb1729-926d-4462-b949-57f991e08673,https://www.protennis.fr/56189-tecnifibre-carton-balles-club-36-tubes-de-4-balles.html,active,true,,2026-09-22T18:20:37.455Z,2026-09-25T04:01:53.406Z,504907d0-1460-44a7-8d87-856b871e851f,
32a4a0c1-3996-4ef2-b720-dab7d76291be,Sac a dos de tennis Tecnifibre Reform,Tecnifibre,accessoires,https://www.protennis.fr/47083-marketing_default/sac-a-dos-tecnifibre-reform.jpg,90.00,63.00,30,9bcb1729-926d-4462-b949-57f991e08673,https://www.protennis.fr/59707-sac-a-dos-tecnifibre-reform.html,active,true,,2026-09-22T18:20:38.521Z,2026-09-25T04:01:53.719Z,315d99ee-c516-4f73-8909-8be33450985d,
32dc4cda-92e1-4847-ab9a-bfde5f0c1b26,"Short de tennis Nike DriFIT Advantage 6"" Homme Rouge",Nike,textile,https://www.protennis.fr/41536-marketing_default/short-nike-drifit-advantage-6-homme-rouge.jpg,60.00,36.00,40,9bcb1729-926d-4462-b949-57f991e08673,https://www.protennis.fr/59030-short-nike-drifit-advantage-6-homme-rouge.html,active,true,,2026-09-22T18:20:30.700Z,2026-09-25T04:01:51.307Z,71bf1e43-58d0-4b33-8aa3-a871b62280e1,Rouge
32e86663-9896-4542-93f3-0120b074ca33,Chaussures de tennis Nike GP Challenge 1 Premium Homme Beige Vert Printemps 2024,Nike,chaussures,https://www.protennis.fr/29948-marketing_default/nike-gp-challenge-1-premium-homme-beige-vert-printemps-2024.jpg,160.00,80.00,50,9bcb1729-926d-4462-b949-57f991e08673,https://www.protennis.fr/57570-nike-gp-challenge-1-premium-homme-beige-vert-printemps-2024.html,active,true,,2026-09-22T18:20:17.490Z,2026-09-25T04:01:46.620Z,0dfcbefd-25f8-4e5c-a2f7-63def96447db,Beige Vert
32fef7fa-43a9-4d61-ac82-6b02d9fee694,Balles de tennis Dunlop Balles ATP Tubes de 4 balles,Dunlop,accessoires,https://www.protennis.fr/40299-marketing_default/dunlop-balles-atp.jpg,9.49,8.60,9,9bcb1729-926d-4462-b949-57f991e08673,https://www.protennis.fr/53680-dunlop-balles-atp.html,active,true,,2026-09-22T18:20:37.000Z,2026-09-25T04:01:53.262Z,c92ad317-0bc3-44a6-b8d1-82da7e49a982,
331aaf84-c29a-4a75-8c54-cec3f8e85ad1,Raquette de tennis Wilson Blade 100 PRO V10,Wilson,raquettes,https://www.protennis.fr/48384-marketing_default/raquette-de-tennis-wilson-blade-100-pro-v10.jpg,290.00,232.00,20,9bcb1729-926d-4462-b949-57f991e08673,https://www.protennis.fr/59833-raquette-de-tennis-wilson-blade-100-pro-v10.html,active,true,,2026-09-22T18:19:57.317Z,2026-09-25T04:01:40.767Z,d65f0877-6a46-4509-898f-d1b99c604c52,
33250f18-661d-490d-b425-674bad942488,Raquette de tennis Tecnifibre Fire 300,Tecnifibre,raquettes,https://www.protennis.fr/47126-marketing_default/raquette-de-tennis-tecnifibre-fire-300.jpg,250.00,175.00,30,9bcb1729-926d-4462-b949-57f991e08673,https://www.protennis.fr/59713-raquette-de-tennis-tecnifibre-fire-300.html,active,true,,2026-09-22T18:19:54.348Z,2026-09-25T04:01:39.754Z,4aafee71-1c48-43dd-8021-37c15ba48adf,
336ff7be-13db-4110-b050-929fefad88d4,Chaussures Asics Solution Speed FF 4 Terre Battue Homme Vert rose,Asics,chaussures,https://www.protennis.fr/44997-marketing_default/chaussures-asics-solution-speed-ff-4-terre-battue-homme-vert-rose.jpg,160.00,96.00,40,9bcb1729-926d-4462-b949-57f991e08673,https://www.protennis.fr/59426-chaussures-asics-solution-speed-ff-4-terre-battue-homme-vert-rose.html,active,true,,2026-09-22T18:20:13.425Z,2026-09-25T04:01:45.521Z,95e38471-a8c5-4f86-9346-4ecde39f338c,Vert Rose
338f30bb-a957-44a6-9152-e4cede8d3d35,Raquette de tennis Lacoste L23 300 gr Non Cordée,Lacoste,raquettes,https://www.protennis.fr/47144-marketing_default/raquette-de-tennis-lacoste-l23-300-gr.jpg,299.99,89.00,70,9bcb1729-926d-4462-b949-57f991e08673,https://www.protennis.fr/59700-raquette-de-tennis-lacoste-l23-300-gr.html,active,true,,2026-09-22T10:32:42.915Z,2026-09-25T04:01:39.383Z,3dd71307-3f97-4d8a-96c5-d41313a78c8b,
33cf1e58-305d-49af-964d-3edf399b642f,Raquette de tennis Babolat Pure Aero Gen9,Babolat,raquettes,https://www.protennis.fr/46564-marketing_default/raquette-de-tennis-babolat-pure-aero-gen9.jpg,290.00,203.00,30,9bcb1729-926d-4462-b949-57f991e08673,https://www.protennis.fr/59633-raquette-de-tennis-babolat-pure-aero-gen9.html,active,true,,2026-09-22T18:19:47.305Z,2026-09-25T04:01:37.477Z,ea7bdcaa-5fa5-4b76-9932-1c59c6be9cba,
33dfdbde-b68d-4e00-825d-6c6f8e534753,Lot de 3 Paires de chaussettes Hautes Nike Everyday Elevated Blanc,Nike,textile,https://www.protennis.fr/47450-marketing_default/lot-de-3-paires-de-chaussettes-hautes-nike-everyday-elevated-blanc.jpg,19.99,17.99,10,9bcb1729-926d-4462-b949-57f991e08673,https://www.protennis.fr/59740-lot-de-3-paires-de-chaussettes-hautes-nike-everyday-elevated-blanc.html,active,true,,2026-09-22T18:20:33.291Z,2026-09-25T04:01:52.121Z,bd036fdd-863c-4d34-95d2-9c0344c30578,Blanc
33ee16f8-057a-4a30-804b-1c3fb77259b3,Raquette de tennis Wilson Clash 100 L V3 Reverse,Wilson,raquettes,https://www.protennis.fr/46884-marketing_default/raquette-de-tennis-wilson-clash-100-l-v3-reverse.jpg,230.00,161.00,30,9bcb1729-926d-4462-b949-57f991e08673,https://www.protennis.fr/59671-raquette-de-tennis-wilson-clash-100-l-v3-reverse.html,active,true,,2026-09-22T18:19:56.392Z,2026-09-25T04:01:40.321Z,df8df3ff-1635-4465-9c45-aa94a45b867c,
34aa935f-b0cf-4d73-a578-4b4bd1032462,Raquette de tennis Wilson Burn 105 S Pink V6,Wilson,raquettes,https://www.protennis.fr/48128-marketing_default/raquette-de-tennis-wilson-burn-105-s-pink-v6.jpg,200.00,140.00,30,9bcb1729-926d-4462-b949-57f991e08673,https://www.protennis.fr/59810-raquette-de-tennis-wilson-burn-105-s-pink-v6.html,active,true,,2026-09-22T18:19:56.804Z,2026-09-25T04:01:40.494Z,1c701056-3238-436b-9790-c1e1f92ed264,Rose
35038acf-8ab5-4702-8d5c-42d17136c451,Balles de tennis Babolat Orange Carton de 24 Tubes de 3 Balles,Babolat,accessoires,https://www.protennis.fr/38540-marketing_default/babolat-orange-carton-de-24-tubes-de-3-balles.jpg,166.80,148.80,11,9bcb1729-926d-4462-b949-57f991e08673,https://www.protennis.fr/55540-babolat-orange-carton-de-24-tubes-de-3-balles.html,active,true,,2026-09-22T18:20:36.793Z,2026-09-25T04:01:53.208Z,4e8ce270-35b5-461e-9860-e92b2d7da769,Orange
351f3762-8b26-42c5-8a80-1bf3d00aa9f4,Robe de tennis Nike Advantage Femme Rouge,Nike,textile,https://www.protennis.fr/47764-marketing_default/robe-de-tennis-nike-advantage-femme-rouge.jpg,84.99,50.99,40,9bcb1729-926d-4462-b949-57f991e08673,https://www.protennis.fr/59763-robe-de-tennis-nike-advantage-femme-rouge.html,active,true,,2026-09-22T18:20:27.776Z,2026-09-25T04:01:50.466Z,7a73e07d-7d60-4e4c-be60-674b163f5d81,Rouge
3536ad73-b610-4b41-af38-a18319bf9883,Sac de tennis Wilson RF Tournament Racquet Bag 9PK Black 2024,Wilson,accessoires,https://www.protennis.fr/32805-marketing_default/sac-de-tennis-wilson-rf-tournament-racquet-bag-9pk-black-2024.jpg,150.00,95.00,37,9bcb1729-926d-4462-b949-57f991e08673,https://www.protennis.fr/57948-sac-de-tennis-wilson-rf-tournament-racquet-bag-9pk-black-2024.html,active,true,,2026-09-22T18:20:43.298Z,2026-09-25T04:01:55.130Z,9cb53e6d-2b36-40af-8410-37e0551878c7,Noir
35687dad-c485-4b47-9c23-1a1969cce776,T-shirt de tennis Le Coq Sportif Yannick Noah Enfant Blanc Bleu PE24,Le Coq Sportif,textile,https://www.protennis.fr/33333-marketing_default/t-shirt-le-coq-sportif-yannick-noah-enfant-blanc-bleu-pe24.jpg,50.00,25.00,50,9bcb1729-926d-4462-b949-57f991e08673,https://www.protennis.fr/57991-t-shirt-le-coq-sportif-yannick-noah-enfant-blanc-bleu-pe24.html,active,true,,2026-09-22T18:20:26.200Z,2026-09-25T04:01:49.983Z,53cfbf03-ff45-46f6-9fcb-fe146728c1d3,Blanc Bleu
35ba3f42-01b3-45c2-96fe-f6cbd00f2157,Short de tennis Nike Slam Short NY Homme Bleu pastel Automne 2023,Nike,textile,https://www.protennis.fr/27772-marketing_default/nike-slam-short-ny-homme-bleu-pastel-automne-2023.jpg,70.00,35.00,50,9bcb1729-926d-4462-b949-57f991e08673,https://www.protennis.fr/57130-nike-slam-short-ny-homme-bleu-pastel-automne-2023.html,active,true,,2026-09-22T18:20:32.704Z,2026-09-25T04:01:51.932Z,d7bd94a2-9edc-4300-b5c2-a46e34685a8c,Bleu
35c0d29a-9ed3-4974-bcb4-857d66cbf907,Raquettes de tennis Prince by Hydrogen Skull 260g 2024,Hydrogen,raquettes,https://www.protennis.fr/32965-marketing_default/raquettes-de-tennis-prince-by-hydrogen-skull-260g-2024.jpg,220.00,139.00,37,9bcb1729-926d-4462-b949-57f991e08673,https://www.protennis.fr/57860-raquettes-de-tennis-prince-by-hydrogen-skull-260g-2024.html,active,true,,2026-09-22T18:19:52.911Z,2026-09-25T04:01:39.313Z,f877a85f-6b78-4d68-bc7b-0ab32bc656d3,
3687f463-690f-4dee-9855-dd85817f5828,Short de tennis Asics Short Court 7IN Performance Homme Noir PE24,Asics,textile,https://www.protennis.fr/29566-marketing_default/asics-short-court-7in-performance-homme-noir-pe24.jpg,45.00,22.50,50,9bcb1729-926d-4462-b949-57f991e08673,https://www.protennis.fr/57411-asics-short-court-7in-performance-homme-noir-pe24.html,active,true,,2026-09-22T18:20:22.914Z,2026-09-25T04:01:48.935Z,5caaa52e-4e4d-4335-a6a7-d0277fcbc592,Noir
369b3605-279a-419e-8d6e-ab2012a7f3f9,Sac à dos de tennis Head Tour Backpack 25L Orange,Head,accessoires,https://www.protennis.fr/45458-marketing_default/sac-a-dos-de-tennis-head-tour-backpack-25l-orange.jpg,80.00,56.00,30,9bcb1729-926d-4462-b949-57f991e08673,https://www.protennis.fr/59504-sac-a-dos-de-tennis-head-tour-backpack-25l-orange.html,active,true,,2026-09-22T18:20:39.299Z,2026-09-25T04:01:53.962Z,fa95499f-7893-400d-ab30-4f2bc86ab254,Orange
36b03084-29f4-4690-9a84-ba2e5a7f82c6,Raquette de tennis Prince Textreme 2.5 O3 Ripstick 280g 2021,Prince,raquettes,https://www.protennis.fr/18188-marketing_default/prince-textreme-25-o3-ripstick-280g-2021.jpg,230.00,138.00,40,9bcb1729-926d-4462-b949-57f991e08673,https://www.protennis.fr/55096-prince-textreme-25-o3-ripstick-280g-2021.html,active,true,,2026-09-22T18:19:54.258Z,2026-09-25T04:01:39.732Z,d641aa40-69a2-474b-b8d2-57243136fe61,
36d05a42-126c-4c3b-82ba-fba1902c7553,Legging de tennis Lacoste Stretch Ultra Dry Femme Noir,Lacoste,textile,https://www.protennis.fr/43990-marketing_default/legging-de-tennis-lacoste-stretch-ultra-dry-femme-noir.jpg,110.00,66.00,40,9bcb1729-926d-4462-b949-57f991e08673,https://www.protennis.fr/59342-legging-de-tennis-lacoste-stretch-ultra-dry-femme-noir.html,active,true,,2026-09-22T18:20:24.815Z,2026-09-25T04:01:49.556Z,84a674cb-fca1-4155-8654-c49c2cafcf33,Noir
36d9e100-932d-4f9b-87e5-e2a88e99fc18,T-shirt de tennis Lacoste Miami Enfant Saumon,Lacoste,textile,https://www.protennis.fr/48662-marketing_default/t-shirt-de-tennis-lacoste-miami-enfant-saumon.jpg,40.00,24.00,40,9bcb1729-926d-4462-b949-57f991e08673,https://www.protennis.fr/59847-t-shirt-de-tennis-lacoste-miami-enfant-saumon.html,active,true,,2026-09-22T18:20:23.845Z,2026-09-25T04:01:49.241Z,7a7f9c65-c340-4e11-b2dc-6361bd9c2ab5,
36fba239-b7d1-44d4-b380-a43329f4911d,Sac à dos de tennis Head Extreme 2024,Head,accessoires,https://www.protennis.fr/32952-marketing_default/sac-a-dos-de-tennis-head-extreme-2024.jpg,90.00,63.00,30,9bcb1729-926d-4462-b949-57f991e08673,https://www.protennis.fr/57954-sac-a-dos-de-tennis-head-extreme-2024.html,active,true,,2026-09-22T18:20:43.193Z,2026-09-25T04:01:55.097Z,512a0f1c-d38a-47cb-b912-32cee1230b59,
37270815-34b6-4ba5-ab7a-0e8e1a85b436,T-shirt de tennis Adidas Club Homme Dark blue,Adidas,textile,https://www.protennis.fr/50240-marketing_default/t-shirt-de-tennis-adidas-club-homme-dark-blue.jpg,35.00,28.00,20,9bcb1729-926d-4462-b949-57f991e08673,https://www.protennis.fr/60011-t-shirt-de-tennis-adidas-club-homme-dark-blue.html,active,true,,2026-09-22T18:20:18.205Z,2026-09-25T04:01:47.173Z,953c5ee6-6906-4241-ae11-95564acc3d47,Bleu
377c965c-673d-4304-837f-c20b90494577,Raquette de tennis Babolat Pure Aero Lite Gen9,Babolat,raquettes,https://www.protennis.fr/46542-marketing_default/raquette-de-tennis-babolat-pure-aero-lite-gen9.jpg,250.00,175.00,30,9bcb1729-926d-4462-b949-57f991e08673,https://www.protennis.fr/59629-raquette-de-tennis-babolat-pure-aero-lite-gen9.html,active,true,,2026-09-22T18:19:47.407Z,2026-09-25T04:01:37.514Z,cbf5839b-142f-4526-a7c4-2a32eefd25a7,
37af3a43-b61d-43dd-b55e-157ab6cfb7a2,Sac à dos Wilson Pro Staff Classic,Wilson,accessoires,https://www.protennis.fr/46866-marketing_default/sac-a-dos-wilson-pro-staff-classic.jpg,95.00,66.50,30,9bcb1729-926d-4462-b949-57f991e08673,https://www.protennis.fr/59674-sac-a-dos-wilson-pro-staff-classic.html,active,true,,2026-09-22T18:20:38.583Z,2026-09-25T04:01:53.730Z,aba29c76-5ae8-4e6a-b955-4fa7382b71d1,
37bb68b4-05c7-4eaf-8a7a-111308b34f15,Polo de tennis Lacoste Athlete Homme Melbourne Miami Multicolore,Lacoste,textile,https://www.protennis.fr/38624-marketing_default/polo-de-tennis-lacoste-athlete-homme-melbourne-miami-multicolore.jpg,120.00,72.00,40,9bcb1729-926d-4462-b949-57f991e08673,https://www.protennis.fr/58698-polo-de-tennis-lacoste-athlete-homme-melbourne-miami-multicolore.html,active,true,,2026-09-22T18:20:25.192Z,2026-09-25T04:01:49.678Z,81b14434-befb-420b-ad06-1cef2cb2550e,Multicolore
37c70a26-0eff-45b1-8d25-fc362dd20122,Chaussures de tennis Wilson Rush Pro 5 Homme Black Red White,Wilson,chaussures,https://www.protennis.fr/48556-marketing_default/chaussures-de-tennis-wilson-rush-pro-5-homme-black-red-white.jpg,160.00,96.00,40,9bcb1729-926d-4462-b949-57f991e08673,https://www.protennis.fr/59806-chaussures-de-tennis-wilson-rush-pro-5-homme-black-red-white.html,active,true,,2026-09-22T18:20:07.263Z,2026-09-25T04:01:43.714Z,c5e953e4-fc1f-41c9-864e-31919cfb33d7,Noir Rouge Blanc
37c8f893-6f92-4e34-940e-d3cf7c0ff53f,Raquette de tennis Babolat Lot de 2 Pure Strike 97 2024,Babolat,raquettes,https://www.protennis.fr/29370-marketing_default/babolat-lot-de-2-pure-strike-97-2024.jpg,600.00,300.00,50,9bcb1729-926d-4462-b949-57f991e08673,https://www.protennis.fr/57498-babolat-lot-de-2-pure-strike-97-2024.html,active,true,,2026-09-22T18:19:48.045Z,2026-09-25T04:01:37.773Z,d0619081-c57c-4d47-bf90-ca41bafc88c9,
37e20fa7-9d64-4a94-b3f6-bd343d271c1d,Jupe de Tennis Le Coq Sportif Femme Bleu,Le Coq Sportif,textile,https://www.protennis.fr/45425-marketing_default/jupe-de-tennis-le-coq-sportif-femme-bleu.jpg,65.00,39.00,40,9bcb1729-926d-4462-b949-57f991e08673,https://www.protennis.fr/59522-jupe-de-tennis-le-coq-sportif-femme-bleu.html,active,true,,2026-09-22T18:20:25.617Z,2026-09-25T04:01:49.806Z,1303ea87-2662-48c0-bd7e-67e3204c7787,Bleu
37eb3fe2-95fe-45d6-aef3-86588ce3e251,Cordage de tennis Tecnifibre Triax 138 Bobine (200m),Tecnifibre,cordages,https://www.protennis.fr/14928-marketing_default/tecnifibre-triax-138-bobine-200m.jpg,360.00,252.00,30,9bcb1729-926d-4462-b949-57f991e08673,https://www.protennis.fr/54603-tecnifibre-triax-138-bobine-200m.html,active,true,,2026-09-22T18:20:00.617Z,2026-09-25T04:01:41.677Z,3c220b6b-f5d6-44e7-bae2-ad5802afa2cd,
37f9871c-0011-42d4-badb-2b337ffa29a7,Short de tennis Mizuno Mug 8 Homme Blanc AH24,Mizuno,textile,https://www.protennis.fr/34388-marketing_default/short-mizuno-mug-8-homme-blanc-ah24.jpg,55.00,27.50,50,9bcb1729-926d-4462-b949-57f991e08673,https://www.protennis.fr/58118-short-mizuno-mug-8-homme-blanc-ah24.html,active,true,,2026-09-22T18:20:26.548Z,2026-09-25T04:01:50.084Z,c13040d8-8dcd-45e9-858a-94d48e1c931c,Blanc
380edc20-ad90-44c1-b2ec-0c043a3d498e,Chaussures de tennis Asics Solution Speed FF 4 Femme White And Mauve,Asics,chaussures,https://www.protennis.fr/49617-marketing_default/chaussures-de-tennis-asics-solution-speed-ff-4-femme-white-and-mauve.jpg,160.00,128.00,20,9bcb1729-926d-4462-b949-57f991e08673,https://www.protennis.fr/59965-chaussures-de-tennis-asics-solution-speed-ff-4-femme-white-and-mauve.html,active,true,,2026-09-22T18:20:06.173Z,2026-09-25T04:01:43.419Z,9561bc5f-75fe-46d7-a6a5-eeaf7b4c731d,Blanc
38403c0f-d64e-4a3b-b17e-3ce305126855,Cordage de tennis Tecnifibre Razor Soft 120 Carbon Garniture,Tecnifibre,cordages,https://www.protennis.fr/34473-marketing_default/cordage-de-tennis-tecnifibre-razor-soft-120-carbon-garniture.jpg,20.00,14.00,30,9bcb1729-926d-4462-b949-57f991e08673,https://www.protennis.fr/58154-cordage-de-tennis-tecnifibre-razor-soft-120-carbon-garniture.html,active,true,,2026-09-22T18:19:59.523Z,2026-09-25T04:01:41.315Z,fde9af0b-f9e6-4a9a-ad32-8e6180d81947,
385c6638-e3d9-479c-a3ed-54d8810831b1,Raquette de tennis Head Extreme Enfant 2024,Head,raquettes,https://www.protennis.fr/32942-marketing_default/raquette-de-tennis-head-extreme-enfant-2024.jpg,120.00,84.00,30,9bcb1729-926d-4462-b949-57f991e08673,https://www.protennis.fr/57957-raquette-de-tennis-head-extreme-enfant-2024.html,active,true,,2026-09-22T18:19:52.833Z,2026-09-25T04:01:39.290Z,d8b9779a-bee2-4ce0-88be-a521728c16a7,
386a23a9-d28b-4c64-8ccd-067b900a309b,Chaussures de tennis Wilson Rush Pro Ace Enfant Blanc vert,Wilson,chaussures,https://www.protennis.fr/43258-marketing_default/chaussures-de-tennis-wilson-rush-pro-ace-enfant-blanc-vert.jpg,90.00,54.00,40,9bcb1729-926d-4462-b949-57f991e08673,https://www.protennis.fr/59247-chaussures-de-tennis-wilson-rush-pro-ace-enfant-blanc-vert.html,active,true,,2026-09-22T18:20:09.430Z,2026-09-25T04:01:44.395Z,31ffbbe3-2eba-4e8e-9b26-a1d1f83ef475,Blanc Vert
38a81b0e-1966-4554-a04e-6129bbc1a96d,T-shirt de tennis Asics Garçon Midnight,Asics,textile,https://www.protennis.fr/50978-marketing_default/t-shirt-de-tennis-asics-garcon-midnight.jpg,30.00,24.00,20,9bcb1729-926d-4462-b949-57f991e08673,https://www.protennis.fr/60090-t-shirt-de-tennis-asics-garcon-midnight.html,active,true,,2026-09-24T04:01:52.710Z,2026-09-25T04:01:48.542Z,1cc2b8c6-6de2-4f46-98ec-fee2159909a0,
38d62655-629b-4d84-b5be-8288fe166c89,Balles de tennis Babolat Team Clay Tubes de 3 Balles,Babolat,accessoires,https://www.protennis.fr/38452-marketing_default/balles-de-tennis-babolat-team-clay-tubes-de-3-balles.jpg,8.50,6.95,18,9bcb1729-926d-4462-b949-57f991e08673,https://www.protennis.fr/58665-balles-de-tennis-babolat-team-clay-tubes-de-3-balles.html,active,true,,2026-09-22T18:20:36.557Z,2026-09-25T04:01:53.131Z,ed2b6486-8ddd-44d7-9606-38c3237743c5,
38da3516-6cad-4483-80d6-afe8f8a9c3a2,Polo de tennis Nike Advantage Heritage Homme Gris,Nike,textile,https://www.protennis.fr/47681-marketing_default/polo-de-tennis-nike-advantage-heritage-homme-gris.jpg,64.99,38.99,40,9bcb1729-926d-4462-b949-57f991e08673,https://www.protennis.fr/59774-polo-de-tennis-nike-advantage-heritage-homme-gris.html,active,true,,2026-09-22T18:20:27.674Z,2026-09-25T04:01:50.431Z,f9b5e8c2-6a0b-406b-aaa2-479e3603d12f,Gris
38ec990f-24ab-4058-b2ec-d24457e555d6,Cordage de tennis TECNIFIBRE DURAMIX 135 BOBINE 200m,Tecnifibre,cordages,https://www.protennis.fr/636-marketing_default/tecnifibre-duramix-135-bobine-200m.jpg,270.00,202.50,25,9bcb1729-926d-4462-b949-57f991e08673,https://www.protennis.fr/27707-tecnifibre-duramix-135-bobine-200m.html,active,true,,2026-09-22T18:20:03.280Z,2026-09-25T04:01:42.538Z,e30ad37e-b460-4266-b0fc-09aa29397576,
3907b6ec-c659-4a1c-a220-3f8c6383af8d,Short de tennis Lacoste Enfant Marine,Lacoste,textile,https://www.protennis.fr/35140-marketing_default/short-lacoste-enfant-marine.jpg,55.00,33.00,40,9bcb1729-926d-4462-b949-57f991e08673,https://www.protennis.fr/58219-short-lacoste-enfant-marine.html,active,true,,2026-09-22T18:20:25.167Z,2026-09-25T04:01:49.667Z,553a9bcc-d5bd-414f-97c5-251a1998e45c,Marine
3927796f-9221-494c-a94d-ae1a4f169ec3,Chaussures de tennis Asics Gel Resolution X Femme Bleu ciel,Asics,chaussures,https://www.protennis.fr/44909-marketing_default/chaussures-de-tennis-asics-gel-resolution-x-femme-bleu-ciel.jpg,160.00,96.00,40,9bcb1729-926d-4462-b949-57f991e08673,https://www.protennis.fr/59410-chaussures-de-tennis-asics-gel-resolution-x-femme-bleu-ciel.html,active,true,,2026-09-22T18:20:13.519Z,2026-09-25T04:01:45.565Z,0d3199f1-1268-420d-81ef-9a7025f07b46,Bleu
392df42a-c3e9-4d2b-93e7-bd6b2acb7cf9,Raquette de tennis Prince O3 Legacy 120 Cordée 2024,Prince,raquettes,https://www.protennis.fr/32514-marketing_default/prince-o3-legacy-120-2024.jpg,270.00,174.90,35,9bcb1729-926d-4462-b949-57f991e08673,https://www.protennis.fr/57845-prince-o3-legacy-120-2024.html,active,true,,2026-09-22T18:19:53.243Z,2026-09-25T04:01:39.429Z,831c7ee5-9a88-4b2c-a006-6db1056e4ab8,
39830747-e508-427a-8f37-81a9aa0d50c5,Chaussures de tennis New Balance FuelCell 996v6 Homme,New Balance,chaussures,https://www.protennis.fr/45081-marketing_default/chaussures-de-tennis-new-balance-fuelcell-996v6-homme.jpg,140.00,84.00,40,9bcb1729-926d-4462-b949-57f991e08673,https://www.protennis.fr/59466-chaussures-de-tennis-new-balance-fuelcell-996v6-homme.html,active,true,,2026-09-22T18:20:13.226Z,2026-09-25T04:01:45.465Z,6e18c1ac-ea12-44a4-be42-597c75b80537,
39b5fd23-415a-4b85-ae86-4e2c162d8ded,Short de tennis Nike One 2 en 1 Femme Noir,Nike,textile,https://www.protennis.fr/39708-marketing_default/short-nike-one-2-en-1-femme-noir.jpg,50.00,30.00,40,9bcb1729-926d-4462-b949-57f991e08673,https://www.protennis.fr/58752-short-nike-one-2-en-1-femme-noir.html,active,true,,2026-09-22T18:20:31.625Z,2026-09-25T04:01:51.571Z,8a530ef5-dbe9-40cf-a046-49dc94ca78b6,Noir
3a12586b-e564-493b-939e-deb63aaaab78,Cordage de tennis Babolat Xalt 130 bobine 200m,Babolat,cordages,https://www.protennis.fr/40045-marketing_default/cordage-de-tennis-babolat-xalt-130-bobine-200m.jpg,349.95,244.97,30,9bcb1729-926d-4462-b949-57f991e08673,https://www.protennis.fr/58873-cordage-de-tennis-babolat-xalt-130-bobine-200m.html,active,true,,2026-09-22T18:19:59.310Z,2026-09-25T04:01:41.259Z,1ab267af-638c-4714-9bc0-b0a21e0d7086,
3a2545d7-0d47-4d09-8442-e4fddc53dd11,Short de tennis Nike Victory 9 Homme AOP Carreau Taupe,Nike,textile,https://www.protennis.fr/39754-marketing_default/short-nike-victory-9-homme-aop-carreau-taupe.jpg,50.00,30.00,40,9bcb1729-926d-4462-b949-57f991e08673,https://www.protennis.fr/58775-short-nike-victory-9-homme-aop-carreau-taupe.html,active,true,,2026-09-22T18:20:31.525Z,2026-09-25T04:01:51.560Z,e9eff804-1740-4ab2-ad4c-965136f3b77c,
3a438165-4ff5-4b12-8118-bce4f067061c,T-shirt de tennis Adidas Freelift Pro Homme Blanc PE25,Adidas,textile,https://www.protennis.fr/37012-marketing_default/t-shirt-adidas-freelift-pro-homme-blanc-pe25.jpg,65.00,39.00,40,9bcb1729-926d-4462-b949-57f991e08673,https://www.protennis.fr/58307-t-shirt-adidas-freelift-pro-homme-blanc-pe25.html,active,true,,2026-09-22T18:20:20.662Z,2026-09-25T04:01:48.203Z,b94c75d7-e00f-478a-bdf2-5289e29e9c42,Blanc
3a5172df-9642-40b6-ad9e-9d74662f544d,Debardeur de tennis Nike Pro Enfant Vert clair,Nike,textile,https://www.protennis.fr/47471-marketing_default/debardeur-nike-pro-enfant-vert-clair.jpg,37.99,22.79,40,9bcb1729-926d-4462-b949-57f991e08673,https://www.protennis.fr/59745-debardeur-nike-pro-enfant-vert-clair.html,active,true,,2026-09-22T18:20:28.087Z,2026-09-25T04:01:50.565Z,f8e4c9fa-55b4-4a81-88ee-ff9359446960,Vert
3a71b06d-e782-4085-a94e-a6676364eaf1,Sweat de tennis Nike Heritage II Femme Noir,Nike,textile,https://www.protennis.fr/41389-marketing_default/sweat-femme-nike-heritage-ii-noir.jpg,80.00,48.00,40,9bcb1729-926d-4462-b949-57f991e08673,https://www.protennis.fr/59015-sweat-femme-nike-heritage-ii-noir.html,active,true,,2026-09-22T18:20:30.030Z,2026-09-25T04:01:51.109Z,6072a901-a708-472d-9d92-54aa9d5c50c9,Noir
3a7865b2-985d-4b82-9756-59f3ee6120df,Polo de tennis Nike Advantage Heritage Homme Rouge,Nike,textile,https://www.protennis.fr/41519-marketing_default/polo-homme-nike-advantage-heritage-rouge.jpg,90.00,54.00,40,9bcb1729-926d-4462-b949-57f991e08673,https://www.protennis.fr/59031-polo-homme-nike-advantage-heritage-rouge.html,active,true,,2026-09-22T18:20:31.134Z,2026-09-25T04:01:51.450Z,941b6b4f-d40a-48f6-aa31-406eed4886b9,Rouge
3a9ae517-9e3a-46fa-9f33-273ccc4ae557,T-shirt de tennis Lacoste Gros Logo Homme Violet,Lacoste,textile,https://www.protennis.fr/44177-marketing_default/t-shirt-de-tennis-lacoste-gros-logo-homme-violet.jpg,70.00,42.00,40,9bcb1729-926d-4462-b949-57f991e08673,https://www.protennis.fr/59362-t-shirt-de-tennis-lacoste-gros-logo-homme-violet.html,active,true,,2026-09-22T18:20:24.579Z,2026-09-25T04:01:49.478Z,e963374b-6dd1-4052-99dd-76de3cfb3797,Violet
3b36a3d2-ad0a-4ef9-a5c9-a39fe895929d,Short de tennis Adidas Pro Enfant Legend Ink,Adidas,textile,https://www.protennis.fr/49181-marketing_default/short-de-tennis-adidas-pro-enfant-legend-ink.jpg,45.00,27.00,40,9bcb1729-926d-4462-b949-57f991e08673,https://www.protennis.fr/59912-short-de-tennis-adidas-pro-enfant-legend-ink.html,active,true,,2026-09-22T18:20:18.465Z,2026-09-25T04:01:47.265Z,727fe5cb-533d-41d3-8079-1177895ab928,
3b3a5cdf-ac23-400f-b9b0-98d635f44626,Raquette de tennis Prince by Hydrogen Spark 265g 2023,Hydrogen,raquettes,https://www.protennis.fr/26037-marketing_default/prince-by-hydrogen-spark-265g-2023.jpg,220.00,109.00,50,9bcb1729-926d-4462-b949-57f991e08673,https://www.protennis.fr/56871-prince-by-hydrogen-spark-265g-2023.html,active,true,,2026-09-22T18:19:53.039Z,2026-09-25T04:01:39.358Z,d7286f5f-be69-47b1-92d3-007c55d2e202,
3b7067ec-adaa-434a-9a92-12fdc4f2ee60,Chaussures de tennis Wilson Rush Lite 5 Homme White Bay Fiery,Wilson,chaussures,https://www.protennis.fr/48068-marketing_default/chaussures-de-tennis-wilson-rush-lite-5-homme-white-bay-fiery.jpg,130.00,78.00,40,9bcb1729-926d-4462-b949-57f991e08673,https://www.protennis.fr/59807-chaussures-de-tennis-wilson-rush-lite-5-homme-white-bay-fiery.html,active,true,,2026-09-22T18:20:07.070Z,2026-09-25T04:01:43.703Z,ed77b220-0d77-42c0-96ea-d96ea5a8a1e2,Blanc
3b8f2bbc-be03-4c33-b057-0b78af707c0c,Lot de 2 Grands poignets Adidas Y3 Noir,Adidas,textile,https://www.protennis.fr/42729-marketing_default/lot-de-2-grands-poignets-adidas-y3-noir.jpg,20.00,12.00,40,9bcb1729-926d-4462-b949-57f991e08673,https://www.protennis.fr/59114-lot-de-2-grands-poignets-adidas-y3-noir.html,active,true,,2026-09-22T18:20:20.174Z,2026-09-25T04:01:47.800Z,55cfb385-8e54-4f1e-b8d8-a1dd06117598,Noir
3b9d6d0a-08a6-40a5-829d-1f3cd50265d4,Cordage de tennis TECNIFIBRE BLACK CODE 4S 125 GARNITURE,Tecnifibre,cordages,https://www.protennis.fr/20102-marketing_default/tecnifibre-black-code-4s-125-garniture.jpg,18.00,12.60,30,9bcb1729-926d-4462-b949-57f991e08673,https://www.protennis.fr/35177-tecnifibre-black-code-4s-125-garniture.html,active,true,,2026-09-22T18:20:02.561Z,2026-09-25T04:01:42.289Z,9efd24e7-c72e-40fb-96a0-5155b5e6aa48,Noir
3bb7082b-647f-479a-a499-ca66bd211112,Cordage de tennis Luxilon Element 127 Soft IR,Luxilon,cordages,https://www.protennis.fr/39988-marketing_default/cordage-de-tennis-luxilon-element-127-soft-ir.jpg,21.00,20.99,0,9bcb1729-926d-4462-b949-57f991e08673,https://www.protennis.fr/58853-cordage-de-tennis-luxilon-element-127-soft-ir.html,active,true,,2026-09-22T18:20:03.712Z,2026-09-25T04:01:42.683Z,5088622a-c7be-49de-bb96-1cfb020d046f,
3c1b0083-8306-4a65-99da-f5c025047780,Sac a dos Head Team 21L Noir Bleu,Head,accessoires,https://www.protennis.fr/40176-marketing_default/sac-a-dos-head-team-21l-noir-bleu.jpg,80.00,56.00,30,9bcb1729-926d-4462-b949-57f991e08673,https://www.protennis.fr/58849-sac-a-dos-head-team-21l-noir-bleu.html,active,true,,2026-09-22T18:20:40.280Z,2026-09-25T04:01:54.282Z,0063e30e-d755-407f-b5c5-7313c4af8610,Noir Bleu
3c27fa3d-3005-411a-97b0-46018181cac9,Robe de tennis Lacoste Édition Roland-Garros Femme Vert Pistache,Lacoste,textile,https://www.protennis.fr/48688-marketing_default/robe-de-tennis-lacoste-edition-roland-garros-femme-vert-pistache.jpg,170.00,102.00,40,9bcb1729-926d-4462-b949-57f991e08673,https://www.protennis.fr/59862-robe-de-tennis-lacoste-edition-roland-garros-femme-vert-pistache.html,active,true,,2026-09-22T18:20:24.451Z,2026-09-25T04:01:49.430Z,c3792ec6-cf17-44c1-86ec-769089495048,Vert
3c863de9-1a2e-4015-ad00-5d77e42cfd0d,Chaussures de tennis Asics Gel Resolution X Homme Noir Green,Asics,chaussures,https://www.protennis.fr/44695-marketing_default/chaussures-de-tennis-asics-gel-resolution-x-homme-noir-green.jpg,160.00,96.00,40,9bcb1729-926d-4462-b949-57f991e08673,https://www.protennis.fr/59433-chaussures-de-tennis-asics-gel-resolution-x-homme-noir-green.html,active,true,,2026-09-22T18:20:13.314Z,2026-09-25T04:01:45.487Z,a8ea7fa2-84a5-4605-beef-dccc1f237b38,Noir Vert
3ca1af78-0b7e-42b7-b0ec-640c44a4069c,Sac de tennis Duffle Wilson Roland Garros 2026 Cream,Wilson,accessoires,https://www.protennis.fr/48602-marketing_default/sac-de-tennis-duffle-wilson-roland-garros-2026-cream.jpg,65.00,52.00,20,9bcb1729-926d-4462-b949-57f991e08673,https://www.protennis.fr/59854-sac-de-tennis-duffle-wilson-roland-garros-2026-cream.html,active,true,,2026-09-22T18:20:41.499Z,2026-09-25T04:01:54.590Z,416ae85f-8ddd-4fea-98c8-537b52c0c1ca,
3ca3ed91-6bb5-43db-909f-0c0793bfc35f,Chaussures de tennis Nike Vapor Pro 3 Homme Camo Green,Nike,chaussures,https://www.protennis.fr/50623-marketing_default/chaussures-de-tennis-nike-vapor-pro-3-homme-camo-green.jpg,139.99,97.99,30,9bcb1729-926d-4462-b949-57f991e08673,https://www.protennis.fr/60050-chaussures-de-tennis-nike-vapor-pro-3-homme-camo-green.html,active,true,,2026-09-22T18:20:04.917Z,2026-09-25T04:01:43.009Z,7ee4c3a7-5324-4e51-ad35-a38f7f32795d,Vert
3cd94d3a-05fa-4665-9b17-cde7dd23d367,Débardeur tennis femme Nike Slam Debardeur New York Creme Femme Automne 2023,Nike,textile,https://www.protennis.fr/27848-marketing_default/nike-slam-debardeur-new-york-creme-femme-automne-2023.jpg,75.00,37.50,50,9bcb1729-926d-4462-b949-57f991e08673,https://www.protennis.fr/57134-nike-slam-debardeur-new-york-creme-femme-automne-2023.html,active,true,,2026-09-22T18:20:32.667Z,2026-09-25T04:01:51.921Z,c7a4dc5a-f007-4232-8c46-2cc2ccae8d23,
3ce5d00a-7355-4cbc-91c9-76963ca4c278,Cordage de tennis HEAD HAWK BLANC 125 BOBINE 200m,Head,cordages,https://www.protennis.fr/3678-marketing_default/head-hawk-blanc-125-bobine-200m.jpg,200.00,119.00,41,9bcb1729-926d-4462-b949-57f991e08673,https://www.protennis.fr/31362-head-hawk-blanc-125-bobine-200m.html,active,true,,2026-09-22T18:20:02.766Z,2026-09-25T04:01:42.355Z,393ba9b4-489e-46e0-b864-e6e0b20865ad,Blanc
3cec0d3a-c361-438b-a38b-62517c84982a,Chaussettes de tennis Nike Multiplier Crew 2 pack Chaussettes,Nike,textile,https://www.protennis.fr/12685-marketing_default/nike-multiplier-crew-2-pack-chaussettes.jpg,23.00,19.09,17,9bcb1729-926d-4462-b949-57f991e08673,https://www.protennis.fr/54169-nike-multiplier-crew-2-pack-chaussettes.html,active,true,,2026-09-22T18:20:33.257Z,2026-09-25T04:01:52.110Z,8a56a8c0-99c2-4cbf-93fe-54bb2079a726,
3cf8a488-1843-4445-a7b1-f1edf688a345,Jupe de tennis Adidas Skirt Pro Femme White,Adidas,textile,https://www.protennis.fr/50276-marketing_default/jupe-de-tennis-adidas-skirt-pro-femme-white.jpg,65.00,52.00,20,9bcb1729-926d-4462-b949-57f991e08673,https://www.protennis.fr/60015-jupe-de-tennis-adidas-skirt-pro-femme-white.html,active,true,,2026-09-22T18:20:18.057Z,2026-09-25T04:01:47.128Z,1b3ebb5c-f7fe-46db-af0d-a3f2f430b34b,Blanc
3d431be6-d982-4feb-be06-da1ee365d040,Short de tennis Hydrogen Tech Short Homme Noir AH24,Hydrogen,textile,https://www.protennis.fr/15899-marketing_default/hydrogen-tech-short-homme-noir-pe24.jpg,80.00,40.00,50,9bcb1729-926d-4462-b949-57f991e08673,https://www.protennis.fr/54775-hydrogen-tech-short-homme-noir-pe24.html,active,true,,2026-09-22T18:20:23.577Z,2026-09-25T04:01:49.160Z,ddf9d662-0b65-4c3c-b304-8acf1c8afae9,Noir
3d47e11a-9e51-4f85-a124-8eb451d42fc6,Chaussures de tennis Yonex Sonicage Wide Homme Noir,Yonex,chaussures,https://www.protennis.fr/38331-marketing_default/chaussures-de-tennis-yonex-sonicage-wide-homme-noir.jpg,139.90,83.94,40,9bcb1729-926d-4462-b949-57f991e08673,https://www.protennis.fr/58635-chaussures-de-tennis-yonex-sonicage-wide-homme-noir.html,active,true,,2026-09-22T18:20:11.392Z,2026-09-25T04:01:44.956Z,8aefda9a-d080-4ae1-956d-a29fd7938f0d,Noir
3dd4bcb2-5d0f-4a0a-99ea-dbe8a3c6428f,Sous Short de tennis Mizuno Tight Femme Blanc,Mizuno,textile,https://www.protennis.fr/46486-marketing_default/sous-short-de-tennis-mizuno-tight-femme-blanc.jpg,30.00,18.00,40,9bcb1729-926d-4462-b949-57f991e08673,https://www.protennis.fr/59639-sous-short-de-tennis-mizuno-tight-femme-blanc.html,active,true,,2026-09-22T18:20:26.499Z,2026-09-25T04:01:50.061Z,49528e4d-2ade-4201-92dd-d62b93d232f4,Blanc
3e2a47f4-2a5e-4885-a532-024c53a40ac5,Sac de tennis 12 Raquettes Head Tour Racquet Bag XL Noir,Head,accessoires,https://www.protennis.fr/45634-marketing_default/sac-de-tennis-12-raquettes-head-tour-racquet-bag-xl-noir.jpg,130.00,91.00,30,9bcb1729-926d-4462-b949-57f991e08673,https://www.protennis.fr/59527-sac-de-tennis-12-raquettes-head-tour-racquet-bag-xl-noir.html,active,true,,2026-09-22T18:20:38.734Z,2026-09-25T04:01:53.785Z,52efc7a7-1adc-40da-8245-ca323d674392,Noir
3e444a33-151d-4f91-92f7-73180e406749,Chaussures de tennis Nike Air Vapor Pro 3 Terre Battue Femme Mint,Nike,chaussures,https://www.protennis.fr/50704-marketing_default/chaussures-de-tennis-nike-air-vapor-pro-3-terre-battue-femme-mint.jpg,139.99,97.99,30,9bcb1729-926d-4462-b949-57f991e08673,https://www.protennis.fr/60057-chaussures-de-tennis-nike-air-vapor-pro-3-terre-battue-femme-mint.html,active,true,,2026-09-22T18:20:04.799Z,2026-09-25T04:01:42.965Z,2cf5e3b3-77e0-43ff-a7a1-ed3c87ebb87e,
3ecbce31-6d7c-4a4b-9a8b-04574d831ef6,Jupe de tennis Adidas Club Jupe Femme Noir AH23,Adidas,textile,https://www.protennis.fr/25081-marketing_default/adidas-club-jupe-femme-pe23.jpg,45.00,22.50,50,9bcb1729-926d-4462-b949-57f991e08673,https://www.protennis.fr/56571-adidas-club-jupe-femme-pe23.html,active,true,,2026-09-22T18:20:21.276Z,2026-09-25T04:01:48.372Z,dbcce969-428b-4153-9313-8eca90f0d2f1,Noir
3eecb7c3-ea5d-408e-8e48-b791cf2617a0,Raquette de tennis Tecnifibre TF40 290 16M 2024,Tecnifibre,raquettes,https://www.protennis.fr/33664-marketing_default/raquette-de-tennis-tecnifibre-tf40-290-16m-2024.jpg,250.00,150.00,40,9bcb1729-926d-4462-b949-57f991e08673,https://www.protennis.fr/58086-raquette-de-tennis-tecnifibre-tf40-290-16m-2024.html,active,true,,2026-09-22T18:19:54.857Z,2026-09-25T04:01:39.922Z,d0a519ae-a5e8-4b7e-ba6e-85e34ac43aae,
3eedb56a-cb40-4c4e-a7b3-42561559e33a,Sac de tennis 15 Raquettes Wilson Clash V3 Super Tour 2025,Wilson,accessoires,https://www.protennis.fr/36055-marketing_default/sac-de-tennis-15-raquettes-wilson-clash-v3-super-tour-2025.jpg,150.00,105.00,30,9bcb1729-926d-4462-b949-57f991e08673,https://www.protennis.fr/58365-sac-de-tennis-15-raquettes-wilson-clash-v3-super-tour-2025.html,active,true,,2026-09-22T18:20:42.985Z,2026-09-25T04:01:55.020Z,49774fd5-f5ba-4d05-9a9b-5ce2e72015ad,
3f07f875-1c00-4209-aeab-bb4f7e62b12e,Short de tennis Lacoste Regular Homme Marine,Lacoste,textile,https://www.protennis.fr/35117-marketing_default/short-lacoste-regular-homme-marine-pe24.jpg,75.00,45.00,40,9bcb1729-926d-4462-b949-57f991e08673,https://www.protennis.fr/58224-short-lacoste-regular-homme-marine-pe24.html,active,true,,2026-09-22T18:20:24.065Z,2026-09-25T04:01:49.320Z,1dc5bd8a-0160-43db-9e63-9fee90c2126c,Marine
3f42642d-eefd-4234-8361-21a07762e9cd,Head Pro Grip Surgrip de tennis,Head,accessoires,https://www.protennis.fr/12361-marketing_default/head-pro-grip-surgrip-de-tennis.jpg,9.50,7.13,25,9bcb1729-926d-4462-b949-57f991e08673,https://www.protennis.fr/54107-head-pro-grip-surgrip-de-tennis.html,active,true,,2026-09-22T18:20:34.616Z,2026-09-25T04:01:52.526Z,0b25d38a-cf4c-41ee-872a-2c090f0a839e,
3f8a091c-7b45-474a-a585-8fd7d2a23dee,Cordage de tennis Tecnifibre TGV 140 Naturel Bobine 200M,Tecnifibre,cordages,https://www.protennis.fr/20073-marketing_default/tecnifibre-tgv-140-naturel-bobine-200m.jpg,360.00,270.00,25,9bcb1729-926d-4462-b949-57f991e08673,https://www.protennis.fr/29158-tecnifibre-tgv-140-naturel-bobine-200m.html,active,true,,2026-09-22T18:20:03.176Z,2026-09-25T04:01:42.503Z,ed1db563-8d1a-4657-b9f8-ef87f4a3abcb,
3fbf9294-f594-459a-b7db-04425d0955b0,Raquette de tennis Yonex Percept 100 Midnight Navy,Yonex,raquettes,https://www.protennis.fr/41970-marketing_default/raquette-de-tennis-yonex-percept-100-midnight-navyy.jpg,309.90,216.93,30,9bcb1729-926d-4462-b949-57f991e08673,https://www.protennis.fr/59097-raquette-de-tennis-yonex-percept-100-midnight-navyy.html,active,true,,2026-09-22T18:19:58.133Z,2026-09-25T04:01:40.980Z,f786000b-4193-4da5-ae06-491d6d887ede,
3fd5912f-2ca6-438d-b72f-c25ff873a543,Chaussures Asics Solution Speed FF 3 Terre Battue Homme Vert fonce,Asics,chaussures,https://www.protennis.fr/39504-marketing_default/chaussures-asics-solution-speed-ff-3-terre-battue-homme-vert-fonce.jpg,150.00,90.00,40,9bcb1729-926d-4462-b949-57f991e08673,https://www.protennis.fr/58821-chaussures-asics-solution-speed-ff-3-terre-battue-homme-vert-fonce.html,active,true,,2026-09-22T18:20:15.851Z,2026-09-25T04:01:46.182Z,13a0a9aa-bc81-4952-baca-8a53c44788a4,Vert
3ffb6879-9a6a-44cd-b304-be381748d370,Raquette de tennis Head Speed MP 2026,Head,raquettes,https://www.protennis.fr/45150-marketing_default/raquette-de-tennis-head-speed-mp-2026.jpg,280.00,196.00,30,9bcb1729-926d-4462-b949-57f991e08673,https://www.protennis.fr/59477-raquette-de-tennis-head-speed-mp-2026.html,active,true,,2026-09-22T18:19:51.272Z,2026-09-25T04:01:38.808Z,f87335af-604d-4e85-93ac-17edce9966f4,
4010a27b-4526-47ec-88c3-40097fb31ede,Chaussures de tennis Babolat Jet Mach 3 Enfant Marine,Babolat,chaussures,https://www.protennis.fr/38476-marketing_default/chaussures-de-tennis-babolat-jet-mach-3-enfant-marine-.jpg,75.00,45.00,40,9bcb1729-926d-4462-b949-57f991e08673,https://www.protennis.fr/58649-chaussures-de-tennis-babolat-jet-mach-3-enfant-marine-.html,active,true,,2026-09-22T18:20:11.245Z,2026-09-25T04:01:44.900Z,dc5c05ef-eff1-4358-99df-9885953dd051,Marine
40158c92-a8fe-4f1b-b62c-7a7bdd9b45b8,Jupe de tennis Asics Game Femme Bubblegum,Asics,textile,https://www.protennis.fr/50955-marketing_default/jupe-de-tennis-asics-fille-bluebell.jpg,60.00,48.00,20,9bcb1729-926d-4462-b949-57f991e08673,https://www.protennis.fr/60086-jupe-de-tennis-asics-fille-bluebell.html,active,true,,2026-09-24T04:01:52.767Z,2026-09-25T04:01:48.592Z,985c924c-6dd5-4a08-a6a4-783e57e8d055,
4017af7f-f732-4e0d-acec-695aa4ad19a1,Sac de tennis 9 Raquettes Head Tour Racquet Bag L Bleu canard,Head,accessoires,https://www.protennis.fr/45611-marketing_default/sac-de-tennis-9-raquettes-head-tour-racquet-bag-l-turquoise.jpg,100.00,80.00,20,9bcb1729-926d-4462-b949-57f991e08673,https://www.protennis.fr/59519-sac-de-tennis-9-raquettes-head-tour-racquet-bag-l-turquoise.html,active,true,,2026-09-22T18:20:41.756Z,2026-09-25T04:01:54.657Z,bd3dc0b7-63cc-4577-86bd-fe8c04248262,Bleu
401fb630-4d8d-443f-8c33-a10b58399d2c,Surgrip de tennis HEAD XTREME SOFT NOIR,Head,accessoires,https://www.protennis.fr/423-marketing_default/head-xtreme-soft-noir.jpg,7.00,4.90,30,9bcb1729-926d-4462-b949-57f991e08673,https://www.protennis.fr/15819-head-xtreme-soft-noir.html,active,true,,2026-09-22T18:20:35.456Z,2026-09-25T04:01:52.747Z,37f59175-7f0b-4e58-9da1-66f8d630980b,Noir
404e6aa4-3442-409f-8d6e-a22b32db3c32,Sous-short de tennis Nike Court Dri FIT Femme Noir,Nike,textile,https://www.protennis.fr/36848-marketing_default/sous-short-nike-court-dri-fit-femme-noir.jpg,45.00,27.00,40,9bcb1729-926d-4462-b949-57f991e08673,https://www.protennis.fr/58413-sous-short-nike-court-dri-fit-femme-noir.html,active,true,,2026-09-22T18:20:28.162Z,2026-09-25T04:01:50.587Z,13de3568-aeea-4e76-a425-990f566c5c98,Noir
4053479f-180b-4d02-9489-67bd7fc36d76,Chaussures de tennis Nike Vapor Pro 3 Terre Battue Homme Bleu jaune,Nike,chaussures,https://www.protennis.fr/41552-marketing_default/chaussures-nike-vapor-pro-3-terre-battue-homme-bleu-jaune.jpg,130.00,78.00,40,9bcb1729-926d-4462-b949-57f991e08673,https://www.protennis.fr/59055-chaussures-nike-vapor-pro-3-terre-battue-homme-bleu-jaune.html,active,true,,2026-09-22T18:20:14.449Z,2026-09-25T04:01:45.812Z,a6d41dd1-183a-4c0c-8d05-568bbe89e850,Bleu Jaune
406260e2-fbaa-46da-9119-46bb4feff1a5,Legging Femme Nike One Noir,Nike,textile,https://www.protennis.fr/41383-marketing_default/legging-femme-nike-one-noir.jpg,50.00,30.00,40,9bcb1729-926d-4462-b949-57f991e08673,https://www.protennis.fr/59003-legging-femme-nike-one-noir.html,active,true,,2026-09-22T18:20:31.312Z,2026-09-25T04:01:51.506Z,21364ad9-6983-4f08-9ee2-14c7a6b013b3,Noir
406703c7-69bc-4569-bcf4-15e43e9875b2,Cordage de tennis TECNIFIBRE RAZOR CODE 125 BLEU BOBINE 200m,Tecnifibre,cordages,https://www.protennis.fr/20076-marketing_default/tecnifibre-razor-code-125-bleu-bobine-200m.jpg,200.00,140.00,30,9bcb1729-926d-4462-b949-57f991e08673,https://www.protennis.fr/29173-tecnifibre-razor-code-125-bleu-bobine-200m.html,active,true,,2026-09-22T18:20:03.080Z,2026-09-25T04:01:42.470Z,3bdda89f-af0a-4f7d-acf6-83ec065d0856,Bleu
40771515-7903-4063-961c-b08375ff1ed3,Raquette de tennis Head Extreme Pro 2026,Head,raquettes,https://www.protennis.fr/50020-marketing_default/raquette-de-tennis-head-extreme-pro-2026.jpg,280.00,252.00,10,9bcb1729-926d-4462-b949-57f991e08673,https://www.protennis.fr/59988-raquette-de-tennis-head-extreme-pro-2026.html,active,true,,2026-09-22T18:19:52.450Z,2026-09-25T04:01:39.167Z,288aa308-e49d-4976-b61b-09b4f0e24aa5,
408e1134-c2b2-48fc-aafb-2e51340e3a70,Antivibrateur de tennis Babolat Sonic Damp,Babolat,accessoires,https://www.protennis.fr/38363-marketing_default/babolat-sonic-damp.jpg,7.00,4.90,30,9bcb1729-926d-4462-b949-57f991e08673,https://www.protennis.fr/54113-babolat-sonic-damp.html,active,true,,2026-09-22T18:20:34.422Z,2026-09-25T04:01:52.470Z,f163b2c9-1fe3-4aab-a125-432ebd33b043,
40941bde-e32a-40b4-8831-e07876b230be,Chaussures de tennis Asics Gel Challenger 14 Bleu Jaune Femme AH23,Asics,chaussures,https://www.protennis.fr/26710-marketing_default/asics-gel-challenger-14-bleu-jaune-femme-ah23.jpg,120.00,60.00,50,9bcb1729-926d-4462-b949-57f991e08673,https://www.protennis.fr/57032-asics-gel-challenger-14-bleu-jaune-femme-ah23.html,active,true,,2026-09-22T18:20:17.794Z,2026-09-25T04:01:46.773Z,a97b99b7-b842-440d-99f2-a013cb85f552,Bleu Jaune
40a86fd1-01fc-4eb8-bec4-e3f4bf1fe72d,Raquette de tennis Babolat Pure Strike 100 2024,Babolat,raquettes,https://www.protennis.fr/29326-marketing_default/babolat-pure-strike-100-2024.jpg,260.00,129.00,50,9bcb1729-926d-4462-b949-57f991e08673,https://www.protennis.fr/57493-babolat-pure-strike-100-2024.html,active,true,,2026-09-22T10:32:42.355Z,2026-09-25T04:01:37.834Z,30b7722f-50d4-4808-9fc5-34900a8cbd17,
40b318a1-434f-48c6-9eac-4ef863ace3d8,Raquette de tennis Yonex V Core 98 L Rouge,Yonex,raquettes,https://www.protennis.fr/45261-marketing_default/raquette-de-tennis-yonex-v-core-98-l-rouge-.jpg,289.00,231.20,20,9bcb1729-926d-4462-b949-57f991e08673,https://www.protennis.fr/59446-raquette-de-tennis-yonex-v-core-98-l-rouge-.html,active,true,,2026-09-22T18:19:58.875Z,2026-09-25T04:01:41.143Z,e19ad827-3245-44c3-946b-c4c711e63d27,Rouge
40c83517-610a-4950-9702-5b1968d80788,T-shirt de Tennis Le Coq Sportif Homme Graphique Blanc,Le Coq Sportif,textile,https://www.protennis.fr/45382-marketing_default/t-shirt-de-tennis-le-coq-sportif-homme-graphique-blanc.jpg,40.00,24.00,40,9bcb1729-926d-4462-b949-57f991e08673,https://www.protennis.fr/59500-t-shirt-de-tennis-le-coq-sportif-homme-graphique-blanc.html,active,true,,2026-09-22T18:20:25.704Z,2026-09-25T04:01:49.828Z,74b5dfba-1178-4dad-bdf8-504e73de3c3e,Blanc
4122ea62-f253-4862-9444-e06c6236c529,T-shirt de tennis Nike Advantage Heritage Homme Violet,Nike,textile,https://www.protennis.fr/47693-marketing_default/t-shirt-de-tennis-nike-advantage-heritage-homme-violet.jpg,59.99,35.99,40,9bcb1729-926d-4462-b949-57f991e08673,https://www.protennis.fr/59776-t-shirt-de-tennis-nike-advantage-heritage-homme-violet.html,active,true,,2026-09-22T18:20:27.649Z,2026-09-25T04:01:50.420Z,4b06f5f1-e7e0-48d7-ba76-a2674c97bebc,Violet
415f2921-057f-416d-a117-7655f99d52ca,Jupe de tennis Mizuno Flex Jupe Femme AH20,Mizuno,textile,https://www.protennis.fr/16002-marketing_default/mizuno-flex-jupe-femme-ah20.jpg,40.00,20.00,50,9bcb1729-926d-4462-b949-57f991e08673,https://www.protennis.fr/54772-mizuno-flex-jupe-femme-ah20.html,active,true,,2026-09-22T18:20:26.703Z,2026-09-25T04:01:50.129Z,112e22bd-eaa8-4362-8d0e-4b5eac677840,
41738cec-8276-47df-a599-c8c545bc440b,Sac de tennis Babolat Pure Wimbledon 9 raquettes,Babolat,accessoires,https://www.protennis.fr/49269-marketing_default/sac-de-tennis-babolat-pure-wimbledon-9-raquettes.jpg,155.00,139.50,10,9bcb1729-926d-4462-b949-57f991e08673,https://www.protennis.fr/59925-sac-de-tennis-babolat-pure-wimbledon-9-raquettes.html,active,true,,2026-09-22T18:20:37.927Z,2026-09-25T04:01:53.560Z,3643f4ad-90b5-4d39-906f-6ba7450b5662,
419507f4-cca5-4e0c-9374-3825d20fb3c4,Raquette de tennis Tecnifibre T-Fight Tour 26 2025,Tecnifibre,raquettes,https://www.protennis.fr/41767-marketing_default/raquette-de-tennis-tecnifibre-t-fight-tour-26-2025.jpg,110.00,77.00,30,9bcb1729-926d-4462-b949-57f991e08673,https://www.protennis.fr/59073-raquette-de-tennis-tecnifibre-t-fight-tour-26-2025.html,active,true,,2026-09-22T18:19:55.603Z,2026-09-25T04:01:40.099Z,714409a1-7946-4a44-a1fc-0bc364a19e16,
41c9cfe7-677e-4ea4-ad80-bc20c2218b83,Raquette de tennis Boom MP UL 2026,Head,raquettes,https://www.protennis.fr/47169-marketing_default/raquette-de-tennis-boom-mp-ul-2026.jpg,220.00,154.00,30,9bcb1729-926d-4462-b949-57f991e08673,https://www.protennis.fr/59689-raquette-de-tennis-boom-mp-ul-2026.html,active,true,,2026-09-22T18:19:49.989Z,2026-09-25T04:01:38.402Z,d2b78a4e-fe4b-451a-a27e-1a7525c298c0,
41dcbec9-f26d-4b7e-b872-75052dcf464f,Debardeur de tennis Nike Slam London Femme Blanc,Nike,textile,https://www.protennis.fr/41722-marketing_default/debardeur-femme-nike-slam-london-blanc.jpg,70.00,42.00,40,9bcb1729-926d-4462-b949-57f991e08673,https://www.protennis.fr/59062-debardeur-femme-nike-slam-london-blanc.html,active,true,,2026-09-22T18:20:30.928Z,2026-09-25T04:01:51.384Z,0e39ffbd-2c16-45f2-85c2-a953e4906856,Blanc
41efeb72-b879-451f-89c8-7479651c1009,Antivibrateur de tennis Wilson Antivibrateurs Roland Garros 2026 Tour Eiffel,Wilson,accessoires,https://www.protennis.fr/48984-marketing_default/antivibrateur-de-tennis-wilson-antivibrateurs-roland-garros-2026-tour-eiffel.jpg,8.00,7.20,10,9bcb1729-926d-4462-b949-57f991e08673,https://www.protennis.fr/59891-antivibrateur-de-tennis-wilson-antivibrateurs-roland-garros-2026-tour-eiffel.html,active,true,,2026-09-22T18:20:33.409Z,2026-09-25T04:01:52.166Z,5a7aee25-0086-4dd7-957a-1f598333a19f,
4208891a-87a0-4549-8823-75968534ba0f,Chaussures de tennis Babolat Jet Mach 3 Homme Bleu foncé,Babolat,chaussures,https://www.protennis.fr/38514-marketing_default/chaussures-de-tennis-babolat-jet-mach-3-homme-bleu-fonce-.jpg,155.00,93.00,40,9bcb1729-926d-4462-b949-57f991e08673,https://www.protennis.fr/58667-chaussures-de-tennis-babolat-jet-mach-3-homme-bleu-fonce-.html,active,true,,2026-09-22T18:20:10.778Z,2026-09-25T04:01:44.799Z,efeecfbc-67a5-4e13-8581-42b5a36ca333,Bleu
42315bff-aa58-498d-a5f4-229352cd006b,Polo de tennis Homme Nike Advantage Slam Melbourne Gris clair,Nike,textile,https://www.protennis.fr/36723-marketing_default/polo-homme-nike-advantage-slam-melbourne-gris-clair.jpg,90.00,54.00,40,9bcb1729-926d-4462-b949-57f991e08673,https://www.protennis.fr/58452-polo-homme-nike-advantage-slam-melbourne-gris-clair.html,active,true,,2026-09-22T18:20:31.745Z,2026-09-25T04:01:51.616Z,06ac57a7-8e85-4dd2-9ea8-810837d8c1fd,Gris
42b1c2ec-4752-46f3-8eb1-aa21bdbd97c6,Surgrip de tennis HEAD XTREME SOFT ROSE,Head,accessoires,https://www.protennis.fr/30494-marketing_default/head-xtreme-soft-rose.jpg,7.00,4.90,30,9bcb1729-926d-4462-b949-57f991e08673,https://www.protennis.fr/56120-head-xtreme-soft-rose.html,active,true,,2026-09-22T18:20:36.071Z,2026-09-25T04:01:52.955Z,89be40ae-fbb7-430f-b8ef-94d49a7a1415,Rose
42ef517d-aa55-4b7e-9580-a972d4813c90,Veste Asics Femme Night Energy Noir Bleu Dragonfly,Asics,textile,https://www.protennis.fr/42320-marketing_default/veste-asics-femme-night-energy-noir-bleu-dragonfly.jpg,110.00,66.00,40,9bcb1729-926d-4462-b949-57f991e08673,https://www.protennis.fr/59178-veste-asics-femme-night-energy-noir-bleu-dragonfly.html,active,true,,2026-09-22T18:20:22.505Z,2026-09-25T04:01:48.811Z,976b898d-55a0-442e-a9c4-d1ff7bed6eec,Noir Bleu
4308482a-b7cc-44c2-b6d4-e293b8d7bbb9,Jupe de tennis Nike Victory Flouncy Femme Noir,Nike,textile,https://www.protennis.fr/36889-marketing_default/jupe-femme-nike-victory-flouncy-noir.jpg,50.00,30.00,40,9bcb1729-926d-4462-b949-57f991e08673,https://www.protennis.fr/58415-jupe-femme-nike-victory-flouncy-noir.html,active,true,,2026-09-22T18:20:29.309Z,2026-09-25T04:01:50.897Z,46a3a77f-3e6b-4e40-a1da-19142032c8ce,Noir
4316f8d7-4f0d-4ea5-9065-1f9aeefe746a,Chaussures de tennis Nike Vapor X Enfant Violet,Nike,chaussures,https://www.protennis.fr/47509-marketing_default/chaussures-de-tennis-nike-vapor-x-enfant-violet.jpg,84.99,50.99,40,9bcb1729-926d-4462-b949-57f991e08673,https://www.protennis.fr/59755-chaussures-de-tennis-nike-vapor-x-enfant-violet.html,active,true,,2026-09-22T18:20:07.688Z,2026-09-25T04:01:43.851Z,815c9043-9f4e-44e7-b771-66ecf9e882f1,Violet
4402bc90-f021-4f22-af6c-13133361548a,Surgrip de tennis Wilson Surgrips Roland Garros 2024,Wilson,accessoires,https://www.protennis.fr/31916-marketing_default/wilson-surgrips-roland-garros-2024.jpg,9.50,6.65,30,9bcb1729-926d-4462-b949-57f991e08673,https://www.protennis.fr/57654-wilson-surgrips-roland-garros-2024.html,active,true,,2026-09-22T18:20:36.022Z,2026-09-25T04:01:52.921Z,9be04903-ec04-4bc9-8b8b-3e45cb75b819,
44425f7e-2d45-442b-8a03-c48163d636e0,Sac de tennis 9 Raquettes Head Tour Racquet Bag L Turquoise,Head,accessoires,https://www.protennis.fr/48873-marketing_default/sac-de-tennis-9-raquettes-head-tour-racquet-bag-l-turquoise.jpg,100.00,70.00,30,9bcb1729-926d-4462-b949-57f991e08673,https://www.protennis.fr/59883-sac-de-tennis-9-raquettes-head-tour-racquet-bag-l-turquoise.html,active,true,,2026-09-22T18:20:41.347Z,2026-09-25T04:01:54.547Z,1f88f91e-f198-4f91-a1fa-73bf1a0af0f5,Turquoise
44596e65-fa7b-4f93-8e37-12a3b4343e8e,Nike Court Advantage Jupe Femme Noir Ete 2023,Nike,textile,https://www.protennis.fr/27163-marketing_default/nike-court-advantage-jupe-femme-noir-ete-2023.jpg,70.00,35.00,50,9bcb1729-926d-4462-b949-57f991e08673,https://www.protennis.fr/56954-nike-court-advantage-jupe-femme-noir-ete-2023.html,active,true,,2026-09-22T18:20:32.896Z,2026-09-25T04:01:52.000Z,f9371c1a-0950-4d75-8f41-83eb3d6889c9,Noir
448ea58a-caa6-43a9-983a-824cf6a30652,Débardeur de tennis femme Nike Court Slam Debardeur Femme Printemps 2023,Nike,textile,https://www.protennis.fr/24436-marketing_default/nike-court-slam-debardeur-femme-printemps-2023.jpg,75.00,37.50,50,9bcb1729-926d-4462-b949-57f991e08673,https://www.protennis.fr/56669-nike-court-slam-debardeur-femme-printemps-2023.html,active,true,,2026-09-22T18:20:32.974Z,2026-09-25T04:01:52.022Z,6baf0dc8-8013-4bc6-acbe-affbaa57a927,
44af6845-47cd-4e01-8ce7-f6560cc2b185,Chaussures de tennis Asics Solution Speed FF 4 Femme Noir Rouge,Asics,chaussures,https://www.protennis.fr/44828-marketing_default/chaussures-de-tennis-asics-solution-speed-ff-4-femme-noir-rouge.jpg,160.00,96.00,40,9bcb1729-926d-4462-b949-57f991e08673,https://www.protennis.fr/59411-chaussures-de-tennis-asics-solution-speed-ff-4-femme-noir-rouge.html,active,true,,2026-09-22T18:20:08.839Z,2026-09-25T04:01:44.212Z,f376212b-63cb-48d2-bdaf-bdb865d5d958,Noir Rouge
44b39600-18f7-43b8-8325-42e7d23c9f0a,Cordage de tennis Tecnifibre Ice Code 120 Bobine 200m,Tecnifibre,cordages,https://www.protennis.fr/22296-marketing_default/tecnifibre-ice-code-120-bobine-200m.jpg,150.00,105.00,30,9bcb1729-926d-4462-b949-57f991e08673,https://www.protennis.fr/56201-tecnifibre-ice-code-120-bobine-200m.html,active,true,,2026-09-22T18:20:00.001Z,2026-09-25T04:01:41.477Z,f3b4b84f-b9c1-4b4d-a2cc-2d48a04dfef7,
44c4fcc0-1796-45e7-b3c0-c883038b7b97,Head Pressurisateur de balles x3 Pump,Head,accessoires,https://www.protennis.fr/33656-marketing_default/head-pressurisateur-de-balles-x3-pump-.jpg,40.00,36.00,10,9bcb1729-926d-4462-b949-57f991e08673,https://www.protennis.fr/57923-head-pressurisateur-de-balles-x3-pump-.html,active,true,,2026-09-22T18:20:34.227Z,2026-09-25T04:01:52.426Z,9b64b4ce-0b0d-4e54-810b-a353e03ab247,
4517a13c-4b00-4b13-af6d-5e5c038b7ad8,Balles de tennis Babolat Green Carton de 24 Tubes de 3 Balles,Babolat,accessoires,https://www.protennis.fr/38542-marketing_default/babolat-green-carton-de-24-tubes-de-3-balles.jpg,166.80,148.80,11,9bcb1729-926d-4462-b949-57f991e08673,https://www.protennis.fr/55541-babolat-green-carton-de-24-tubes-de-3-balles.html,active,true,,2026-09-22T18:20:36.766Z,2026-09-25T04:01:53.197Z,eb91dd13-ab41-4b5e-8154-4181bc1bf461,Vert
451f6cf5-f409-4892-80f1-9685eed40a09,Cordage de tennis LUXILON ALU POWER 125 GRIS BOBINE 220m,Luxilon,cordages,https://www.protennis.fr/31858-marketing_default/luxilon-alu-power-125-gris-bobine-220m.jpg,340.00,238.00,30,9bcb1729-926d-4462-b949-57f991e08673,https://www.protennis.fr/13028-luxilon-alu-power-125-gris-bobine-220m.html,active,true,,2026-09-22T18:20:03.663Z,2026-09-25T04:01:42.661Z,ec69a54c-73fd-473b-860f-7930e4aeaaff,Gris
452b6648-8f27-421a-818b-9f8b689b42e8,Raquette de tennis Yonex Ezone 08 100 2025,Yonex,raquettes,https://www.protennis.fr/35919-marketing_default/raquette-de-tennis-yonex-ezone-08-100-2025.jpg,299.00,239.20,20,9bcb1729-926d-4462-b949-57f991e08673,https://www.protennis.fr/58341-raquette-de-tennis-yonex-ezone-08-100-2025.html,active,true,,2026-09-22T18:19:58.545Z,2026-09-25T04:01:41.061Z,a0328784-6fc2-48d4-9cfe-ab1f2c1d7957,
459b5b17-17ef-4d52-9562-a4e3e7ac9e32,Pantalon Asics Femme Performance Noir,Asics,textile,https://www.protennis.fr/42262-marketing_default/pantalon-asics-femme-performance-noir.jpg,55.00,33.00,40,9bcb1729-926d-4462-b949-57f991e08673,https://www.protennis.fr/59173-pantalon-asics-femme-performance-noir.html,active,true,,2026-09-22T18:20:22.710Z,2026-09-25T04:01:48.867Z,6fa7780f-a42c-47a1-ab6f-5bf9a8b85b60,Noir
45cd57ed-1d20-4f35-9503-b6e521e88df2,Raquette de tennis Wilson Blade 100 L V9 US Open,Wilson,raquettes,https://www.protennis.fr/43284-marketing_default/raquette-de-tennis-wilson-blade-100-l-v9-us-open.jpg,240.00,168.00,30,9bcb1729-926d-4462-b949-57f991e08673,https://www.protennis.fr/59255-raquette-de-tennis-wilson-blade-100-l-v9-us-open.html,active,true,,2026-09-22T18:19:57.828Z,2026-09-25T04:01:40.890Z,240bc0bb-648d-4ee6-af17-123a58b6cf26,
4644de4b-af84-4d98-ae65-416d0913a933,T-shirt de tennis Lacoste coton technique Ultra Dry Femme Noir,Lacoste,textile,https://www.protennis.fr/44163-marketing_default/t-shirt-de-tennis-lacoste-coton-technique-ultra-dry-femme-noir.jpg,60.00,36.00,40,9bcb1729-926d-4462-b949-57f991e08673,https://www.protennis.fr/59361-t-shirt-de-tennis-lacoste-coton-technique-ultra-dry-femme-noir.html,active,true,,2026-09-22T18:20:24.603Z,2026-09-25T04:01:49.489Z,92983f04-ab4e-47bb-8541-1c27172cfef4,Noir
4681441b-9309-45b6-a184-b36b4e1c29b6,Raquette de tennis Babolat Lot de 2 Pure Strike VS 2022,Babolat,raquettes,https://www.protennis.fr/21127-marketing_default/babolat-lot-de-2-pure-strike-vs-2022.jpg,580.00,290.00,50,9bcb1729-926d-4462-b949-57f991e08673,https://www.protennis.fr/55964-babolat-lot-de-2-pure-strike-vs-2022.html,active,true,,2026-09-22T18:19:48.352Z,2026-09-25T04:01:37.879Z,15ae8fcf-c560-45ad-8307-4e405f9b0ed4,
469547c9-a9d9-4259-9809-76b513fb929b,T-Shirt de tennis Adidas Climacool Freelight Pro Homme Turbo,Adidas,textile,https://www.protennis.fr/50306-marketing_default/t-shirt-de-tennis-adidas-climacool-freelight-pro-homme-turbo.jpg,60.00,48.00,20,9bcb1729-926d-4462-b949-57f991e08673,https://www.protennis.fr/60018-t-shirt-de-tennis-adidas-climacool-freelight-pro-homme-turbo.html,active,true,,2026-09-22T18:20:17.949Z,2026-09-25T04:01:47.096Z,cf1d7dbe-2c6d-4d49-bf31-70110e0cbd8c,
469dfb98-babd-4a65-95c8-1ddac4ee4491,Sac de tennis 9 Raquettes Head Tour Racquet Bag L Parme,Head,accessoires,https://www.protennis.fr/45589-marketing_default/sac-de-tennis-9-raquettes-head-tour-racquet-bag-l-parme.jpg,100.00,80.00,20,9bcb1729-926d-4462-b949-57f991e08673,https://www.protennis.fr/59516-sac-de-tennis-9-raquettes-head-tour-racquet-bag-l-parme.html,active,true,,2026-09-22T18:20:41.806Z,2026-09-25T04:01:54.678Z,fad555dc-686c-4294-8112-2f8a713c372d,
46c8ff32-9acd-45a0-8c3c-ef780d5e3da9,Chaussures de tennis Adidas Defiant Speed 2 Femme Rose Argent,Adidas,chaussures,https://www.protennis.fr/48237-marketing_default/chaussures-de-tennis-adidas-defiant-speed-2-femme-rose-argent.jpg,120.00,72.00,40,9bcb1729-926d-4462-b949-57f991e08673,https://www.protennis.fr/59818-chaussures-de-tennis-adidas-defiant-speed-2-femme-rose-argent.html,active,true,,2026-09-22T18:20:06.870Z,2026-09-25T04:01:43.624Z,ae6876d2-06c6-4afb-99fe-f2d132703eed,Rose Argent
46da00fa-b3d7-4a52-a6af-f3252bf2b66b,Surgrip de tennis Babolat VS Grip Original x12,Babolat,accessoires,https://www.protennis.fr/38372-marketing_default/babolat-vs-grip-original-x12.jpg,30.00,21.00,30,9bcb1729-926d-4462-b949-57f991e08673,https://www.protennis.fr/13228-babolat-vs-grip-original-x12.html,active,true,,2026-09-22T18:20:35.510Z,2026-09-25T04:01:52.758Z,14f4c974-89b8-4267-8fa3-836f832f77a8,
46e756a6-4c66-4e52-a9a3-2118f97c8f0e,Chaussures de tennis Adidas Ubersonic 5 Femme Blanc Parme,Adidas,chaussures,https://www.protennis.fr/42607-marketing_default/chaussures-de-tennis-adidas-ubersonic-5-femme-blanc-parme.jpg,150.00,90.00,40,9bcb1729-926d-4462-b949-57f991e08673,https://www.protennis.fr/59135-chaussures-de-tennis-adidas-ubersonic-5-femme-blanc-parme.html,active,true,,2026-09-22T18:20:09.918Z,2026-09-25T04:01:44.541Z,937fdfa4-351c-4fdc-bc0f-0a8bed3ebadc,Blanc
46e8f3aa-7aa0-43a8-a66d-5d13cad974a3,Cordage de tennis HEAD HAWK GRIS 125 BOBINE 200m,Head,cordages,https://www.protennis.fr/4444-marketing_default/head-hawk-gris-125-bobine-200m.jpg,200.00,119.00,41,9bcb1729-926d-4462-b949-57f991e08673,https://www.protennis.fr/35054-head-hawk-gris-125-bobine-200m.html,active,true,,2026-09-22T18:20:02.639Z,2026-09-25T04:01:42.311Z,c736d029-ee88-443c-b808-018cc75b471f,Gris
46fb9b50-da30-4e09-a77e-69d1b78506d1,Chaussures de tennis Asics Court FF 3 Femme Blanc Corail PE24,Asics,chaussures,https://www.protennis.fr/29211-marketing_default/asics-court-ff-3-femme-blanc-corail-pe24.jpg,190.00,95.00,50,9bcb1729-926d-4462-b949-57f991e08673,https://www.protennis.fr/57426-asics-court-ff-3-femme-blanc-corail-pe24.html,active,true,,2026-09-22T18:20:17.538Z,2026-09-25T04:01:46.642Z,5ea39a02-1274-4771-9fda-ffb0daebf604,Blanc Corail
47331dee-b4f7-4b2b-a149-ed7423f3ac23,Raquette de tennis Head Radical MP 2023,Head,raquettes,https://www.protennis.fr/24356-marketing_default/head-radical-mp-2023.jpg,280.00,149.00,47,9bcb1729-926d-4462-b949-57f991e08673,https://www.protennis.fr/56711-head-radical-mp-2023.html,active,true,,2026-09-22T18:19:52.346Z,2026-09-25T04:01:39.122Z,33f5dbbe-1736-4571-8166-2109a6dd52bb,
473781d6-ff36-4f50-a3cd-cfa90f0fc349,T-shirt de tennis Nike Court Advantage Homme Carreau vert,Nike,textile,https://www.protennis.fr/47705-marketing_default/t-shirt-de-tennis-nike-court-advantage-homme-carreau-vert.jpg,64.99,38.99,40,9bcb1729-926d-4462-b949-57f991e08673,https://www.protennis.fr/59778-t-shirt-de-tennis-nike-court-advantage-homme-carreau-vert.html,active,true,,2026-09-22T18:20:27.571Z,2026-09-25T04:01:50.397Z,aa4c2ba3-fc31-49df-9a31-01dd0fc87f41,Vert
47442eda-53cb-4edb-92b1-8a490ea0129f,Raquette de tennis Tecnifibre T-Fight 270 2025,Tecnifibre,raquettes,https://www.protennis.fr/37606-marketing_default/raquette-de-tennis-tecnifibre-t-fight-270-2025.jpg,210.00,147.00,30,9bcb1729-926d-4462-b949-57f991e08673,https://www.protennis.fr/58353-raquette-de-tennis-tecnifibre-t-fight-270-2025.html,active,true,,2026-09-22T18:19:55.377Z,2026-09-25T04:01:40.034Z,2e418ad7-0b56-4df6-9cb5-6ccbf5bdf3c8,
476624a6-c657-4dbb-82d6-026f863039ef,Chaussures de tennis Asics Gel Resolution X Femme Blanc rose,Asics,chaussures,https://www.protennis.fr/44716-marketing_default/chaussures-de-tennis-asics-gel-resolution-x-femme-blanc-rose.jpg,160.00,96.00,40,9bcb1729-926d-4462-b949-57f991e08673,https://www.protennis.fr/59406-chaussures-de-tennis-asics-gel-resolution-x-femme-blanc-rose.html,active,true,,2026-09-22T18:20:13.543Z,2026-09-25T04:01:45.576Z,84933132-5dfb-4699-a0a6-861e8561ca5c,Blanc Rose
47a4a9f1-6c7e-4169-b8ad-edd8030b5247,Chaussures de tennis Head Revolt Court Noir Homme,Head,chaussures,https://www.protennis.fr/44970-marketing_default/chaussures-de-tennis-head-revolt-court-noir-homme-.jpg,85.00,39.90,53,9bcb1729-926d-4462-b949-57f991e08673,https://www.protennis.fr/59463-chaussures-de-tennis-head-revolt-court-noir-homme-.html,active,true,,2026-09-22T18:20:08.296Z,2026-09-25T04:01:44.052Z,f78023d7-e1b0-4de1-91ec-db6001ec49e5,Noir
47ac06ab-8fa0-467d-9c04-f1f1f3d7e5b3,Short Homme Adidas Ergo 7 Vert,Adidas,textile,https://www.protennis.fr/42420-marketing_default/short-homme-adidas-ergo-7-vert-.jpg,55.00,33.00,40,9bcb1729-926d-4462-b949-57f991e08673,https://www.protennis.fr/59142-short-homme-adidas-ergo-7-vert-.html,active,true,,2026-09-22T18:20:19.477Z,2026-09-25T04:01:47.585Z,a92e3a41-210b-4d0c-9841-fb243fe7750c,Vert
47e16e7f-65a9-4d11-9fc1-55133b6a199c,Raquette de tennis Head Boom MP Alternate 2024,Head,raquettes,https://www.protennis.fr/30420-marketing_default/head-boom-mp-alternate-2024.jpg,260.00,182.00,30,9bcb1729-926d-4462-b949-57f991e08673,https://www.protennis.fr/57625-head-boom-mp-alternate-2024.html,active,true,,2026-09-22T18:19:50.273Z,2026-09-25T04:01:38.480Z,859d4118-a7d3-47b8-bffa-7430e076df70,
47f4962f-3241-4805-b73b-925dcceaeebe,Raquette de tennis Prince Vortex 300g 2023,Prince,raquettes,https://www.protennis.fr/30583-marketing_default/prince-vortex-300g-2023.jpg,220.00,129.00,41,9bcb1729-926d-4462-b949-57f991e08673,https://www.protennis.fr/57643-prince-vortex-300g-2023.html,active,true,,2026-09-22T18:19:54.167Z,2026-09-25T04:01:39.721Z,70a05aaa-b2ff-4490-aeb2-6adf941f7537,
48221f1d-822f-4762-995f-d8020ad1b843,Sac de tennis Wilson Shift Super Tour 9 raquettes Artic Ice 2023,Wilson,accessoires,https://www.protennis.fr/27345-marketing_default/wilson-shift-super-tour-9-raquettes-artic-ice-2023.jpg,130.00,84.50,35,9bcb1729-926d-4462-b949-57f991e08673,https://www.protennis.fr/57176-wilson-shift-super-tour-9-raquettes-artic-ice-2023.html,active,true,,2026-09-22T18:20:41.271Z,2026-09-25T04:01:54.525Z,aedd6995-3511-4721-b03a-806b48c33f67,
48e31290-3a0b-4b77-a054-1e55257542fb,T-shirt de tennis Nike Court Slam RG Homme Rose,Nike,textile,https://www.protennis.fr/49101-marketing_default/t-shirt-de-tennis-nike-court-slam-rg-homme-rose.jpg,89.99,53.99,40,9bcb1729-926d-4462-b949-57f991e08673,https://www.protennis.fr/59903-t-shirt-de-tennis-nike-court-slam-rg-homme-rose.html,active,true,,2026-09-22T18:20:27.523Z,2026-09-25T04:01:50.374Z,bd455f4c-f05d-436c-aa60-4ffd409434e7,Rose
494f0354-06db-4fc3-99cd-f41a22c37106,Chaussures de tennis Lacoste AG-LT Ultra Medvedev Terre Battue Homme Marine et Jaune,Lacoste,chaussures,https://www.protennis.fr/44406-marketing_default/chaussures-de-tennis-lacoste-ag-lt-ultra-medvedev-terre-battue-homme-marine-et-jaune.jpg,170.00,102.00,40,9bcb1729-926d-4462-b949-57f991e08673,https://www.protennis.fr/59395-chaussures-de-tennis-lacoste-ag-lt-ultra-medvedev-terre-battue-homme-marine-et-jaune.html,active,true,,2026-09-22T18:20:09.015Z,2026-09-25T04:01:44.257Z,64cb6b7f-acaa-4931-8091-ad41928f936a,Marine Jaune
4952502d-c081-4740-8a05-efd6f7bbbaa3,Raquette de tennis Wilson Blade 98 18x20 V10,Wilson,raquettes,https://www.protennis.fr/48398-marketing_default/raquette-de-tennis-wilson-blade-98-18x20-v10.jpg,290.00,223.30,23,9bcb1729-926d-4462-b949-57f991e08673,https://www.protennis.fr/59834-raquette-de-tennis-wilson-blade-98-18x20-v10.html,active,true,,2026-09-22T18:19:57.236Z,2026-09-25T04:01:40.756Z,81e87cfa-3c18-4274-9023-64f444ee4507,
4a0cd443-d552-46fb-b4f2-87f0d4edb936,Chaussures de tennis Asics Gel Resolution X Homme Marine vert,Asics,chaussures,https://www.protennis.fr/40572-marketing_default/chaussures-de-tennis-asics-gel-resolution-x-homme-marine-vert.jpg,160.00,96.00,40,9bcb1729-926d-4462-b949-57f991e08673,https://www.protennis.fr/58943-chaussures-de-tennis-asics-gel-resolution-x-homme-marine-vert.html,active,true,,2026-09-22T18:20:15.032Z,2026-09-25T04:01:45.959Z,cea5ef59-84c1-4b7f-90cc-ee3d99f6391c,Marine Vert
4a5dd403-8d12-4901-80cb-7263a66dd961,T-shirt de tennis Hydrogen Sketch Homme Marine Jaune,Hydrogen,textile,https://www.protennis.fr/35091-marketing_default/t-shirt-de-tennis-hydrogen-sketch-homme-marine-jaune.jpg,90.00,45.00,50,9bcb1729-926d-4462-b949-57f991e08673,https://www.protennis.fr/58217-t-shirt-de-tennis-hydrogen-sketch-homme-marine-jaune.html,active,true,,2026-09-22T18:20:23.529Z,2026-09-25T04:01:49.137Z,4df8339c-f0b1-492e-a6ba-e4aac25e595f,Marine Jaune
4a7848a0-a850-42cf-882b-718d750c8470,Cordage de tennis HEAD RIP CONTROL 130 BLANC BOBINE 200m,Head,cordages,https://www.protennis.fr/1485-marketing_default/head-rip-control-130-blanc-bobine-200m.jpg,160.00,89.00,44,9bcb1729-926d-4462-b949-57f991e08673,https://www.protennis.fr/46317-head-rip-control-130-blanc-bobine-200m.html,active,true,,2026-09-22T18:20:01.435Z,2026-09-25T04:01:41.971Z,bd964e50-a3b7-4255-ba91-d7e67528acc1,Blanc
4aaff989-ee41-4c43-9c09-fb55b1a294e5,Chaussures de tennis Nike Zoom Vapor 12 Hypersmash Jaune,Nike,chaussures,https://www.protennis.fr/39840-marketing_default/chaussures-de-tennis-nike-zoom-vapor-12-hypersmash-jaune.jpg,180.00,108.00,40,9bcb1729-926d-4462-b949-57f991e08673,https://www.protennis.fr/58796-chaussures-de-tennis-nike-zoom-vapor-12-hypersmash-jaune.html,active,true,,2026-09-22T18:20:15.951Z,2026-09-25T04:01:46.216Z,29d4cb56-7981-41ee-a0fe-da642a992a86,Jaune
4b10321c-22eb-4a89-99a5-781059487bca,Chaussures de tennis Babolat Propulse Fury 3 Homme Noir Multicolore,Babolat,chaussures,https://www.protennis.fr/43934-marketing_default/chaussures-de-tennis-babolat-propulse-fury-3-homme-noir-multicolore.jpg,150.00,90.00,40,9bcb1729-926d-4462-b949-57f991e08673,https://www.protennis.fr/59292-chaussures-de-tennis-babolat-propulse-fury-3-homme-noir-multicolore.html,active,true,,2026-09-22T18:20:09.197Z,2026-09-25T04:01:44.316Z,98d39d3e-130a-4279-85fe-632aa0dbacb6,Noir Multicolore
4b24c8a7-c563-49bf-a0f1-ff68a4855c27,Cordage de tennis BABOLAT VS TOUCH 130,Babolat,cordages,https://www.protennis.fr/15984-marketing_default/babolat-vs-touch-130.jpg,65.00,45.50,30,9bcb1729-926d-4462-b949-57f991e08673,https://www.protennis.fr/14899-babolat-vs-touch-130.html,active,true,,2026-09-22T18:20:03.509Z,2026-09-25T04:01:42.617Z,47418e1a-ba73-4553-ae9c-b6938d3e3869,
4b2fba43-108d-4be8-a93d-87742a65ebd6,Chaussures de tennis Asics Gel Resolution X Enfant Rose fluo,Asics,chaussures,https://www.protennis.fr/40763-marketing_default/chaussures-de-tennis-asics-gel-resolution-x-enfant-rose-fluo.jpg,90.00,54.00,40,9bcb1729-926d-4462-b949-57f991e08673,https://www.protennis.fr/58919-chaussures-de-tennis-asics-gel-resolution-x-enfant-rose-fluo.html,active,true,,2026-09-22T18:20:15.672Z,2026-09-25T04:01:46.126Z,04b7dbcb-d3b1-4093-8291-f8bd5cfd2f36,Rose
4ba17794-cb84-4121-8671-ff3f5974d787,Sac de tennis Wilson Shift Super Tour Sac à Dos Artic Ice 2023,Wilson,accessoires,https://www.protennis.fr/27335-marketing_default/wilson-shift-super-tour-sac-a-dos-artic-ice-2023.jpg,95.00,66.50,30,9bcb1729-926d-4462-b949-57f991e08673,https://www.protennis.fr/57175-wilson-shift-super-tour-sac-a-dos-artic-ice-2023.html,active,true,,2026-09-22T18:20:43.600Z,2026-09-25T04:01:55.229Z,5cb03d3a-8c29-42db-9fb4-9ba572251b6c,
4bb25018-68b7-4adc-920a-bafb1af899f4,Jupe de tennis Lacoste plissée shorty intégré Enfant Blanc,Lacoste,textile,https://www.protennis.fr/48728-marketing_default/jupe-de-tennis-lacoste-plissee-shorty-integre-enfant-blanc.jpg,60.00,36.00,40,9bcb1729-926d-4462-b949-57f991e08673,https://www.protennis.fr/59868-jupe-de-tennis-lacoste-plissee-shorty-integre-enfant-blanc.html,active,true,,2026-09-22T18:20:24.245Z,2026-09-25T04:01:49.364Z,6c879118-f5ec-48f0-970a-2a3e7ecd6a69,Blanc
4c9c4c98-cdc8-4dd4-97f5-e431f1af3a7e,Jupe de tennis Nike Slam Ace London Femme Blanc,Nike,textile,https://www.protennis.fr/41725-marketing_default/jupe-femme-nike-slam-ace-london-blanc.jpg,75.00,45.00,40,9bcb1729-926d-4462-b949-57f991e08673,https://www.protennis.fr/59061-jupe-femme-nike-slam-ace-london-blanc.html,active,true,,2026-09-22T18:20:30.955Z,2026-09-25T04:01:51.395Z,62cb1c93-2c61-4b3a-a4c3-ea31917479da,Blanc
4ca9378a-31f1-44f5-9bde-601e33f27c4a,Sac de tennis Wilson RF Racquet Cover 1PK Black 2024,Wilson,accessoires,https://www.protennis.fr/33641-marketing_default/sac-de-tennis-wilson-rf-racquet-cover-1pk-black-2024.jpg,40.00,28.00,30,9bcb1729-926d-4462-b949-57f991e08673,https://www.protennis.fr/58084-sac-de-tennis-wilson-rf-racquet-cover-1pk-black-2024.html,active,true,,2026-09-22T18:20:40.759Z,2026-09-25T04:01:54.426Z,d1cf9d2d-82ce-4a2e-bebf-0b5ed86853cc,Noir
4cab3d97-1dba-4667-9041-3ffc695ccad3,Raquette de tennis Babolat Pure Aero Cordée 2023,Babolat,raquettes,https://www.protennis.fr/22442-marketing_default/babolat-pure-aero-2023.jpg,290.00,154.00,47,9bcb1729-926d-4462-b949-57f991e08673,https://www.protennis.fr/56312-babolat-pure-aero-2023.html,active,true,,2026-09-22T18:19:48.613Z,2026-09-25T04:01:37.959Z,40cfe7c7-1f0e-4fc5-9bc0-93ae1a08aeb9,
4cb9b39a-0a4f-4c6d-81d8-687f28e64a89,Chaussures de tennis Nike Zoom GP Challenge 1.5 Homme Steam black,Nike,chaussures,https://www.protennis.fr/47849-marketing_default/chaussures-de-tennis-nike-zoom-gp-challenge-pro-homme-white.jpg,149.99,89.99,40,9bcb1729-926d-4462-b949-57f991e08673,https://www.protennis.fr/59793-chaussures-de-tennis-nike-zoom-gp-challenge-pro-homme-white.html,active,true,,2026-09-22T18:20:07.400Z,2026-09-25T04:01:43.759Z,4f7e53b8-56d7-4230-ae97-4d2b12a4fea8,Noir
4ce7f96a-5cf7-4b30-b240-79d9754c8b96,Cordage de tennis Head Lynx Touch 130 Bobine 200m,Head,cordages,https://www.protennis.fr/30487-marketing_default/head-lynx-touch-130-bobine-200m.jpg,150.00,105.00,30,9bcb1729-926d-4462-b949-57f991e08673,https://www.protennis.fr/56119-head-lynx-touch-130-bobine-200m.html,active,true,,2026-09-22T18:20:00.027Z,2026-09-25T04:01:41.488Z,9e189210-0418-46c2-904f-dd68fb5e2b76,
4cedb093-8dce-4b89-a48f-a405503af605,T-shirt de tennis Lacoste Gros Logo Homme Blanc Noir AH24,Lacoste,textile,https://www.protennis.fr/35202-marketing_default/t-shirt-lacoste-gros-logo-homme-blanc-noir-ah24.jpg,70.00,42.00,40,9bcb1729-926d-4462-b949-57f991e08673,https://www.protennis.fr/58235-t-shirt-lacoste-gros-logo-homme-blanc-noir-ah24.html,active,true,,2026-09-22T18:20:23.987Z,2026-09-25T04:01:49.297Z,e2639272-5358-4a84-b528-fd0b5a31af68,Blanc Noir
4d07cc43-423a-40fc-95bd-0ffbf9ffbaf9,Raquette de tennis Tecnifibre TF X1 V2 255 2024,Tecnifibre,raquettes,https://www.protennis.fr/32021-marketing_default/tecnifibre-tf-x1-v2-255-2024.jpg,190.00,119.00,37,9bcb1729-926d-4462-b949-57f991e08673,https://www.protennis.fr/57832-tecnifibre-tf-x1-v2-255-2024.html,active,true,,2026-09-22T18:19:54.805Z,2026-09-25T04:01:39.911Z,e39bf4d8-0d95-4578-b79c-7f96e9e0c407,
4d1966dd-b34f-4804-9512-9fc15b7c8e4e,Raquette de tennis Wilson Shift 99 300g,Wilson,raquettes,https://www.protennis.fr/36929-marketing_default/wilson-shift-99-300g.jpg,270.00,162.00,40,9bcb1729-926d-4462-b949-57f991e08673,https://www.protennis.fr/56523-wilson-shift-99-300g.html,active,true,,2026-09-22T18:19:56.136Z,2026-09-25T04:01:40.261Z,22549d34-8320-4583-be08-5d4e08f45a96,
4d5937f6-89be-4682-8faa-4fe8a42c24a6,Raquette de tennis Wilson Ultra Team V5,Wilson,raquettes,https://www.protennis.fr/40922-marketing_default/raquette-de-tennis-wilson-ultra-team-v5.jpg,160.00,112.00,30,9bcb1729-926d-4462-b949-57f991e08673,https://www.protennis.fr/58966-raquette-de-tennis-wilson-ultra-team-v5.html,active,true,,2026-09-22T18:19:57.110Z,2026-09-25T04:01:40.704Z,8a2267c9-e94a-4012-8dec-644314b8f100,
4db19664-2c78-4aca-8da2-0a2196a04586,Chaussures Yonex Eclipsion 5 Homme Terre Battue Bleu marine,Yonex,chaussures,https://www.protennis.fr/38328-marketing_default/chaussures-yonex-eclipsion-5-homme-terre-battue-bleu-marine.jpg,189.90,113.94,40,9bcb1729-926d-4462-b949-57f991e08673,https://www.protennis.fr/58640-chaussures-yonex-eclipsion-5-homme-terre-battue-bleu-marine.html,active,true,,2026-09-22T18:20:11.296Z,2026-09-25T04:01:44.922Z,48c2603d-fe38-4b3d-9bfd-bec60cd1544f,Bleu Marine
4df98858-24ba-4aad-918d-05630ad6029d,Chaussures de tennis Nike Air Zoom Vapor 12 Homme Blanc volt,Nike,chaussures,https://www.protennis.fr/46205-marketing_default/chaussures-de-tennis-nike-air-zoom-vapor-12-homme-blanc-volt.jpg,160.00,96.00,40,9bcb1729-926d-4462-b949-57f991e08673,https://www.protennis.fr/59603-chaussures-de-tennis-nike-air-zoom-vapor-12-homme-blanc-volt.html,active,true,,2026-09-22T18:20:12.779Z,2026-09-25T04:01:45.343Z,8d47aad3-174e-4f6d-bd31-4c614da2419c,Blanc
4e659727-c1a6-4a4a-9fda-9957e77db6b4,Robe Femme Adidas Wow Blanc Vert,Adidas,textile,https://www.protennis.fr/42360-marketing_default/robe-femme-adidas-wow-blanc-vert.jpg,120.00,72.00,40,9bcb1729-926d-4462-b949-57f991e08673,https://www.protennis.fr/59126-robe-femme-adidas-wow-blanc-vert.html,active,true,,2026-09-22T18:20:19.772Z,2026-09-25T04:01:47.651Z,dbeb8622-0988-4a64-93b7-d142cd45094b,Blanc Vert
4e6868a9-246d-436e-a06d-85030e30ddcb,Grip de raquette de tennis Head Hydrosorb Grip,Head,accessoires,https://www.protennis.fr/8276-marketing_default/head-hydrosorb-grip.jpg,9.00,6.30,30,9bcb1729-926d-4462-b949-57f991e08673,https://www.protennis.fr/53368-head-hydrosorb-grip.html,active,true,,2026-09-22T18:20:34.804Z,2026-09-25T04:01:52.561Z,410118bb-66ba-4524-b50c-e56daebfe164,
4e8c66a2-2613-4cd3-9229-a809fd1018f1,Jupe de tennis Adidas Melbourne Jupe Femme PE22,Adidas,textile,https://www.protennis.fr/20443-marketing_default/adidas-melbourne-jupe-femme-pe22.jpg,65.00,32.50,50,9bcb1729-926d-4462-b949-57f991e08673,https://www.protennis.fr/55750-adidas-melbourne-jupe-femme-pe22.html,active,true,,2026-09-22T18:20:21.537Z,2026-09-25T04:01:48.464Z,9cf093c8-3662-4758-a6ce-d8d21b40f5cd,
4eae292f-3350-45de-98f8-c8457b8e9809,Chaussures de tennis Asics Gel Resolution X Enfant White And Midnight,Asics,chaussures,https://www.protennis.fr/49640-marketing_default/chaussures-de-tennis-asics-gel-resolution-x-enfant-white-and-midnight.jpg,90.00,72.00,20,9bcb1729-926d-4462-b949-57f991e08673,https://www.protennis.fr/59967-chaussures-de-tennis-asics-gel-resolution-x-enfant-white-and-midnight.html,active,true,,2026-09-22T18:20:06.121Z,2026-09-25T04:01:43.397Z,357fd55d-cde9-4278-8416-a54ff0cb44a2,Blanc
4ee36f0e-f891-4830-9ac3-f4e365bd9e6c,Chaussures de tennis Asics Gel Resolution X Enfant Marine orange PE25,Asics,chaussures,https://www.protennis.fr/35747-marketing_default/chaussures-de-tennis-asics-gel-resolution-x-enfant-marine-orange-pe25.jpg,90.00,54.00,40,9bcb1729-926d-4462-b949-57f991e08673,https://www.protennis.fr/58243-chaussures-de-tennis-asics-gel-resolution-x-enfant-marine-orange-pe25.html,active,true,,2026-09-22T18:20:16.877Z,2026-09-25T04:01:46.450Z,f276934b-57e2-425f-babb-38e866d7103b,Marine Orange
4ef24e74-0f3a-46d8-a477-d887fbc2e469,Visière de tennis femme Nike Advantage Ace Visière Noir,Nike,textile,https://www.protennis.fr/27295-marketing_default/visiere-de-tennis-femme-nike-advantage-ace-visiere-noir.jpg,25.00,15.00,40,9bcb1729-926d-4462-b949-57f991e08673,https://www.protennis.fr/57068-visiere-de-tennis-femme-nike-advantage-ace-visiere-noir.html,active,true,,2026-09-22T18:20:28.650Z,2026-09-25T04:01:50.729Z,3a15582d-73e8-43af-8122-6d2746ec09b8,Noir
4f148e01-ef6b-46fc-8cbf-5e6990c41ad5,Pantalon de tennis Homme Nike Heritage Mineral,Nike,textile,https://www.protennis.fr/36736-marketing_default/pantalon-homme-nike-heritage-mineral.jpg,65.00,39.00,40,9bcb1729-926d-4462-b949-57f991e08673,https://www.protennis.fr/58445-pantalon-homme-nike-heritage-mineral.html,active,true,,2026-09-22T18:20:31.882Z,2026-09-25T04:01:51.661Z,33bffa32-8da0-43b1-aad8-2240c49e142b,
4f39ceb9-0b25-475b-b77d-ef219c1374b2,T-shirt de tennis Lacoste Equipe de France Homme Bleu,Lacoste,textile,https://www.protennis.fr/48471-marketing_default/t-shirt-de-tennis-lacoste-equipe-de-france-homme-bleu.jpg,80.00,48.00,40,9bcb1729-926d-4462-b949-57f991e08673,https://www.protennis.fr/59845-t-shirt-de-tennis-lacoste-equipe-de-france-homme-bleu.html,active,true,,2026-09-22T18:20:23.869Z,2026-09-25T04:01:49.252Z,8248ca3c-e68d-44a0-ada9-04ad5782ad4d,Bleu
4f498de9-ac55-423e-90af-a1f3395318e2,Sac de tennis 12 Raquettes Babolat Pure Aero Gen9,Babolat,accessoires,https://www.protennis.fr/46403-marketing_default/sac-de-tennis-12-raquettes-babolat-pure-aero-gen9.jpg,150.00,120.00,20,9bcb1729-926d-4462-b949-57f991e08673,https://www.protennis.fr/59622-sac-de-tennis-12-raquettes-babolat-pure-aero-gen9.html,active,true,,2026-09-22T18:20:38.607Z,2026-09-25T04:01:53.741Z,8c08029d-356e-4a93-b1c4-fd61d2ec432c,
4f4a2352-7d26-4e91-82c0-9ccf5ba83081,Sac de tennis Head Pro Duffle Bag M Extreme 2024,Head,accessoires,https://www.protennis.fr/32950-marketing_default/sac-de-tennis-head-pro-duffle-bag-m-extreme-2024.jpg,110.00,77.00,30,9bcb1729-926d-4462-b949-57f991e08673,https://www.protennis.fr/57955-sac-de-tennis-head-pro-duffle-bag-m-extreme-2024.html,active,true,,2026-09-22T18:20:43.148Z,2026-09-25T04:01:55.087Z,e6ae8633-520f-49e3-a023-3b2d0278b842,
4fae84bd-30a3-476b-af51-5a0ab3f8588e,Chaussures de tennis Nike Air Zoom Vapor 12 Homme Bleu,Nike,chaussures,https://www.protennis.fr/43111-marketing_default/chaussures-de-tennis-nike-air-zoom-vapor-12-homme-bleu.jpg,160.00,96.00,40,9bcb1729-926d-4462-b949-57f991e08673,https://www.protennis.fr/59239-chaussures-de-tennis-nike-air-zoom-vapor-12-homme-bleu.html,active,true,,2026-09-22T18:20:14.065Z,2026-09-25T04:01:45.700Z,bdd4a8db-ccd2-45db-9e5e-14f75c944b40,Bleu
4fb856f9-fe45-413c-9bb6-941c198b74c4,Chaussures de tennis Adidas Barricade 14 Homme White And Lucid Red,Adidas,chaussures,https://www.protennis.fr/49964-marketing_default/chaussures-de-tennis-adidas-barricade-14-homme-white-and-lucid-red.jpg,160.00,128.00,20,9bcb1729-926d-4462-b949-57f991e08673,https://www.protennis.fr/59981-chaussures-de-tennis-adidas-barricade-14-homme-white-and-lucid-red.html,active,true,,2026-09-22T18:20:05.916Z,2026-09-25T04:01:43.328Z,1d355601-a525-4467-89fd-e8a4a2f31a69,Blanc Rouge
4fd9e1d7-550d-4b91-a4ef-5e3ca048fbee,Balles de tennis Babolat Team All Courts Carton de 24 Tubes de 3 Balles,Babolat,accessoires,https://www.protennis.fr/38538-marketing_default/babolat-team-all-courts-carton-de-24-tubes-de-3-balles.jpg,156.00,144.00,8,9bcb1729-926d-4462-b949-57f991e08673,https://www.protennis.fr/55525-babolat-team-all-courts-carton-de-24-tubes-de-3-balles.html,active,true,,2026-09-22T18:20:36.868Z,2026-09-25T04:01:53.229Z,fe6d3f9e-9b75-4e91-ae15-720645984052,
5006ab08-42a6-4fcf-874e-1e5ddfacea76,Raquette de tennis Wilson RF 01 Future Black 2024,Wilson,raquettes,https://www.protennis.fr/32765-marketing_default/raquette-de-tennis-wilson-rf-01-future-black-2024.jpg,260.00,182.00,30,9bcb1729-926d-4462-b949-57f991e08673,https://www.protennis.fr/57946-raquette-de-tennis-wilson-rf-01-future-black-2024.html,active,true,,2026-09-22T18:19:55.880Z,2026-09-25T04:01:40.171Z,ff8455ff-0dc9-42d7-8f56-e7eabcb7381b,Noir
500e0308-005a-40b2-a9bd-02cdf00e8756,Cordage de tennis Babolat RPM Rough Jaune 125 Bobine 200m,Babolat,cordages,https://www.protennis.fr/40140-marketing_default/cordage-de-tennis-babolat-rpm-rough-jaune-125-bobine-200m.jpg,239.95,167.97,30,9bcb1729-926d-4462-b949-57f991e08673,https://www.protennis.fr/58884-cordage-de-tennis-babolat-rpm-rough-jaune-125-bobine-200m.html,active,true,,2026-09-22T18:19:59.055Z,2026-09-25T04:01:41.204Z,32aa8860-7ded-43d0-a59b-8541b97d9a0a,Jaune
501d1cbe-f9be-492b-b618-9a3785ff41d6,Jupe de tennis EA7 Jupe Ventus7 Femme Navy PE24,EA7,textile,https://www.protennis.fr/30714-marketing_default/ea7-jupe-ventus7-femme-navy-pe24.jpg,90.00,45.00,50,9bcb1729-926d-4462-b949-57f991e08673,https://www.protennis.fr/57663-ea7-jupe-ventus7-femme-navy-pe24.html,active,true,,2026-09-22T18:20:23.147Z,2026-09-25T04:01:49.014Z,39b36250-4629-4b4b-b508-ddbb6e97809f,
5030d3d0-33b8-4612-b7d8-df77b74943a2,Sac de tennis Duffle Wilson Roland Garros 2026 Session de soirée,Wilson,accessoires,https://www.protennis.fr/48961-marketing_default/sac-de-tennis-duffle-wilson-roland-garros-2026-session-de-soiree.jpg,65.00,45.50,30,9bcb1729-926d-4462-b949-57f991e08673,https://www.protennis.fr/59889-sac-de-tennis-duffle-wilson-roland-garros-2026-session-de-soiree.html,active,true,,2026-09-22T18:20:37.992Z,2026-09-25T04:01:53.587Z,9745f978-47bb-4dca-a32d-c9f6ba04abc5,
5063db53-a9b6-4a98-b0bc-fb7be73aab0a,Raquette de tennis Wilson Blade 104 V10,Wilson,raquettes,https://www.protennis.fr/48358-marketing_default/raquette-de-tennis-wilson-blade-104-v10.jpg,260.00,208.00,20,9bcb1729-926d-4462-b949-57f991e08673,https://www.protennis.fr/59831-raquette-de-tennis-wilson-blade-104-v10.html,active,true,,2026-09-22T18:19:57.424Z,2026-09-25T04:01:40.789Z,a5543e11-79e0-4ec1-8c93-bcd663506e75,
507ad5e5-4887-49c0-b6d4-310e865886e7,Raquette de tennis Junior Prince Beast 25,Prince,raquettes,https://www.protennis.fr/39157-marketing_default/raquette-de-tennis-junior-prince-beast-25.jpg,109.00,92.65,15,9bcb1729-926d-4462-b949-57f991e08673,https://www.protennis.fr/58766-raquette-de-tennis-junior-prince-beast-25.html,active,true,,2026-09-22T18:19:53.321Z,2026-09-25T04:01:39.452Z,e58c5489-f905-46cd-bc03-ec63718785fd,
50c096eb-75ce-4332-9e19-f47fe42d481d,Cordage de tennis HEAD HAWK BLANC 130 BOBINE 200m,Head,cordages,https://www.protennis.fr/3399-marketing_default/head-hawk-blanc-130-bobine-200m.jpg,200.00,109.00,46,9bcb1729-926d-4462-b949-57f991e08673,https://www.protennis.fr/42512-head-hawk-blanc-130-bobine-200m.html,active,true,,2026-09-22T18:20:01.972Z,2026-09-25T04:01:42.147Z,212c0c18-b1e0-423d-918a-f0833d1810ac,Blanc
51793581-306a-4e3c-805a-f38d73a83a21,Raquette de tennis Wilson Blade 26 V10,Wilson,raquettes,https://www.protennis.fr/48312-marketing_default/raquette-de-tennis-wilson-blade-26-v10.jpg,125.00,100.00,20,9bcb1729-926d-4462-b949-57f991e08673,https://www.protennis.fr/59828-raquette-de-tennis-wilson-blade-26-v10.html,active,true,,2026-09-22T18:19:57.563Z,2026-09-25T04:01:40.822Z,3ee84bdc-4ef6-4937-94ac-abdc00117cdd,
5190e030-bbd9-4e33-b610-9721ad96293e,Raquette de tennis Head Boom Jr 26 2026,Head,raquettes,https://www.protennis.fr/47002-marketing_default/raquette-de-tennis-head-boom-jr-26-2026.jpg,130.00,91.00,30,9bcb1729-926d-4462-b949-57f991e08673,https://www.protennis.fr/59683-raquette-de-tennis-head-boom-jr-26-2026.html,active,true,,2026-09-22T18:19:50.198Z,2026-09-25T04:01:38.458Z,8c567d12-8b68-4c89-92db-48995be1094d,
5193a88e-0e5d-4fdd-b936-5bf7b242ba09,Chaussures de tennis Adidas Courtflash Comfort Scratch Enfant Blanc Jaune,Adidas,chaussures,https://www.protennis.fr/42694-marketing_default/chaussures-de-tennis-adidas-courtflash-comfort-scratch-enfant-blanc-jaune.jpg,50.00,30.00,40,9bcb1729-926d-4462-b949-57f991e08673,https://www.protennis.fr/59105-chaussures-de-tennis-adidas-courtflash-comfort-scratch-enfant-blanc-jaune.html,active,true,,2026-09-22T18:20:14.361Z,2026-09-25T04:01:45.790Z,c0cbb5f4-0cdd-4adb-991a-3ebeead42cd6,Blanc Jaune
51a970f6-8c71-4e9e-9574-155876e80e29,Raquette de tennis Head Radical MP 2025,Head,raquettes,https://www.protennis.fr/38211-marketing_default/raquette-de-tennis-head-radical-mp-2025.jpg,279.95,195.97,30,9bcb1729-926d-4462-b949-57f991e08673,https://www.protennis.fr/58614-raquette-de-tennis-head-radical-mp-2025.html,active,true,,2026-09-22T18:19:52.197Z,2026-09-25T04:01:39.068Z,2b7517f0-cd58-4acc-bc0c-7e80767026c5,
51e55801-3937-4390-8390-12c1eae142e2,Cordage de tennis WILSON SENSATION 135 GARNITURE,Wilson,cordages,https://www.protennis.fr/3977-marketing_default/wilson-sensation-135-garniture.jpg,14.00,9.80,30,9bcb1729-926d-4462-b949-57f991e08673,https://www.protennis.fr/29156-wilson-sensation-135-garniture.html,active,true,,2026-09-22T18:20:03.200Z,2026-09-25T04:01:42.516Z,55a46a31-0ff0-46fa-bdd3-e88686a4f8b5,
5210ffbd-d061-4bb5-8ed8-635f6eb168cf,Chaussures de tennis Asics Solution Speed FF 4 Femme Night Energy,Asics,chaussures,https://www.protennis.fr/50410-marketing_default/chaussures-de-tennis-asics-solution-speed-ff-4-femme-night-energy.jpg,160.00,128.00,20,9bcb1729-926d-4462-b949-57f991e08673,https://www.protennis.fr/60030-chaussures-de-tennis-asics-solution-speed-ff-4-femme-night-energy.html,active,true,,2026-09-22T18:20:05.304Z,2026-09-25T04:01:43.134Z,44a421a6-d266-47ab-a8d0-29a53c27efbd,
5262a0d3-1f5d-4f3d-b23c-6b167abf97cb,T-shirt de tennis Nike Multi Tech Enfant Noir,Nike,textile,https://www.protennis.fr/41342-marketing_default/t-shirt-nike-multi-tech-enfant-noir.jpg,33.00,19.80,40,9bcb1729-926d-4462-b949-57f991e08673,https://www.protennis.fr/58992-t-shirt-nike-multi-tech-enfant-noir.html,active,true,,2026-09-22T18:20:31.439Z,2026-09-25T04:01:51.539Z,8b6cf684-ad79-444e-868a-b4b0d4692952,Noir
527edbbb-f0cb-4e55-94a1-40a22a1ba96a,Sac de tennis Head Tour Racquet Bag L Navy,Head,accessoires,https://www.protennis.fr/47908-marketing_default/sac-de-tennis-head-tour-racquet-bag-l-navy.jpg,100.00,50.00,50,9bcb1729-926d-4462-b949-57f991e08673,https://www.protennis.fr/59799-sac-de-tennis-head-tour-racquet-bag-l-navy.html,active,true,,2026-09-22T18:20:41.591Z,2026-09-25T04:01:54.612Z,942614fb-f0b2-4efe-ac34-569b9b6068cd,
52acc75c-150c-4fc8-83be-8ce641f96636,Balles de tennis CARTON SLAZENGER X4 18 TUBES,Slazenger,accessoires,https://www.protennis.fr/39582-marketing_default/carton-slazenger-x4-18-tubes.jpg,162.00,149.90,7,9bcb1729-926d-4462-b949-57f991e08673,https://www.protennis.fr/29788-carton-slazenger-x4-18-tubes.html,active,true,,2026-09-22T18:20:37.094Z,2026-09-25T04:01:53.295Z,b4dc9bbf-7036-41d3-b413-d45cd9e9925e,
52f8a016-3717-4296-b0ed-7f05861b173c,Surgrip de tennis WILSON PRO OVERGRIP PACK 3 ROSE,Wilson,accessoires,https://www.protennis.fr/12357-marketing_default/wilson-pro-overgrip-pack-3-vert.jpg,9.50,6.65,30,9bcb1729-926d-4462-b949-57f991e08673,https://www.protennis.fr/54105-wilson-pro-overgrip-pack-3-vert.html,active,true,,2026-09-22T18:20:34.641Z,2026-09-25T04:01:52.537Z,a3ea0e04-04aa-4654-8454-474053a6e14f,Rose
533315a9-29e2-4fec-a287-717f821a0c54,T-shirt de tennis Nike Trophy 23 Enfant Bleu roi,Nike,textile,https://www.protennis.fr/47499-marketing_default/t-shirt-enfant-nike-trophy-23-bleu-roi.jpg,22.99,13.79,40,9bcb1729-926d-4462-b949-57f991e08673,https://www.protennis.fr/59754-t-shirt-enfant-nike-trophy-23-bleu-roi.html,active,true,,2026-09-22T18:20:27.932Z,2026-09-25T04:01:50.509Z,b413d693-10d0-4c66-890a-834c8fb474e4,Bleu
535898e6-05be-4fc7-8c0a-f501491b19f6,Sac de tennis Babolat Pure Strike Carbon Sac 9 raquettes,Babolat,accessoires,https://www.protennis.fr/41849-marketing_default/sac-de-tennis-babolat-pure-strike-carbon-sac-9-raquettes.jpg,139.95,97.97,30,9bcb1729-926d-4462-b949-57f991e08673,https://www.protennis.fr/59082-sac-de-tennis-babolat-pure-strike-carbon-sac-9-raquettes.html,active,true,,2026-09-22T18:20:39.733Z,2026-09-25T04:01:54.106Z,af2e91a2-debb-4fb9-b063-c4602c49abca,
536246f1-a2c5-42a3-bf09-717fd5ceb781,Sac à dos Junior Wilson Ultra V5 Tour,Wilson,accessoires,https://www.protennis.fr/40954-marketing_default/sac-a-dos-junior-wilson-ultra-v5-tour.jpg,35.00,24.50,30,9bcb1729-926d-4462-b949-57f991e08673,https://www.protennis.fr/58960-sac-a-dos-junior-wilson-ultra-v5-tour.html,active,true,,2026-09-22T18:20:42.509Z,2026-09-25T04:01:54.875Z,79ba54fb-1d2d-4b02-b9ff-58bcb7b8595e,
53629be6-806e-4eb7-b6d5-5a040eafc8d7,Chaussures de tennis Mizuno Wave Enforce Tour AC Homme,Mizuno,chaussures,https://www.protennis.fr/45355-marketing_default/chaussures-de-tennis-mizuno-wave-enforce-tour-ac-homme.jpg,160.00,96.00,40,9bcb1729-926d-4462-b949-57f991e08673,https://www.protennis.fr/59497-chaussures-de-tennis-mizuno-wave-enforce-tour-ac-homme.html,active,true,,2026-09-22T18:20:08.218Z,2026-09-25T04:01:44.030Z,b38431a7-491c-46cf-a046-3e8efec15877,
539288c5-d72d-43f6-830c-b0c667275b83,Chaussures de tennis Nike Vapor Lite 3 Enfant Noir,Nike,chaussures,https://www.protennis.fr/41422-marketing_default/chaussures-de-tennis-nike-vapor-lite-3-femme-noir.jpg,85.00,51.00,40,9bcb1729-926d-4462-b949-57f991e08673,https://www.protennis.fr/59017-chaussures-de-tennis-nike-vapor-lite-3-femme-noir.html,active,true,,2026-09-22T18:20:10.115Z,2026-09-25T04:01:44.609Z,ab87277b-5dad-441c-a3c1-ae76f8a5dfe0,Noir
53f9d897-b05d-4e9a-8c4d-7f7ce25fab45,Cordage de tennis Yonex Polytour Pro 125 Anthracite Bobine 200m,Yonex,cordages,https://www.protennis.fr/25514-marketing_default/yonex-polytour-pro-120-jaune-bobine-200m.jpg,165.00,115.50,30,9bcb1729-926d-4462-b949-57f991e08673,https://www.protennis.fr/56848-yonex-polytour-pro-120-jaune-bobine-200m.html,active,true,,2026-09-22T18:19:59.719Z,2026-09-25T04:01:41.383Z,9d2bbb83-7a05-403f-9b18-03031c2b9e27,
54439569-dbd9-48a2-a589-e1320f99b1cf,Cordage de tennis HEAD RIP CONTROL 125 NATUREL BOBINE 200m,Head,cordages,https://www.protennis.fr/746-marketing_default/head-rip-control-125-naturel-bobine-200m.jpg,160.00,89.00,44,9bcb1729-926d-4462-b949-57f991e08673,https://www.protennis.fr/34467-head-rip-control-125-naturel-bobine-200m.html,active,true,,2026-09-22T18:20:02.663Z,2026-09-25T04:01:42.321Z,cc639644-9ae8-4762-ab95-d093fd1938da,
54695607-0f23-4567-bc20-6c276c57bf21,Short Enfant Nike Multi Noir,Nike,textile,https://www.protennis.fr/28009-marketing_default/short-de-tennis-enfant-nike-multi-noir-.jpg,20.00,12.00,40,9bcb1729-926d-4462-b949-57f991e08673,https://www.protennis.fr/57078-short-de-tennis-enfant-nike-multi-noir-.html,active,true,,2026-09-22T18:20:28.186Z,2026-09-25T04:01:50.597Z,03241f7a-c67b-4a19-906d-1ab49c962f17,Noir
54884303-84f7-404d-a6d2-a9d067f07918,Chaussures de tennis Asics Gel Resolution X Homme Greige,Asics,chaussures,https://www.protennis.fr/50840-marketing_default/chaussures-de-tennis-asics-gel-resolution-x-homme-greige.jpg,160.00,128.00,20,9bcb1729-926d-4462-b949-57f991e08673,https://www.protennis.fr/60071-chaussures-de-tennis-asics-gel-resolution-x-homme-greige.html,active,true,,2026-09-22T18:20:04.484Z,2026-09-25T04:01:42.919Z,5bd3d681-5ceb-47b4-96e4-089042805118,
54f34df4-9026-4aeb-9652-6784a1819169,T-Shirt de tennis Nike Homme Winter M90 Shangai Masters Noir,Nike,textile,https://www.protennis.fr/43094-marketing_default/t-shirt-nike-homme-winter-m90-shangai-masters-noir.jpg,40.00,24.00,40,9bcb1729-926d-4462-b949-57f991e08673,https://www.protennis.fr/59219-t-shirt-nike-homme-winter-m90-shangai-masters-noir.html,active,true,,2026-09-22T18:20:29.799Z,2026-09-25T04:01:51.032Z,2923f0be-358e-4950-b68e-35ef8e30b1f1,Noir
5514db09-fe58-4ebe-a837-a044c1af9248,Sac de tennis Tecnifibre Tour Endurance ID Bleu 12 Raquettes,Tecnifibre,accessoires,https://www.protennis.fr/40999-marketing_default/sac-de-tennis-tecnifibre-tour-endurance-id-bleu-12-raquettes.jpg,114.99,80.49,30,9bcb1729-926d-4462-b949-57f991e08673,https://www.protennis.fr/58975-sac-de-tennis-tecnifibre-tour-endurance-id-bleu-12-raquettes.html,active,true,,2026-09-22T18:20:42.473Z,2026-09-25T04:01:54.864Z,a2bee439-526e-4a21-bdc4-bb573be8f630,Bleu
556413c4-75b1-4f1e-96ac-9f6adfb0d34a,Chaussures de tennis Wilson Rush Pro 4.0 Navy Homme AH22,Wilson,chaussures,https://www.protennis.fr/27325-marketing_default/wilson-rush-pro-40-navy-homme-ah22.jpg,140.00,89.00,36,9bcb1729-926d-4462-b949-57f991e08673,https://www.protennis.fr/57173-wilson-rush-pro-40-navy-homme-ah22.html,active,true,,2026-09-22T18:20:12.327Z,2026-09-25T04:01:45.220Z,7dd741b1-870e-4b21-b928-739852f3c4ad,
557c6c6e-ff8a-404f-85af-82464b11084b,Raquette de tennis Tecnifibre T-Fight 300S 2025,Tecnifibre,raquettes,https://www.protennis.fr/35973-marketing_default/raquette-de-tennis-tecnifibre-t-fight-300s-2025.jpg,260.00,182.00,30,9bcb1729-926d-4462-b949-57f991e08673,https://www.protennis.fr/58356-raquette-de-tennis-tecnifibre-t-fight-300s-2025.html,active,true,,2026-09-22T18:19:55.112Z,2026-09-25T04:01:40.001Z,637cd7c8-9e20-416d-9352-76d04f8e864a,
558178f8-20c5-4485-a2fa-2a4dd23958b2,Chaussures de tennis Adidas Solematch Control 2 Homme Blanc vert,Adidas,chaussures,https://www.protennis.fr/42442-marketing_default/chaussures-de-tennis-adidas-solematch-control-2-homme-blanc-vert.jpg,130.00,78.00,40,9bcb1729-926d-4462-b949-57f991e08673,https://www.protennis.fr/59157-chaussures-de-tennis-adidas-solematch-control-2-homme-blanc-vert.html,active,true,,2026-09-22T18:20:09.832Z,2026-09-25T04:01:44.520Z,7beb713d-0cb6-4dc7-801e-bc342e3af731,Blanc Vert
55a5cabd-3a7b-4868-a90e-de64ea591f1d,Cordage de tennis WILSON REVOLVE ORANGE 130 GARNITURE,Wilson,cordages,https://www.protennis.fr/3239-marketing_default/wilson-revolve-orange-130-garniture.jpg,16.00,11.20,30,9bcb1729-926d-4462-b949-57f991e08673,https://www.protennis.fr/33927-wilson-revolve-orange-130-garniture.html,active,true,,2026-09-22T18:20:02.688Z,2026-09-25T04:01:42.332Z,e5489fbc-f86f-4d6a-a024-601e5d8d40c7,Orange
560a0fa4-0835-4998-8a36-5ba9eaf47e7d,Balles de tennis Babolat Team All Courts Carton de 18 Tubes de 4 Balles,Babolat,accessoires,https://www.protennis.fr/38539-marketing_default/babolat-team-all-courts-carton-de-18-tubes-de-4-balles.jpg,153.00,136.80,11,9bcb1729-926d-4462-b949-57f991e08673,https://www.protennis.fr/55526-babolat-team-all-courts-carton-de-18-tubes-de-4-balles.html,active,true,,2026-09-22T18:20:36.843Z,2026-09-25T04:01:53.219Z,749bddf2-0a3f-4a0d-b605-4aa84860b9b5,
56375e09-045c-47e0-9ecf-8c12d96a5d66,Chaussures de tennis Babolat Jet Tere 2 Homme Noir,Babolat,chaussures,https://www.protennis.fr/38499-marketing_default/chaussures-de-tennis-babolat-jet-tere-2-homme-noir.jpg,110.00,66.00,40,9bcb1729-926d-4462-b949-57f991e08673,https://www.protennis.fr/58656-chaussures-de-tennis-babolat-jet-tere-2-homme-noir.html,active,true,,2026-09-22T18:20:10.919Z,2026-09-25T04:01:44.844Z,c68d350f-4696-4d8c-8831-b7dfbb6a0bb5,Noir
5672fd13-1bf2-4038-ab2b-a0866708ba74,T-shirt Homme Adidas Tennis Club Vert Blanc,Adidas,textile,https://www.protennis.fr/42411-marketing_default/t-shirt-homme-adidas-tennis-club-vert-blanc.jpg,35.00,21.00,40,9bcb1729-926d-4462-b949-57f991e08673,https://www.protennis.fr/59140-t-shirt-homme-adidas-tennis-club-vert-blanc.html,active,true,,2026-09-22T18:20:19.560Z,2026-09-25T04:01:47.607Z,2317ff3d-7b4f-4cec-a315-8779311ed8e2,Vert Blanc
5690f65f-6cdc-4531-b5aa-e76a10ba956c,Raquette de tennis Head Prestige Tour 2023,Head,raquettes,https://www.protennis.fr/28983-marketing_default/head-prestige-tour-2023.jpg,300.00,210.00,30,9bcb1729-926d-4462-b949-57f991e08673,https://www.protennis.fr/57450-head-prestige-tour-2023.html,active,true,,2026-09-22T18:19:52.039Z,2026-09-25T04:01:39.035Z,a5d78cc8-7b07-45bd-b9bf-5e581ae1ace3,
56eb38c9-b401-447d-8841-4fdc01121bed,Raquette de tennis Prince by Hydrogen Random 280g 2022,Prince,raquettes,https://www.protennis.fr/22141-marketing_default/prince-by-hydrogen-random-280g-2022.jpg,230.00,149.00,35,9bcb1729-926d-4462-b949-57f991e08673,https://www.protennis.fr/56216-prince-by-hydrogen-random-280g-2022.html,active,true,,2026-09-22T18:19:54.086Z,2026-09-25T04:01:39.699Z,b90a6ff1-a5b8-430b-8446-c8be73e445e6,
5745f71b-0959-4831-8f9e-d71ed723b854,Chaussures de tennis Asics Gel Resolution X Homme Rose Green,Asics,chaussures,https://www.protennis.fr/44975-marketing_default/chaussures-de-tennis-asics-gel-resolution-x-homme-rose-green.jpg,160.00,96.00,40,9bcb1729-926d-4462-b949-57f991e08673,https://www.protennis.fr/59429-chaussures-de-tennis-asics-gel-resolution-x-homme-rose-green.html,active,true,,2026-09-22T18:20:08.491Z,2026-09-25T04:01:44.108Z,23755456-0427-4657-8bfe-88f9602474ea,Rose Vert
578a64cf-720b-4ccb-9899-9a04e21d0cc4,Debardeur Nike Pro Enfant Noir,Nike,textile,https://www.protennis.fr/41335-marketing_default/debardeur-nike-pro-enfant-noir.jpg,35.00,21.00,40,9bcb1729-926d-4462-b949-57f991e08673,https://www.protennis.fr/58993-debardeur-nike-pro-enfant-noir.html,active,true,,2026-09-22T18:20:30.902Z,2026-09-25T04:01:51.373Z,82a5d690-1815-497b-92bb-eb554ef747b6,Noir
5796f1f7-1661-43b1-9ab2-64e7701a1d94,Cordage de tennis BABOLAT XCEL 135 GARNITURE,Babolat,cordages,https://www.protennis.fr/4925-marketing_default/babolat-xcel-135-garniture.jpg,22.00,15.40,30,9bcb1729-926d-4462-b949-57f991e08673,https://www.protennis.fr/29159-babolat-xcel-135-garniture.html,active,true,,2026-09-22T18:20:04.175Z,2026-09-25T04:01:42.816Z,50d40d40-bcca-4f98-a856-7347825185c5,
5830d4e2-a9e5-4fa3-8513-0f51a77c0ec3,Cordage de tennis WILSON SENSATION 135 BOBINE 200m,Wilson,cordages,https://www.protennis.fr/3725-marketing_default/wilson-sensation-135-bobine-200m.jpg,140.00,98.00,30,9bcb1729-926d-4462-b949-57f991e08673,https://www.protennis.fr/21751-wilson-sensation-135-bobine-200m.html,active,true,,2026-09-22T18:20:03.380Z,2026-09-25T04:01:42.572Z,c08aa464-fc05-4e84-b26b-5649b12282f5,
58349ea0-938c-4b9c-9f2d-c21731a9a0b7,Chaussures de tennis Babolat Jet Mach 3 Homme Blanc Gris,Babolat,chaussures,https://www.protennis.fr/43924-marketing_default/chaussures-de-tennis-babolat-jet-mach-3-homme-blanc-gris.jpg,155.00,93.00,40,9bcb1729-926d-4462-b949-57f991e08673,https://www.protennis.fr/59293-chaussures-de-tennis-babolat-jet-mach-3-homme-blanc-gris.html,active,true,,2026-09-22T18:20:09.138Z,2026-09-25T04:01:44.304Z,1eeb754e-8418-491e-96c5-e958bb114171,Blanc Gris
5834e277-0af6-4bfd-be5b-3316aa56ea55,Cordage de tennis HEAD LYNX GRIS 120 BOBINE 200m,Head,cordages,https://www.protennis.fr/4587-marketing_default/head-lynx-gris-120-bobine-200m.jpg,150.00,99.00,34,9bcb1729-926d-4462-b949-57f991e08673,https://www.protennis.fr/44031-head-lynx-gris-120-bobine-200m.html,active,true,,2026-09-22T18:20:01.820Z,2026-09-25T04:01:42.091Z,59bc0997-3a16-4af6-8e1d-7cdcdd9574d7,Gris
58b4fdbd-70cc-4eff-a76d-4f59a2889521,Raquette de tennis Enfant Babolat Pure Aero 26 Gen9,Babolat,raquettes,https://www.protennis.fr/46517-marketing_default/raquette-de-tennis-enfant-babolat-pure-aero-26-gen9.jpg,130.00,91.00,30,9bcb1729-926d-4462-b949-57f991e08673,https://www.protennis.fr/59624-raquette-de-tennis-enfant-babolat-pure-aero-26-gen9.html,active,true,,2026-09-22T18:19:47.533Z,2026-09-25T04:01:37.562Z,f832bf86-e645-4bbc-9978-74a6207476b2,
58e3152b-199e-4404-b61f-5d59cf4c21d9,Jupe de tennis plisée Adidas Enfant Blanc PE25,Adidas,textile,https://www.protennis.fr/35874-marketing_default/jupe-plisee-adidas-enfant-blanc-pe25.jpg,40.00,24.00,40,9bcb1729-926d-4462-b949-57f991e08673,https://www.protennis.fr/58281-jupe-plisee-adidas-enfant-blanc-pe25.html,active,true,,2026-09-22T18:20:20.586Z,2026-09-25T04:01:48.226Z,069f63e2-39b6-4470-a866-60b17ce84452,Blanc
59104fd6-87ee-4080-bcb1-286ba3fa02af,Chaussures de tennis Nike Vapor Pro 3 Homme Bleu corail,Nike,chaussures,https://www.protennis.fr/46228-marketing_default/chaussures-de-tennis-nike-vapor-pro-3-homme-bleu-corail.jpg,130.00,78.00,40,9bcb1729-926d-4462-b949-57f991e08673,https://www.protennis.fr/59598-chaussures-de-tennis-nike-vapor-pro-3-homme-bleu-corail.html,active,true,,2026-09-22T18:20:12.830Z,2026-09-25T04:01:45.366Z,0f48242a-acc9-4d60-84fc-88fbf1e50b3a,Bleu Corail
593eb1b4-c11f-403f-9738-53e30fcd5d14,Chaussures de tennis Lacoste AG-LT Pro Daniil Medvedev Homme Bleu,Lacoste,chaussures,https://www.protennis.fr/48810-marketing_default/chaussures-de-tennis-lacoste-ag-lt-pro-homme-bleu.jpg,190.00,114.00,40,9bcb1729-926d-4462-b949-57f991e08673,https://www.protennis.fr/59875-chaussures-de-tennis-lacoste-ag-lt-pro-homme-bleu.html,active,true,,2026-09-22T18:20:06.761Z,2026-09-25T04:01:43.591Z,95c386e0-b01c-44d9-9925-b35c79764589,Bleu
5970565f-cd6f-493c-ad8a-015e43056309,Short de tennis Nike Slam NY Homme Kaki,Nike,textile,https://www.protennis.fr/41654-marketing_default/short-homme-nike-slam-ny-kaki.jpg,65.00,39.00,40,9bcb1729-926d-4462-b949-57f991e08673,https://www.protennis.fr/59034-short-homme-nike-slam-ny-kaki.html,active,true,,2026-09-22T18:20:30.649Z,2026-09-25T04:01:51.296Z,eeca52fe-8bf1-4250-a7e6-797652a89e8e,Kaki
59b4a6d9-f56b-40db-ad19-018ea16cf94c,T-shirt de tennis enfant Nike Court Victory T-shirt Blanc Enfant Ete 2023,Nike,textile,https://www.protennis.fr/27064-marketing_default/nike-court-victory-t-shirt-blanc-enfant-ete-2023.jpg,35.00,17.50,50,9bcb1729-926d-4462-b949-57f991e08673,https://www.protennis.fr/56934-nike-court-victory-t-shirt-blanc-enfant-ete-2023.html,active,true,,2026-09-22T18:20:32.847Z,2026-09-25T04:01:51.978Z,037d3c47-b499-4013-8e39-7918c61f7d61,Blanc
59fec9bf-c981-4272-b62e-2eee7db6dd8c,Cordage de tennis Head Lynx 125 Bobine 200m Vert,Head,cordages,https://www.protennis.fr/30437-marketing_default/head-lynx-125-bobine-200m-vert.jpg,150.00,105.00,30,9bcb1729-926d-4462-b949-57f991e08673,https://www.protennis.fr/56073-head-lynx-125-bobine-200m-vert.html,active,true,,2026-09-22T18:20:00.130Z,2026-09-25T04:01:41.520Z,164dd063-89a3-4714-88cb-e65c00fc4583,Vert
5a721471-5e19-4554-a1e1-fbe7c23914b0,Sac de tennis Tecnifibre Tour Endurance Ultra Noir Sac a dos 2024,Tecnifibre,accessoires,https://www.protennis.fr/32018-marketing_default/tecnifibre-tour-endurance-ultra-noir-sac-a-dos-2024.jpg,75.00,52.50,30,9bcb1729-926d-4462-b949-57f991e08673,https://www.protennis.fr/57827-tecnifibre-tour-endurance-ultra-noir-sac-a-dos-2024.html,active,true,,2026-09-22T18:20:43.348Z,2026-09-25T04:01:55.152Z,890f17f6-fb8a-4c1a-9f2b-3ed26a7736dd,Noir
5a775b61-286d-4712-af13-b49ca750c8ba,Chaussures de tennis Asics Solution Speed FF 4 Homme Vert rose,Asics,chaussures,https://www.protennis.fr/44989-marketing_default/chaussures-de-tennis-asics-solution-speed-ff-4-homme-vert-rose.jpg,160.00,96.00,40,9bcb1729-926d-4462-b949-57f991e08673,https://www.protennis.fr/59427-chaussures-de-tennis-asics-solution-speed-ff-4-homme-vert-rose.html,active,true,,2026-09-22T18:20:13.401Z,2026-09-25T04:01:45.508Z,f646d204-55a9-47d0-bd72-350363af2d89,Vert Rose
5a78670a-54dd-4da4-a017-a67c6fa2fc0c,Chaussures de tennis Adidas Courtjam Control 3 Femme White,Adidas,chaussures,https://www.protennis.fr/50182-marketing_default/chaussures-de-tennis-adidas-courtjam-control-3-femme-white.jpg,90.00,72.00,20,9bcb1729-926d-4462-b949-57f991e08673,https://www.protennis.fr/60007-chaussures-de-tennis-adidas-courtjam-control-3-femme-white.html,active,true,,2026-09-22T18:20:05.557Z,2026-09-25T04:01:43.214Z,ec71e7e9-ec92-4ed7-98b2-1592d4065e6d,Blanc
5ac1e381-c04c-4660-be26-bfde2648e221,Débardeur de tennis enfant Adidas PrimeBlue Debardeur Enfant AH21,Adidas,textile,https://www.protennis.fr/18919-marketing_default/adidas-primeblue-debardeur-enfant-ah21.jpg,40.00,20.00,50,9bcb1729-926d-4462-b949-57f991e08673,https://www.protennis.fr/55295-adidas-primeblue-debardeur-enfant-ah21.html,active,true,,2026-09-22T18:20:21.625Z,2026-09-25T04:01:48.487Z,9d7a0e36-9ad1-4188-811e-8f66b0455f9c,
5acf4b08-35e2-419e-9ec1-8383369d211f,Sac à dos de tennis Head Gravity Pro X 30L Noir Gris,Head,raquettes,https://www.protennis.fr/36244-marketing_default/sac-a-dos-head-gravity-pro-x-30l-noir-gris.jpg,120.00,84.00,30,9bcb1729-926d-4462-b949-57f991e08673,https://www.protennis.fr/58374-sac-a-dos-head-gravity-pro-x-30l-noir-gris.html,active,true,,2026-09-22T18:19:51.092Z,2026-09-25T04:01:38.753Z,8924180b-ea81-4102-af7a-a9b2125396ce,Noir Gris
5ad3bfdf-c3be-4f58-8cba-c5df4adb16ca,Chaussures de tennis Nike Zoom GP Challenge Pro Femme Blanc Bleu Hiver 2024,Nike,chaussures,https://www.protennis.fr/34538-marketing_default/chaussures-de-tennis-nike-zoom-gp-challenge-pro-femme-blanc-bleu-hiver-2024.jpg,110.00,55.00,50,9bcb1729-926d-4462-b949-57f991e08673,https://www.protennis.fr/58157-chaussures-de-tennis-nike-zoom-gp-challenge-pro-femme-blanc-bleu-hiver-2024.html,active,true,,2026-09-22T18:20:16.979Z,2026-09-25T04:01:46.485Z,8d75f356-dfeb-46dd-ac6c-08fc621eac7a,Blanc Bleu
5afd416e-b7c9-4f57-bfda-eecc20c6c584,Short de tennis enfant Adidas US Series Short Enfant Printed Noir AH23,Adidas,textile,https://www.protennis.fr/28574-marketing_default/adidas-us-series-short-enfant-printed-noir-ah23.jpg,45.00,22.50,50,9bcb1729-926d-4462-b949-57f991e08673,https://www.protennis.fr/57202-adidas-us-series-short-enfant-printed-noir-ah23.html,active,true,,2026-09-22T18:20:21.203Z,2026-09-25T04:01:48.350Z,0dc7727e-29fe-4216-a0bd-5dedb74d160c,Noir
5b4d8e45-2726-45cb-8e76-5c7a60271466,Chaussures de tennis Yonex Fusion Rev 5 Homme Saphire Navy 2024,Yonex,chaussures,https://www.protennis.fr/34114-marketing_default/chaussures-de-tennis-yonex-fusion-rev-5-homme-saphire-navy-2024.jpg,170.00,89.00,48,9bcb1729-926d-4462-b949-57f991e08673,https://www.protennis.fr/58103-chaussures-de-tennis-yonex-fusion-rev-5-homme-saphire-navy-2024.html,active,true,,2026-09-22T18:20:12.088Z,2026-09-25T04:01:45.153Z,c2d896be-94e8-482e-892a-9a6609c72922,
5b68e5d8-e121-4edb-9d07-c74e65601eff,Chaussures de tennis Nike Vapor Lite 3 Homme Blanc turquoise,Nike,chaussures,https://www.protennis.fr/41576-marketing_default/chaussures-de-tennis-nike-vapor-lite-3-homme-blanc-turquoise.jpg,85.00,51.00,40,9bcb1729-926d-4462-b949-57f991e08673,https://www.protennis.fr/59053-chaussures-de-tennis-nike-vapor-lite-3-homme-blanc-turquoise.html,active,true,,2026-09-22T18:20:09.968Z,2026-09-25T04:01:44.564Z,9e212b14-ef54-4e09-b918-0fd2aa827b64,Blanc Turquoise
5b6ef72c-258e-417a-a58c-d2b35dc735f4,Chaussures de tennis Nike Air Zoom Vapor 12 Homme Noir,Nike,chaussures,https://www.protennis.fr/36642-marketing_default/chaussures-de-tennis-nike-air-zoom-vapor-12-homme-noir.jpg,160.00,96.00,40,9bcb1729-926d-4462-b949-57f991e08673,https://www.protennis.fr/58465-chaussures-de-tennis-nike-air-zoom-vapor-12-homme-noir.html,active,true,,2026-09-22T18:20:16.309Z,2026-09-25T04:01:46.338Z,9864c0f9-2910-43bd-ab54-cffbabcfd7b8,Noir
5baa1708-62cd-4c6a-813c-a45807c9c3de,Short de tennis Nike Heritage Femme Rose,Nike,textile,https://www.protennis.fr/42973-marketing_default/short-nike-heritage-femme-rose.jpg,60.00,36.00,40,9bcb1729-926d-4462-b949-57f991e08673,https://www.protennis.fr/59208-short-nike-heritage-femme-rose.html,active,true,,2026-09-22T18:20:29.911Z,2026-09-25T04:01:51.065Z,1d9aded5-87ca-4542-8168-4a4f34608308,Rose
5bdb6628-0f99-466d-9654-8fec748d300c,Cordage de tennis TECNIFIBRE DURAMIX 135 GARNITURE NATUREL,Tecnifibre,cordages,https://www.protennis.fr/40771-marketing_default/tecnifibre-duramix-135-garniture-naturel.jpg,17.00,12.75,25,9bcb1729-926d-4462-b949-57f991e08673,https://www.protennis.fr/14904-tecnifibre-duramix-135-garniture-naturel.html,active,true,,2026-09-22T18:20:04.199Z,2026-09-25T04:01:42.827Z,ee71d210-edfb-4a10-a3bc-74fecb5252d3,
5bebcb31-06ec-413f-bb94-f45777412016,Sac de tennis Tecnifibre Tour Endurance IG Orange 12 Raquettes,Tecnifibre,accessoires,https://www.protennis.fr/48846-marketing_default/sac-de-tennis-tecnifibre-tour-endurance-ig-orange-12-raquettes.jpg,114.99,103.49,10,9bcb1729-926d-4462-b949-57f991e08673,https://www.protennis.fr/59878-sac-de-tennis-tecnifibre-tour-endurance-ig-orange-12-raquettes.html,active,true,,2026-09-22T18:20:41.451Z,2026-09-25T04:01:54.569Z,65378781-d280-462f-8347-e81839685293,Orange
5c020328-042c-4553-bb7f-a362d59c23ef,Chaussures de tennis Asics Gel Resolution X Enfant Bleu ciel,Asics,chaussures,https://www.protennis.fr/44274-marketing_default/chaussures-de-tennis-asics-gel-resolution-x-enfant-bleu-ciel.jpg,90.00,54.00,40,9bcb1729-926d-4462-b949-57f991e08673,https://www.protennis.fr/59381-chaussures-de-tennis-asics-gel-resolution-x-enfant-bleu-ciel.html,active,true,,2026-09-22T18:20:13.621Z,2026-09-25T04:01:45.601Z,8832b022-a9d9-4959-adbb-88828a2f5ab8,Bleu
5c89e8f5-1623-4dad-aea7-275c683d2791,Pantalon Nike Heritage Femme Vert foncé,Nike,textile,https://www.protennis.fr/42950-marketing_default/pantalon-nike-heritage-femme-vert-fonce.jpg,80.00,48.00,40,9bcb1729-926d-4462-b949-57f991e08673,https://www.protennis.fr/59210-pantalon-nike-heritage-femme-vert-fonce.html,active,true,,2026-09-22T18:20:29.824Z,2026-09-25T04:01:51.043Z,45a9b44c-02a4-4deb-8d15-c0c183153c8d,Vert
5c974d2f-d6c0-478b-89c5-6a471a26d88d,Chaussures de tennis Adidas Barricade 14 Homme Orange Noir,Adidas,chaussures,https://www.protennis.fr/48224-marketing_default/chaussures-de-tennis-adidas-barricade-14-homme-orange-noir.jpg,160.00,96.00,40,9bcb1729-926d-4462-b949-57f991e08673,https://www.protennis.fr/59817-chaussures-de-tennis-adidas-barricade-14-homme-orange-noir.html,active,true,,2026-09-22T18:20:06.895Z,2026-09-25T04:01:43.635Z,828e0fe7-19fd-44b6-a64b-de6c446c94c3,Orange Noir
5d541e10-9d70-458e-a6b1-4e39140ff86f,T-shirt de tennis Lacoste Gros Logo Homme Noir Kaki,Lacoste,textile,https://www.protennis.fr/38674-marketing_default/t-shirt-lacoste-gros-logo-homme-noir-kaki.jpg,70.00,42.00,40,9bcb1729-926d-4462-b949-57f991e08673,https://www.protennis.fr/58693-t-shirt-lacoste-gros-logo-homme-noir-kaki.html,active,true,,2026-09-22T18:20:24.860Z,2026-09-25T04:01:49.567Z,13d719f4-daeb-4dfd-8ca2-d8525a1af9d4,Noir Kaki
5dc96abb-d4d1-4506-a9ea-52319bc8cd40,Legging de tennis Asics ColorBlock Legging Femme AH21,Asics,textile,https://www.protennis.fr/19716-marketing_default/asics-colorblock-legging-femme-ah21.jpg,65.00,32.50,50,9bcb1729-926d-4462-b949-57f991e08673,https://www.protennis.fr/55384-asics-colorblock-legging-femme-ah21.html,active,true,,2026-09-22T18:20:23.041Z,2026-09-25T04:01:48.980Z,5dc92528-c723-4258-9b84-86d088250553,
5dd0164d-8e69-4f43-976a-f6d7e8843ec2,Sac de tennis Head Gravity Pro X Duffle Sport Bag Noir Gris,Head,raquettes,https://www.protennis.fr/36247-marketing_default/sac-head-gravity-pro-x-duffle-sport-bag-noir-gris.jpg,120.00,84.00,30,9bcb1729-926d-4462-b949-57f991e08673,https://www.protennis.fr/58375-sac-head-gravity-pro-x-duffle-sport-bag-noir-gris.html,active,true,,2026-09-22T18:19:51.068Z,2026-09-25T04:01:38.740Z,e9531876-99e2-4cad-be4b-a6e6be534f2e,Noir Gris
5e1a526a-8642-4290-9a3c-fa8231dca9aa,Surgrip de tennis WILSON PRO OVERGRIP PACK 3 ORANGE,Wilson,accessoires,https://www.protennis.fr/3058-marketing_default/wilson-pro-overgrip-pack-3-orange.jpg,9.50,6.65,30,9bcb1729-926d-4462-b949-57f991e08673,https://www.protennis.fr/46151-wilson-pro-overgrip-pack-3-orange.html,active,true,,2026-09-22T18:20:34.920Z,2026-09-25T04:01:52.606Z,37e09134-2f17-4328-a423-ea9ee96ad642,Orange
5e43dae7-05aa-4884-9d0b-2aa4b2c6a6b7,Sac à dos Head Tour 30L Palm Tree Crew,Head,accessoires,https://www.protennis.fr/41058-marketing_default/sac-a-dos-head-tour-30l-palm-tree-crew.jpg,89.99,62.99,30,9bcb1729-926d-4462-b949-57f991e08673,https://www.protennis.fr/58984-sac-a-dos-head-tour-30l-palm-tree-crew.html,active,true,,2026-09-22T18:20:40.071Z,2026-09-25T04:01:54.218Z,96fd936f-b05a-47c8-ac66-1f48fec2ad9e,
5e6b9a51-8574-4f2c-bf25-6fe29b1e1194,T-shirt de tennis Enfant Nike Slim Modal Noir,Nike,textile,https://www.protennis.fr/36908-marketing_default/t-shirt-enfant-nike-slim-modal-noir-.jpg,28.00,16.80,40,9bcb1729-926d-4462-b949-57f991e08673,https://www.protennis.fr/58405-t-shirt-enfant-nike-slim-modal-noir-.html,active,true,,2026-09-22T18:20:32.079Z,2026-09-25T04:01:51.727Z,1285fba6-5322-4156-a3b8-96f8fb1ee61b,Noir
5ea74e57-d7e4-4dea-acc3-640872a985fe,Sac de tennis Yonex Percept Pro 9 Raquettes Midnight,Yonex,accessoires,https://www.protennis.fr/41966-marketing_default/sac-de-tennis-yonex-percept-pro-9-raquettes-midnight.jpg,150.00,105.00,30,9bcb1729-926d-4462-b949-57f991e08673,https://www.protennis.fr/59093-sac-de-tennis-yonex-percept-pro-9-raquettes-midnight.html,active,true,,2026-09-22T18:20:42.370Z,2026-09-25T04:01:54.831Z,1495917d-f7bc-4642-8896-389b28d0069d,
5eac207e-d0c4-44cb-9c3a-d828faedeef9,Sac de tennis Head Tour Racquet Bag S Noir 2024,Head,accessoires,https://www.protennis.fr/30557-marketing_default/head-tour-racquet-bag-s-noir-2024.jpg,80.00,49.00,39,9bcb1729-926d-4462-b949-57f991e08673,https://www.protennis.fr/57631-head-tour-racquet-bag-s-noir-2024.html,active,true,,2026-09-22T18:20:40.937Z,2026-09-25T04:01:54.480Z,004b2513-5cad-4e8f-b948-d09fdc8d80d9,Noir
5ebe3f9d-db8a-4459-aa39-d166c01cb24d,Raquette de tennis Boom Team 2026,Head,raquettes,https://www.protennis.fr/47153-marketing_default/raquette-de-tennis-boom-team-2026.jpg,210.00,147.00,30,9bcb1729-926d-4462-b949-57f991e08673,https://www.protennis.fr/59686-raquette-de-tennis-boom-team-2026.html,active,true,,2026-09-22T18:19:50.068Z,2026-09-25T04:01:38.425Z,7a3a3a2b-14ce-4e57-bec5-593996dcf01d,
5ebedab9-7657-4b53-866a-8077626bd6ad,Antivibrateur de tennis HEAD SMARTSORB NOIR,Head,accessoires,https://www.protennis.fr/38610-marketing_default/head-smartsorb-noir.jpg,6.00,4.20,30,9bcb1729-926d-4462-b949-57f991e08673,https://www.protennis.fr/34078-head-smartsorb-noir.html,active,true,,2026-09-22T18:20:35.047Z,2026-09-25T04:01:53.021Z,b5da5814-7edd-4521-be1e-9dad0fe52fb7,Noir
5ef0f0f9-3950-4149-a3c0-2f7430a6678e,Chaussures de tennis Adidas Ubersonic 5 Femme Blanc orange,Adidas,chaussures,https://www.protennis.fr/46316-marketing_default/chaussures-de-tennis-adidas-ubersonic-5-femme-blanc-orange.jpg,150.00,90.00,40,9bcb1729-926d-4462-b949-57f991e08673,https://www.protennis.fr/59610-chaussures-de-tennis-adidas-ubersonic-5-femme-blanc-orange.html,active,true,,2026-09-22T18:20:07.759Z,2026-09-25T04:01:43.873Z,0b042eab-c9f9-4183-a448-34cb357186e9,Blanc Orange
5efe06b1-b9a2-49a9-a332-927dcadc72a1,Pantalon de tennis Nike Fleece Heritage Homme Noir,Nike,textile,https://www.protennis.fr/41708-marketing_default/pantalon-homme-nike-fleece-heritage-noir-.jpg,85.00,51.00,40,9bcb1729-926d-4462-b949-57f991e08673,https://www.protennis.fr/59042-pantalon-homme-nike-fleece-heritage-noir-.html,active,true,,2026-09-22T18:20:30.005Z,2026-09-25T04:01:51.098Z,9393470f-d7ad-40ed-8a11-546a98186a4e,Noir
5f234d98-dda1-476d-9530-4a2e9cf11706,Chaussures de tennis Babolat Jet Mach 3 Enfant Black Sunset,Babolat,chaussures,https://www.protennis.fr/50127-marketing_default/chaussures-de-tennis-babolat-jet-mach-3-enfant-black-sunset.jpg,75.00,67.50,10,9bcb1729-926d-4462-b949-57f991e08673,https://www.protennis.fr/60002-chaussures-de-tennis-babolat-jet-mach-3-enfant-black-sunset.html,active,true,,2026-09-22T18:20:05.737Z,2026-09-25T04:01:43.270Z,ded73e3a-21d8-4077-989d-09dc4fdb3602,Noir
5f262195-8cee-4f50-a08b-14713f9180db,Surgrip de tennis TECNIFIBRE PRO PLAYERS OVERGRIPS X3 ROUGE,Tecnifibre,accessoires,https://www.protennis.fr/3870-marketing_default/tecnifibre-pro-players-overgrips-x3-rouge.jpg,8.00,5.60,30,9bcb1729-926d-4462-b949-57f991e08673,https://www.protennis.fr/24221-tecnifibre-pro-players-overgrips-x3-rouge.html,active,true,,2026-09-22T18:20:36.456Z,2026-09-25T04:01:53.088Z,e1be1168-a153-4916-bab5-9cbf17cd04b3,Rouge
5f54fb12-1916-4e38-9619-9f4f7acd5b91,Short de tennis Le Coq Sportif Homme Bleu AH24,Le Coq Sportif,textile,https://www.protennis.fr/33434-marketing_default/short-le-coq-sportif-homme-bleu-ah24.jpg,65.00,32.50,50,9bcb1729-926d-4462-b949-57f991e08673,https://www.protennis.fr/57999-short-le-coq-sportif-homme-bleu-ah24.html,active,true,,2026-09-22T18:20:26.038Z,2026-09-25T04:01:49.939Z,04e2215a-e3b7-45d3-a78a-57cbdef82d2a,Bleu
5fc2c29f-7af8-42fe-b3b5-4c138de5c0a1,T-shirt de tennis homme Adidas FreeLift T-shirt Pro Homme Gris clair PE24,Adidas,textile,https://www.protennis.fr/29631-marketing_default/adidas-freelift-t-shirt-pro-homme-gris-clair-pe24.jpg,70.00,35.00,50,9bcb1729-926d-4462-b949-57f991e08673,https://www.protennis.fr/57383-adidas-freelift-t-shirt-pro-homme-gris-clair-pe24.html,active,true,,2026-09-22T18:20:20.866Z,2026-09-25T04:01:48.271Z,5251422f-0886-4fe8-b85f-cf15b151693c,Gris
5fde6a94-2e8f-4be2-982b-152d982ebb6b,Sac de tennis Head Tour Racquet Bag L Extreme Vert,Head,accessoires,https://www.protennis.fr/50039-marketing_default/sac-de-tennis-head-tour-racquet-bag-l-extreme-vert.jpg,100.00,90.00,10,9bcb1729-926d-4462-b949-57f991e08673,https://www.protennis.fr/59991-sac-de-tennis-head-tour-racquet-bag-l-extreme-vert.html,active,true,,2026-09-22T18:20:37.687Z,2026-09-25T04:01:53.484Z,acff35bc-3d18-4133-964e-af75d1a6df88,Vert
5ff07b09-44e2-42c3-9de8-046a78a47f08,Sac de tennis 12 Raquettes Head Pro Racquet Bag XL Marine,Head,accessoires,https://www.protennis.fr/45444-marketing_default/sac-de-tennis-12-raquettes-head-pro-racquet-bag-xl-marine.jpg,140.00,98.00,30,9bcb1729-926d-4462-b949-57f991e08673,https://www.protennis.fr/59503-sac-de-tennis-12-raquettes-head-pro-racquet-bag-xl-marine.html,active,true,,2026-09-22T18:20:39.324Z,2026-09-25T04:01:53.974Z,0dad0b5c-7ee6-45f9-92d7-4fd211c50993,Marine
6005739a-eb71-4b12-adef-d97788560d12,Surgrip de tennis TOURNA GRIP SURGRIP ORIGINAL X3,Tourna grip,accessoires,https://www.protennis.fr/3951-marketing_default/tourna-grip-surgrip-original-x3.jpg,8.50,5.95,30,9bcb1729-926d-4462-b949-57f991e08673,https://www.protennis.fr/29143-tourna-grip-surgrip-original-x3.html,active,true,,2026-09-22T18:20:35.260Z,2026-09-25T04:01:52.682Z,3500ae7a-4e30-4f70-a5bb-74d2f0b3937a,
603454f4-5017-4402-8e93-068efab1f01d,Jupe Femme Adidas Club Pleatskirt Blanc,Adidas,textile,https://www.protennis.fr/42340-marketing_default/jupe-femme-adidas-club-pleatskirt-blanc-.jpg,50.00,30.00,40,9bcb1729-926d-4462-b949-57f991e08673,https://www.protennis.fr/59119-jupe-femme-adidas-club-pleatskirt-blanc-.html,active,true,,2026-09-22T18:20:20.047Z,2026-09-25T04:01:47.749Z,a18afc91-6cb8-4328-97ce-91470d08d085,Blanc
603dc817-7c5d-43a0-9bdc-1a6a8c230ad1,Sac de tennis 3 Raquettes Head Tour Racquet Bag S Rose,Head,accessoires,https://www.protennis.fr/45552-marketing_default/sac-de-tennis-3-raquettes-head-tour-racquet-bag-s-rose.jpg,80.00,56.00,30,9bcb1729-926d-4462-b949-57f991e08673,https://www.protennis.fr/59512-sac-de-tennis-3-raquettes-head-tour-racquet-bag-s-rose.html,active,true,,2026-09-22T18:20:39.041Z,2026-09-25T04:01:53.885Z,9d48a4ef-b32d-479d-87f7-7f5a5b3be093,Rose
60648f63-5913-40b2-a0c1-dcf538b3e955,Sac de tennis Head Racquet Bag Base L Vert Fluo,Head,accessoires,https://www.protennis.fr/47913-marketing_default/sac-de-tennis-head-racquet-bag-base-l-vert-fluo.jpg,60.00,30.00,50,9bcb1729-926d-4462-b949-57f991e08673,https://www.protennis.fr/59800-sac-de-tennis-head-racquet-bag-base-l-vert-fluo.html,active,true,,2026-09-22T18:20:38.426Z,2026-09-25T04:01:53.697Z,d840c10e-e4d3-495e-9710-e3ddba0207cb,Vert
60c410a6-b006-42f1-b904-4bd8c30b82a3,Chaussures de tennis Nike Vapor Pro 3 Homme Blanc volt,Nike,chaussures,https://www.protennis.fr/46220-marketing_default/chaussures-de-tennis-nike-vapor-pro-3-homme-blanc-volt.jpg,130.00,78.00,40,9bcb1729-926d-4462-b949-57f991e08673,https://www.protennis.fr/59600-chaussures-de-tennis-nike-vapor-pro-3-homme-blanc-volt.html,active,true,,2026-09-22T18:20:12.806Z,2026-09-25T04:01:45.354Z,e485f517-e730-4dfc-a449-cbd791c37065,Blanc
60cfdf4d-281e-41ac-8479-f7456a38b7b5,Sweat de tennis Nike Fleece Heritage Homme Kaki clair,Nike,textile,https://www.protennis.fr/43066-marketing_default/sweat-homme-nike-fleece-heritage-kaki-clair.jpg,85.00,51.00,40,9bcb1729-926d-4462-b949-57f991e08673,https://www.protennis.fr/59235-sweat-homme-nike-fleece-heritage-kaki-clair.html,active,true,,2026-09-22T18:20:29.525Z,2026-09-25T04:01:50.966Z,be3ac4d1-c7e0-43b2-8e87-9c29695d13fb,Kaki
60d3cf4e-dfd2-47ff-ae34-97bc674bf116,Chaussures de tennis Adidas Avacourt 3 Femme White,Adidas,chaussures,https://www.protennis.fr/50189-marketing_default/chaussures-de-tennis-adidas-avacourt-3-femme-white.jpg,150.00,120.00,20,9bcb1729-926d-4462-b949-57f991e08673,https://www.protennis.fr/60008-chaussures-de-tennis-adidas-avacourt-3-femme-white.html,active,true,,2026-09-22T18:20:05.533Z,2026-09-25T04:01:43.203Z,0e37042d-5d8d-486e-ad0c-dcc5cf203640,Blanc
614ab276-fa30-41e3-8252-ff90c24b58ca,Short de tennis Nike Victory 7 Homme Bleu marine,Nike,textile,https://www.protennis.fr/30000-marketing_default/short-nike-victory-7-homme-bleu-marine.jpg,45.00,27.00,40,9bcb1729-926d-4462-b949-57f991e08673,https://www.protennis.fr/57544-short-nike-victory-7-homme-bleu-marine.html,active,true,,2026-09-22T18:20:30.108Z,2026-09-25T04:01:51.130Z,5e70b376-5cb4-4dc3-b10a-aa31c58c2220,Bleu Marine
61883bd4-cb6e-4a76-80a2-5af0446efe75,T-shirt de tennis Nike Advantage Heritage Homme Bordeaux,Nike,textile,https://www.protennis.fr/43020-marketing_default/t-shirt-homme-nike-advantage-heritage-bordeaux.jpg,60.00,36.00,40,9bcb1729-926d-4462-b949-57f991e08673,https://www.protennis.fr/59228-t-shirt-homme-nike-advantage-heritage-bordeaux.html,active,true,,2026-09-22T18:20:30.133Z,2026-09-25T04:01:51.141Z,da23542f-6a76-4d8f-b999-de88016835ba,Bordeaux
61b6106b-b0c5-412e-a209-5efb8e8e44c4,Cordage de tennis WILSON REVOLVE ORANGE 125 GARNITURE,Wilson,cordages,https://www.protennis.fr/975-marketing_default/wilson-revolve-orange-125-garniture.jpg,16.00,11.20,30,9bcb1729-926d-4462-b949-57f991e08673,https://www.protennis.fr/33926-wilson-revolve-orange-125-garniture.html,active,true,,2026-09-22T18:20:04.097Z,2026-09-25T04:01:42.794Z,98baf322-2fe5-49e4-9cbc-d8dcd8c1bdec,Orange
61d905f3-0517-42d0-9b2f-ce1540195ebd,Short Homme Adidas Ergo 7 Noir,Adidas,textile,https://www.protennis.fr/42419-marketing_default/short-homme-adidas-ergo-7-noir-.jpg,55.00,33.00,40,9bcb1729-926d-4462-b949-57f991e08673,https://www.protennis.fr/59139-short-homme-adidas-ergo-7-noir-.html,active,true,,2026-09-22T18:20:19.584Z,2026-09-25T04:01:47.618Z,ef3a7af3-3fed-42bb-92d8-b7acc69415f5,Noir
6219e1cc-c662-4f0a-b4a4-68d830773368,T-shirt de tennis Nike Femme Victory Blanc,Nike,textile,https://www.protennis.fr/47028-marketing_default/t-shirt-nike-femme-victory-blanc.jpg,50.00,30.00,40,9bcb1729-926d-4462-b949-57f991e08673,https://www.protennis.fr/59699-t-shirt-nike-femme-victory-blanc.html,active,true,,2026-09-22T18:20:28.699Z,2026-09-25T04:01:50.751Z,7dca2ce1-91e4-4acb-a8e2-3c5d9bb5504c,Blanc
623ae0e8-7f1e-4249-9bd2-cb4f1cef7bbe,Raquette de tennis Babolat Pure Drive 107 Gen11,Babolat,raquettes,https://www.protennis.fr/36353-marketing_default/raquette-de-tennis-babolat-pure-drive-107-gen11.jpg,260.00,182.00,30,9bcb1729-926d-4462-b949-57f991e08673,https://www.protennis.fr/58396-raquette-de-tennis-babolat-pure-drive-107-gen11.html,active,true,,2026-09-22T18:19:49.020Z,2026-09-25T04:01:38.084Z,b0236624-d7dd-4a60-bbf2-3df4f1944757,
623ec882-6d24-49c1-878b-ff461dbad6a7,Surgrip de tennis TOURNA GRIP SURGRIP ORIGINAL X30,Tourna grip,accessoires,https://www.protennis.fr/705-marketing_default/tourna-grip-surgrip-original-x30.jpg,65.00,45.50,30,9bcb1729-926d-4462-b949-57f991e08673,https://www.protennis.fr/29986-tourna-grip-surgrip-original-x30.html,active,true,,2026-09-22T18:20:35.124Z,2026-09-25T04:01:52.660Z,1f35e687-934f-439a-b96c-1c9affbc4fa3,
6290fab8-44e5-429f-a19f-2821fbe8d51d,Raquette de tennis Babolat Pure Aero + 2023,Babolat,raquettes,https://www.protennis.fr/23926-marketing_default/babolat-pure-aero-2023.jpg,280.00,168.00,40,9bcb1729-926d-4462-b949-57f991e08673,https://www.protennis.fr/56311-babolat-pure-aero-2023.html,active,true,,2026-09-22T18:19:48.637Z,2026-09-25T04:01:37.970Z,1b604c80-1ee8-472e-82fe-0e6354c19571,
62ceca72-6e0c-4f20-9e74-a3e93e9db4ed,Veste Zippee Lacoste Homme Gris AH24,Lacoste,textile,https://www.protennis.fr/23968-marketing_default/veste-zippee-lacoste-homme-gris-ah24.jpg,140.00,84.00,40,9bcb1729-926d-4462-b949-57f991e08673,https://www.protennis.fr/56452-veste-zippee-lacoste-homme-gris-ah24.html,active,true,,2026-09-22T18:20:25.294Z,2026-09-25T04:01:49.713Z,12f0d6be-1d7b-4c45-9cb9-e0ed5da9d60a,Gris
6318c504-4a0f-4c40-9ebe-f59202a9acd4,Grip de raquette de tennis WILSON CLASSIC SPONGE GRIP NOIR,Wilson,accessoires,https://www.protennis.fr/2288-marketing_default/wilson-classic-sponge-grip-noir.jpg,9.00,6.30,30,9bcb1729-926d-4462-b949-57f991e08673,https://www.protennis.fr/29687-wilson-classic-sponge-grip-noir.html,active,true,,2026-09-22T18:20:35.148Z,2026-09-25T04:01:52.671Z,2c18f954-3c3e-478c-91e8-6a439d3d6713,Noir
6360646f-7802-45be-bfde-4874d7ffd5a7,Veste velour Mouratoglou Match Melbourne Rose,Mouratoglou,textile,https://www.protennis.fr/37388-marketing_default/t-shirt-mouratoglou-match-melbourne-rose.jpg,79.00,47.40,40,9bcb1729-926d-4462-b949-57f991e08673,https://www.protennis.fr/58513-t-shirt-mouratoglou-match-melbourne-rose.html,active,true,,2026-09-22T18:20:26.728Z,2026-09-25T04:01:50.140Z,03571517-5531-4b60-a7c6-36073f072fc6,Rose
639fae4a-dc51-4673-891c-72f1675ced87,Chaussures de tennis Nike Zoom GP Challenge Pro Femme Blanc volt,Nike,chaussures,https://www.protennis.fr/45919-marketing_default/chaussures-de-tennis-nike-zoom-gp-challenge-pro-femme-blanc-volt.jpg,100.00,60.00,40,9bcb1729-926d-4462-b949-57f991e08673,https://www.protennis.fr/59570-chaussures-de-tennis-nike-zoom-gp-challenge-pro-femme-blanc-volt.html,active,true,,2026-09-22T18:20:07.919Z,2026-09-25T04:01:43.930Z,e0dfd101-c26e-4999-b360-08caef5af235,Blanc
642616c4-72d6-4650-af94-b5cc03aa1528,Chaussures de tennis Nike Vapor Pro 3 Homme Blanc noir,Nike,chaussures,https://www.protennis.fr/41568-marketing_default/chaussures-de-tennis-nike-vapor-pro-3-homme-blanc-noir.jpg,130.00,78.00,40,9bcb1729-926d-4462-b949-57f991e08673,https://www.protennis.fr/59057-chaussures-de-tennis-nike-vapor-pro-3-homme-blanc-noir.html,active,true,,2026-09-22T18:20:14.425Z,2026-09-25T04:01:45.801Z,67d36dd4-3111-42c2-97d6-eeb577498336,Blanc Noir
6453d79c-9cce-42d6-b018-7cb99794f5e3,Chaussures de tennis Asics Solution Speed FF 4 Femme Blanc Multicolore,Asics,chaussures,https://www.protennis.fr/44835-marketing_default/chaussures-de-tennis-asics-solution-speed-ff-4-femme-blanc-multicolore.jpg,160.00,96.00,40,9bcb1729-926d-4462-b949-57f991e08673,https://www.protennis.fr/59412-chaussures-de-tennis-asics-solution-speed-ff-4-femme-blanc-multicolore.html,active,true,,2026-09-22T18:20:08.814Z,2026-09-25T04:01:44.201Z,9531402b-5fa0-412f-8437-c41164aafa3f,Blanc Multicolore
64900337-f45c-4443-8a1c-e7767daa1df3,Surgrip de tennis HEAD XTREME TRACK NOIR,Head,accessoires,https://www.protennis.fr/21898-marketing_default/head-xtreme-track-noir.jpg,6.00,4.20,30,9bcb1729-926d-4462-b949-57f991e08673,https://www.protennis.fr/12547-head-xtreme-track-noir.html,active,true,,2026-09-22T18:20:35.715Z,2026-09-25T04:01:52.823Z,9d9aef1b-2349-4b6d-be82-15fb576f3f8a,Noir
64a6d95c-cd32-42e9-a03b-181e914eed0d,Raquette de tennis Yonex Ezone 08 100 SL 2025,Yonex,raquettes,https://www.protennis.fr/37588-marketing_default/raquette-de-tennis-yonex-ezone-08-100-sl-2025.jpg,249.00,199.20,20,9bcb1729-926d-4462-b949-57f991e08673,https://www.protennis.fr/58343-raquette-de-tennis-yonex-ezone-08-100-sl-2025.html,active,true,,2026-09-22T18:19:58.617Z,2026-09-25T04:01:41.074Z,2449dcdc-050a-4eb1-81fd-15c950209479,
64cb2887-8528-4061-ac67-cfc2afb3db0e,Chaussures de tennis Nike GP Challenge 1.5 Homme Noir volt,Nike,chaussures,https://www.protennis.fr/46244-marketing_default/chaussures-de-tennis-nike-gp-challenge-15-homme-noir-volt.jpg,150.00,90.00,40,9bcb1729-926d-4462-b949-57f991e08673,https://www.protennis.fr/59602-chaussures-de-tennis-nike-gp-challenge-15-homme-noir-volt.html,active,true,,2026-09-22T18:20:07.808Z,2026-09-25T04:01:43.896Z,3c232a7c-2494-4820-97b5-ebce41187ce0,Noir
64cee1ef-5e10-4724-a62b-1827c7c85261,Antivibrateur de tennis HEAD SMARTSORB GRIS,Head,accessoires,https://www.protennis.fr/38611-marketing_default/head-smartsorb-gris.jpg,6.00,4.20,30,9bcb1729-926d-4462-b949-57f991e08673,https://www.protennis.fr/34074-head-smartsorb-gris.html,active,true,,2026-09-22T18:20:36.279Z,2026-09-25T04:01:53.032Z,f9b91c08-e622-4088-aa4c-1e3f867a7f4d,Gris
64df7ad8-53ae-482c-8a51-e40814b83c83,Polo de tennis Lacoste slim fit Ultra Dry Homme Violet,Lacoste,textile,https://www.protennis.fr/44014-marketing_default/polo-de-tennis-lacoste-slim-fit-ultra-dry-homme-violet.jpg,120.00,72.00,40,9bcb1729-926d-4462-b949-57f991e08673,https://www.protennis.fr/59344-polo-de-tennis-lacoste-slim-fit-ultra-dry-homme-violet.html,active,true,,2026-09-22T18:20:24.758Z,2026-09-25T04:01:49.533Z,85777e0c-e27a-4f4e-b31f-c6bfba7c3dfa,Violet
650a1f3c-1e69-4a1b-af5e-503fc4f34a3c,Chaussures de tennis Nike Vapor Pro 3 Premium Femme Blanc Rouge fluo,Nike,chaussures,https://www.protennis.fr/42989-marketing_default/chaussures-de-tennis-nike-vapor-pro-3-premium-femme-blanc-rouge-fluo.jpg,130.00,78.00,40,9bcb1729-926d-4462-b949-57f991e08673,https://www.protennis.fr/59214-chaussures-de-tennis-nike-vapor-pro-3-premium-femme-blanc-rouge-fluo.html,active,true,,2026-09-22T18:20:14.212Z,2026-09-25T04:01:45.733Z,ed49ce9c-7923-46ab-b127-346f4eea397c,Blanc Rouge
6517b1c3-8c19-4a8f-9743-aea0bb2a71b4,T-shirt de tennis enfant Adidas T-shirt New York Noir Enfant AH23,Adidas,textile,https://www.protennis.fr/28594-marketing_default/adidas-t-shirt-new-york-noir-enfant-ah23.jpg,55.00,27.50,50,9bcb1729-926d-4462-b949-57f991e08673,https://www.protennis.fr/57203-adidas-t-shirt-new-york-noir-enfant-ah23.html,active,true,,2026-09-22T18:20:21.105Z,2026-09-25T04:01:48.339Z,b5ca37b4-321c-4d4f-9820-a44d9bc6508c,Noir
65807e3c-a53f-4e3f-ae91-2d4fc732f146,Raquette de tennis Prince Beast 100 (265g) 2023,Prince,raquettes,https://www.protennis.fr/28714-marketing_default/prince-beast-100-265g-2023.jpg,210.00,134.40,36,9bcb1729-926d-4462-b949-57f991e08673,https://www.protennis.fr/57355-prince-beast-100-265g-2023.html,active,true,,2026-09-22T18:19:53.533Z,2026-09-25T04:01:39.511Z,b13a7c78-5aec-42c7-a8a6-c6bad15ec526,
658486e5-0a5d-4135-bd5b-d722328b1e32,Chaussures de tennis Babolat Propulse Fury 3 Homme Orange,Babolat,chaussures,https://www.protennis.fr/38544-marketing_default/chaussures-de-tennis-babolat-propulse-fury-3-homme-orange.jpg,150.00,90.00,40,9bcb1729-926d-4462-b949-57f991e08673,https://www.protennis.fr/58661-chaussures-de-tennis-babolat-propulse-fury-3-homme-orange.html,active,true,,2026-09-22T18:20:10.834Z,2026-09-25T04:01:44.810Z,99179b65-4b64-490d-8539-18dd0da2a26a,Orange
65fd7e7c-125c-4b8b-b749-71af80c47a89,Raquette de tennis Babolat Pure Strike VS 2022,Babolat,raquettes,https://www.protennis.fr/21131-marketing_default/babolat-pure-strike-vs-2022.jpg,290.00,145.00,50,9bcb1729-926d-4462-b949-57f991e08673,https://www.protennis.fr/55963-babolat-pure-strike-vs-2022.html,active,true,,2026-09-22T18:19:48.407Z,2026-09-25T04:01:37.891Z,7d6b8818-4730-4acd-9c1b-22c315735e1b,
66021b33-177d-46cf-bfea-f2f31f6f241d,Lots de 2 Raquettes de tennis Pure Strike 97 Carbon,Babolat,raquettes,https://www.protennis.fr/41906-marketing_default/lots-de-2-raquettes-de-tennis-pure-strike-97-carbon.jpg,599.95,419.97,30,9bcb1729-926d-4462-b949-57f991e08673,https://www.protennis.fr/59091-lots-de-2-raquettes-de-tennis-pure-strike-97-carbon.html,active,true,,2026-09-22T18:19:47.723Z,2026-09-25T04:01:37.666Z,d16a6774-bfd0-420e-98b9-0ef0ae168320,
66860fc7-35f6-4d69-b4b5-f8a4fb739967,"Short de tennis Nike DriFIT Advantage 6"" Homme Mint",Nike,textile,https://www.protennis.fr/41527-marketing_default/short-nike-drifit-advantage-6-homme-mint.jpg,60.00,36.00,40,9bcb1729-926d-4462-b949-57f991e08673,https://www.protennis.fr/59032-short-nike-drifit-advantage-6-homme-mint.html,active,true,,2026-09-22T18:20:31.107Z,2026-09-25T04:01:51.439Z,55b307a7-2cff-4037-b9a1-2cc3f62d6100,
66ce1ae9-bf1e-4ab3-b0da-01eb8f891777,Sac à dos de tennis Tecnifibre Tour Endurance IG Orange,Tecnifibre,accessoires,https://www.protennis.fr/48852-marketing_default/sac-a-dos-de-tennis-tecnifibre-tour-endurance-ig-orange.jpg,69.99,48.99,30,9bcb1729-926d-4462-b949-57f991e08673,https://www.protennis.fr/59879-sac-a-dos-de-tennis-tecnifibre-tour-endurance-ig-orange.html,active,true,,2026-09-22T18:20:41.387Z,2026-09-25T04:01:54.558Z,e08202c1-7ccc-4396-bcc9-9c6ed6d705a4,Orange
66ce886a-f1e9-4f3d-b4b8-d4087be2c901,Cordage de tennis Tecnifibre Triax 138 Garniture,Tecnifibre,cordages,https://www.protennis.fr/14932-marketing_default/tecnifibre-triax-138-garniture.jpg,23.00,16.10,30,9bcb1729-926d-4462-b949-57f991e08673,https://www.protennis.fr/54604-tecnifibre-triax-138-garniture.html,active,true,,2026-09-22T18:20:00.591Z,2026-09-25T04:01:41.666Z,9d9ba366-9c77-4cc4-9d86-30042e31119d,
66d567b9-d761-44c8-9d30-3050fb673418,Antivibrateur de tennis Prince by Hydrogen Antivibrateur Skull 2024,Prince,accessoires,https://www.protennis.fr/32076-marketing_default/prince-by-hydrogen-antivibrateur-skull-2024.jpg,4.00,2.80,30,9bcb1729-926d-4462-b949-57f991e08673,https://www.protennis.fr/57849-prince-by-hydrogen-antivibrateur-skull-2024.html,active,true,,2026-09-22T18:20:35.943Z,2026-09-25T04:01:52.900Z,36960689-df34-4e9d-a1d7-239a9e7ce95e,
6776b152-b40f-41ad-b9be-6f54dfd46fd7,Chaussures de tennis Nike Air Vapor 12 Femme Mint,Nike,chaussures,https://www.protennis.fr/50638-marketing_default/chaussures-de-tennis-nike-air-vapor-12-femme-mint.jpg,169.99,118.99,30,9bcb1729-926d-4462-b949-57f991e08673,https://www.protennis.fr/60051-chaussures-de-tennis-nike-air-vapor-12-femme-mint.html,active,true,,2026-09-22T18:20:04.892Z,2026-09-25T04:01:42.998Z,05089d30-440e-48ac-8773-2ef4c0af8b23,
679e0833-4161-4966-9548-cdf6f969f00d,Jupe de tennis Adidas Match Jupe Femme Blanc PE23,Adidas,textile,https://www.protennis.fr/25094-marketing_default/adidas-match-jupe-femme-pe23.jpg,55.00,27.50,50,9bcb1729-926d-4462-b949-57f991e08673,https://www.protennis.fr/56574-adidas-match-jupe-femme-pe23.html,active,true,,2026-09-22T18:20:21.378Z,2026-09-25T04:01:48.408Z,73c1d49e-9925-4022-b93d-3606e2dedbd3,Blanc
67cf85f4-1a14-42b4-a4f5-41301aaf9ec5,Sac de tennis 12 Raquettes Head Tour Racquet Bag XL Turquoise,Head,accessoires,https://www.protennis.fr/45638-marketing_default/sac-de-tennis-12-raquettes-head-tour-racquet-bag-xl-turquoise.jpg,130.00,91.00,30,9bcb1729-926d-4462-b949-57f991e08673,https://www.protennis.fr/59528-sac-de-tennis-12-raquettes-head-tour-racquet-bag-xl-turquoise.html,active,true,,2026-09-22T18:20:41.705Z,2026-09-25T04:01:54.646Z,ab4c4eb7-ef63-4856-8853-af24238d9499,Turquoise
67ef471b-6e34-4477-b280-545f735cb90b,Nike Advantage Robe Femme Bleu Printemps 2024,Nike,textile,https://www.protennis.fr/30131-marketing_default/nike-advantage-robe-femme-bleu-printemps-2024.jpg,85.00,42.50,50,9bcb1729-926d-4462-b949-57f991e08673,https://www.protennis.fr/57528-nike-advantage-robe-femme-bleu-printemps-2024.html,active,true,,2026-09-22T18:20:32.468Z,2026-09-25T04:01:51.850Z,8414da68-846b-46aa-9378-5240aca93a2f,Bleu
68081d18-af6b-4875-abf6-cd81f49c3b9c,Raquette de tennis Prince Tour 98 (305g) 2023,Prince,raquettes,https://www.protennis.fr/34308-marketing_default/raquette-de-tennis-prince-tour-98-305g-2023.jpg,230.00,161.00,30,9bcb1729-926d-4462-b949-57f991e08673,https://www.protennis.fr/57885-raquette-de-tennis-prince-tour-98-305g-2023.html,active,true,,2026-09-22T18:19:53.887Z,2026-09-25T04:01:39.633Z,bf6d105a-068f-44e9-be9c-8c6c22bd1792,
68152495-440d-415b-8c46-1a77d0b65b75,Chaussures de tennis Asics Gel Resolution X Terre Battue Femme Vieux rose PE25,Asics,chaussures,https://www.protennis.fr/35727-marketing_default/chaussures-asics-gel-resolution-x-terre-battue-femme-vieux-rose-pe25.jpg,160.00,96.00,40,9bcb1729-926d-4462-b949-57f991e08673,https://www.protennis.fr/58253-chaussures-asics-gel-resolution-x-terre-battue-femme-vieux-rose-pe25.html,active,true,,2026-09-22T18:20:16.795Z,2026-09-25T04:01:46.428Z,86a3d170-879c-400d-810d-2cc507873f63,Rose
681da8fa-0c58-4f58-a733-19ee9eb88ff4,Cordage de tennis Head Lynx Touch 125 Bobine 200m,Head,cordages,https://www.protennis.fr/30488-marketing_default/head-lynx-touch-125-bobine-200m.jpg,150.00,105.00,30,9bcb1729-926d-4462-b949-57f991e08673,https://www.protennis.fr/56118-head-lynx-touch-125-bobine-200m.html,active,true,,2026-09-22T18:20:00.079Z,2026-09-25T04:01:41.498Z,a847f5d0-2eb0-40d3-99c7-f1badd918822,
682d4cee-721a-4789-af2a-62ab24b274f0,Chaussures de tennis Yonex Sonicage Homme Kaki,Yonex,chaussures,https://www.protennis.fr/38330-marketing_default/chaussures-de-tennis-yonex-sonicage-homme-kaki.jpg,139.90,83.94,40,9bcb1729-926d-4462-b949-57f991e08673,https://www.protennis.fr/58637-chaussures-de-tennis-yonex-sonicage-homme-kaki.html,active,true,,2026-09-22T18:20:11.343Z,2026-09-25T04:01:44.934Z,ea464abc-84af-4a29-81c2-3d3510bc6136,Kaki
68769728-4c09-422c-aaf4-9409998a88e0,Cordage de tennis Head Lynx Tour 125 Bobine 200m Gris,Head,cordages,https://www.protennis.fr/22058-marketing_default/head-lynx-tour-125-bobine-200m-gris.jpg,150.00,105.00,30,9bcb1729-926d-4462-b949-57f991e08673,https://www.protennis.fr/56065-head-lynx-tour-125-bobine-200m-gris.html,active,true,,2026-09-22T18:20:00.334Z,2026-09-25T04:01:41.589Z,a2c5c931-cdc8-4d4b-b4d4-6465a5e70072,Gris
68855bdd-131a-44ca-aebb-585dbd6cdaa8,T-shirt de tennis Lacoste Balles Enfant Bleu,Lacoste,textile,https://www.protennis.fr/48794-marketing_default/t-shirt-de-tennis-lacoste-balles-enfant-bleu.jpg,45.00,27.00,40,9bcb1729-926d-4462-b949-57f991e08673,https://www.protennis.fr/59849-t-shirt-de-tennis-lacoste-balles-enfant-bleu.html,active,true,,2026-09-22T18:20:23.758Z,2026-09-25T04:01:49.216Z,d9bde115-d7c8-49db-b0be-78f6a5491d76,Bleu
68eb1bd4-f67b-4f7c-9ee4-43682f7d63fb,Robe de tennis Nike Victory Femme Blue,Nike,textile,https://www.protennis.fr/50520-marketing_default/robe-de-tennis-nike-victory-femme-blue.jpg,74.99,52.49,30,9bcb1729-926d-4462-b949-57f991e08673,https://www.protennis.fr/60041-robe-de-tennis-nike-victory-femme-blue.html,active,true,,2026-09-22T18:20:27.215Z,2026-09-25T04:01:50.297Z,05460d1d-ccec-4a9b-874f-36535ceee42d,Bleu
68eefbbf-221d-440d-9445-728414802775,Coaching pack tennis HEAD COACHING PACK,Head,accessoires,https://www.protennis.fr/4326-marketing_default/head-coaching-pack.jpg,120.00,84.00,30,9bcb1729-926d-4462-b949-57f991e08673,https://www.protennis.fr/42501-head-coaching-pack.html,active,true,,2026-09-22T18:20:34.949Z,2026-09-25T04:01:52.617Z,da21ef92-f2b5-4518-a0de-15342f2e9f23,
6924bd79-e4c4-4fbb-bdae-9780798f080a,Débardeur de tennis enfant Adidas Heat Ready Debardeur Enfant PE22,Adidas,textile,https://www.protennis.fr/21082-marketing_default/adidas-heat-ready-debardeur-enfant-pe22.jpg,45.00,22.50,50,9bcb1729-926d-4462-b949-57f991e08673,https://www.protennis.fr/55886-adidas-heat-ready-debardeur-enfant-pe22.html,active,true,,2026-09-22T18:20:21.507Z,2026-09-25T04:01:48.452Z,e77e4cf6-1aa8-4346-a188-4a423d3d1898,
6950bdbd-f87d-4652-a83e-f32f8a377653,Cordage de tennis HEAD REFLEX MLT 130 NATUREL BOBINE 200m,Head,cordages,https://www.protennis.fr/2497-marketing_default/head-reflex-mlt-130-naturel-bobine-200m.jpg,220.00,154.00,30,9bcb1729-926d-4462-b949-57f991e08673,https://www.protennis.fr/46319-head-reflex-mlt-130-naturel-bobine-200m.html,active,true,,2026-09-22T18:20:01.308Z,2026-09-25T04:01:41.948Z,da4f49ee-b5de-4e74-9efb-6c64b7d86cbb,
696c0f85-04be-48f5-910f-fd5c07403639,Haut de tennis à manches longues 1/2 Zip Enfant Nike Corail,Nike,textile,https://www.protennis.fr/36922-marketing_default/haut-a-manches-longues-12-zip-enfant-nike-corail.jpg,43.00,25.80,40,9bcb1729-926d-4462-b949-57f991e08673,https://www.protennis.fr/58406-haut-a-manches-longues-12-zip-enfant-nike-corail.html,active,true,,2026-09-22T18:20:32.053Z,2026-09-25T04:01:51.716Z,3b65e1d4-bf64-41f6-b530-e5c0cf090495,Corail
69a4a0f7-19c1-4075-84a1-d1ff0f6ecd9c,Cordage de tennis Head Lynx 125 Bobine 200m Bleu,Head,cordages,https://www.protennis.fr/30451-marketing_default/head-lynx-125-bobine-200m-bleu.jpg,150.00,105.00,30,9bcb1729-926d-4462-b949-57f991e08673,https://www.protennis.fr/56070-head-lynx-125-bobine-200m-bleu.html,active,true,,2026-09-22T18:20:00.230Z,2026-09-25T04:01:41.553Z,ecf89a8b-5682-44f1-8b12-a4d5911129e8,Bleu
69b77aa7-1f51-4b2f-946d-a6d2e3992b62,T-shirt Asics Homme Game SS Top Aurora green,Asics,textile,https://www.protennis.fr/44954-marketing_default/t-shirt-asics-homme-game-ss-top-aurora-green.jpg,55.00,33.00,40,9bcb1729-926d-4462-b949-57f991e08673,https://www.protennis.fr/59375-t-shirt-asics-homme-game-ss-top-aurora-green.html,active,true,,2026-09-22T18:20:22.333Z,2026-09-25T04:01:48.755Z,bd3defe2-07a2-42f1-8ef7-287c82ad3e6c,Vert
69d8f64b-6e72-4675-8d3a-d5af4fe4544c,Nike Victory Flouncy Jupe Enfant Bleu ciel Printemps 2024,Nike,textile,https://www.protennis.fr/30207-marketing_default/nike-victory-flouncy-jupe-enfant-bleu-ciel-printemps-2024.jpg,35.00,17.50,50,9bcb1729-926d-4462-b949-57f991e08673,https://www.protennis.fr/57484-nike-victory-flouncy-jupe-enfant-bleu-ciel-printemps-2024.html,active,true,,2026-09-22T18:20:32.493Z,2026-09-25T04:01:51.861Z,fd7806a9-78d8-48d8-a39d-bf06ec36b94a,Bleu
6a795b2f-5a0e-47ff-9deb-d370cab5a8e3,Raquette de tennis Wilson RF 01 Pro Laver Cup,Wilson,raquettes,https://www.protennis.fr/43295-marketing_default/raquette-de-tennis-wilson-rf-01-pro-laver-cup.jpg,300.00,210.00,30,9bcb1729-926d-4462-b949-57f991e08673,https://www.protennis.fr/59260-raquette-de-tennis-wilson-rf-01-pro-laver-cup.html,active,true,,2026-09-22T18:19:56.008Z,2026-09-25T04:01:40.216Z,831ad959-cfc1-4419-afab-9ace0e7990a7,
6ae41571-a2ff-42cf-adc9-18ce3bf49d71,Chaussures de tennis Head Sprint Pro 4.0 Terre Battue Homme Vert,Head,chaussures,https://www.protennis.fr/46496-marketing_default/chaussures-de-tennis-head-sprint-pro-35-clay-homme-rouge-2023.jpg,160.00,74.00,54,9bcb1729-926d-4462-b949-57f991e08673,https://www.protennis.fr/59641-chaussures-de-tennis-head-sprint-pro-35-clay-homme-rouge-2023.html,active,true,,2026-09-22T18:20:12.723Z,2026-09-25T04:01:45.332Z,0b262629-94e6-4f62-bfa4-3e0bfd464d5d,Vert
6af31cfd-43f2-4530-8b94-ecb0f05080d4,Chaussures de tennis Wilson Rush Pro Ace Homme Blanc Bleu Jaune,Wilson,chaussures,https://www.protennis.fr/43254-marketing_default/chaussures-de-tennis-wilson-rush-pro-ace-homme-blanc-bleu-jaune.jpg,120.00,72.00,40,9bcb1729-926d-4462-b949-57f991e08673,https://www.protennis.fr/59249-chaussures-de-tennis-wilson-rush-pro-ace-homme-blanc-bleu-jaune.html,active,true,,2026-09-22T18:20:09.344Z,2026-09-25T04:01:44.371Z,d99555a8-cfab-49e9-a52b-ff3ff0b74864,Blanc Bleu Jaune
6af81706-d1f0-4b0f-b1e1-ad90f7c96a70,Débardeur tennis femme Nike Solid Slam Debardeur Femme Corail Automne 2023,Nike,textile,https://www.protennis.fr/27867-marketing_default/nike-solid-slam-debardeur-femme-corail-automne-2023.jpg,75.00,37.50,50,9bcb1729-926d-4462-b949-57f991e08673,https://www.protennis.fr/57095-nike-solid-slam-debardeur-femme-corail-automne-2023.html,active,true,,2026-09-22T18:20:32.590Z,2026-09-25T04:01:51.897Z,d0bb78fe-0f54-423f-bedc-0e126acf175e,Corail
6afb2f3a-0914-4f9a-911a-fb5b07e9878a,Sac a dos Head Team 21L Noir Gris,Head,accessoires,https://www.protennis.fr/40177-marketing_default/sac-a-dos-head-team-21l-noir-gris.jpg,80.00,56.00,30,9bcb1729-926d-4462-b949-57f991e08673,https://www.protennis.fr/58850-sac-a-dos-head-team-21l-noir-gris.html,active,true,,2026-09-22T18:20:40.245Z,2026-09-25T04:01:54.271Z,dd4abaf6-8963-47dd-b0ad-4858fcf49697,Noir Gris
6b23d36a-a4ee-41fc-be02-6a2207166cd3,Raquette de tennis Prince Beast 100 RED Limited Edition (280g) 2024,Prince,raquettes,https://www.protennis.fr/39036-marketing_default/raquette-de-tennis-prince-beast-100-red-limited-edition-280g-2024.jpg,219.95,149.00,32,9bcb1729-926d-4462-b949-57f991e08673,https://www.protennis.fr/58738-raquette-de-tennis-prince-beast-100-red-limited-edition-280g-2024.html,active,true,,2026-09-22T18:19:53.557Z,2026-09-25T04:01:39.523Z,df12a828-56f2-4f1a-914f-aa033fb0c87c,Rouge
6b531943-326f-4d75-a1d0-678f94aefbaa,Cordage de tennis Yonex Polytour Pro 130 Anthracite Bobine 200m,Yonex,cordages,https://www.protennis.fr/25513-marketing_default/yonex-polytour-pro-120-jaune-bobine-200m.jpg,165.00,115.50,30,9bcb1729-926d-4462-b949-57f991e08673,https://www.protennis.fr/56849-yonex-polytour-pro-120-jaune-bobine-200m.html,active,true,,2026-09-22T18:19:59.694Z,2026-09-25T04:01:41.372Z,03a4af2c-a177-4e28-b636-12d589fea583,
6b599269-5603-4ddc-bbe4-611bd67b136f,Polo de tennis Lacoste Édition Roland-Garros Femme Pistache,Lacoste,textile,https://www.protennis.fr/48690-marketing_default/polo-de-tennis-lacoste-edition-roland-garros-femme-pistache.jpg,120.00,72.00,40,9bcb1729-926d-4462-b949-57f991e08673,https://www.protennis.fr/59863-polo-de-tennis-lacoste-edition-roland-garros-femme-pistache.html,active,true,,2026-09-22T18:20:24.401Z,2026-09-25T04:01:49.419Z,28adf21f-2274-4724-a305-ef6b8aa871a0,
6b7082ec-8e67-43a3-9ed2-11f255e1ffd9,Raquette de tennis Pure Strike 26 Carbon,Babolat,raquettes,https://www.protennis.fr/42487-marketing_default/raquette-de-tennis-pure-strike-26-carbon.jpg,119.99,83.99,30,9bcb1729-926d-4462-b949-57f991e08673,https://www.protennis.fr/59083-raquette-de-tennis-pure-strike-26-carbon.html,active,true,,2026-09-22T18:19:48.020Z,2026-09-25T04:01:37.756Z,6f1b816d-dd04-4b52-8c1c-836d4ae9f660,
6b952f95-9d69-4885-93fd-67610e708760,Balles de tennis Babolat Orange Tube de 3 Balles,Babolat,accessoires,https://www.protennis.fr/38431-marketing_default/babolat-orange-tube-de-3-balles.jpg,6.95,6.20,11,9bcb1729-926d-4462-b949-57f991e08673,https://www.protennis.fr/9263-babolat-orange-tube-de-3-balles.html,active,true,,2026-09-22T18:20:37.377Z,2026-09-25T04:01:53.384Z,40ee2d5d-ed0f-45eb-80a7-bbce6661e3a4,Orange
6baedf16-b8d6-4286-9aba-a4e18033cd98,Pantalon Nike Court Heritage Homme Hiver 2024,Nike,textile,https://www.protennis.fr/23735-marketing_default/pantalon-nike-court-heritage-homme-hiver-2024.jpg,70.00,35.00,50,9bcb1729-926d-4462-b949-57f991e08673,https://www.protennis.fr/56410-pantalon-nike-court-heritage-homme-hiver-2024.html,active,true,,2026-09-22T18:20:32.282Z,2026-09-25T04:01:51.792Z,33d310a2-4c35-4847-92b8-76a1fce2ccb2,
6bcbcbbb-950e-4f8c-96a8-689cf12a3e12,WILSON MICRO-DRY COMFORT GRIP NOIR,Wilson,accessoires,https://www.protennis.fr/5061-marketing_default/wilson-micro-dry-comfort-grip-noir.jpg,9.00,6.30,30,9bcb1729-926d-4462-b949-57f991e08673,https://www.protennis.fr/33928-wilson-micro-dry-comfort-grip-noir.html,active,true,,2026-09-22T18:20:35.100Z,2026-09-25T04:01:52.649Z,b0839c4e-22f9-4202-beb6-b619be667e6c,Noir
6c302325-4f21-43b0-a3c3-76676d7492ed,Chaussures de tennis Adidas Courtflash Enfant Pink,Adidas,chaussures,https://www.protennis.fr/49953-marketing_default/chaussures-de-tennis-adidas-courtflash-enfant-pink.jpg,50.00,40.00,20,9bcb1729-926d-4462-b949-57f991e08673,https://www.protennis.fr/59980-chaussures-de-tennis-adidas-courtflash-enfant-pink.html,active,true,,2026-09-22T18:20:05.940Z,2026-09-25T04:01:43.340Z,c0eaff7e-02bd-4c1a-aa6f-94c56ef4ef07,Rose
6c3c6ad6-2a28-4d78-9b05-b4facac80f99,Raquette de tennis Tecnifibre TF X1 V2 275 2024,Tecnifibre,raquettes,https://www.protennis.fr/32031-marketing_default/tecnifibre-tf-x1-v2-275-2024.jpg,230.00,119.00,48,9bcb1729-926d-4462-b949-57f991e08673,https://www.protennis.fr/57834-tecnifibre-tf-x1-v2-275-2024.html,active,true,,2026-09-22T18:19:54.755Z,2026-09-25T04:01:39.889Z,9ca62139-4f6c-4530-9e41-b470fd2b0f7e,
6c4e2aec-af44-43af-8f2e-58fa28f49751,Sac de tennis Head Gravity Pro X Duffle Bag L Noir Gris,Head,raquettes,https://www.protennis.fr/36235-marketing_default/sac-head-gravity-pro-x-duffle-bag-l-noir-gris.jpg,160.00,112.00,30,9bcb1729-926d-4462-b949-57f991e08673,https://www.protennis.fr/58376-sac-head-gravity-pro-x-duffle-bag-l-noir-gris.html,active,true,,2026-09-22T18:19:51.015Z,2026-09-25T04:01:38.729Z,61e3c784-51a9-46f7-9120-508e96a4b0bc,Noir Gris
6c56bf82-51e9-46bc-8722-878940d516c2,Sac à dos de tennis Wilson Defyer Backpack,Wilson,accessoires,https://www.protennis.fr/49503-marketing_default/sac-a-dos-de-tennis-wilson-defyer-backpack.jpg,95.00,94.99,0,9bcb1729-926d-4462-b949-57f991e08673,https://www.protennis.fr/59953-sac-a-dos-de-tennis-wilson-defyer-backpack.html,active,true,,2026-09-22T18:20:37.787Z,2026-09-25T04:01:53.517Z,326f7031-4951-49dc-8bc0-e320c40f6ccc,
6c9cba21-0a44-4a23-968e-66c66a9da12b,Chaussures de tennis Nike Air Vapor Pro 3 Femme Blanc Mint,Nike,chaussures,https://www.protennis.fr/41463-marketing_default/chaussures-de-tennis-nike-air-vapor-pro-3-femme-blanc-mint.jpg,130.00,78.00,40,9bcb1729-926d-4462-b949-57f991e08673,https://www.protennis.fr/59021-chaussures-de-tennis-nike-air-vapor-pro-3-femme-blanc-mint.html,active,true,,2026-09-22T18:20:14.632Z,2026-09-25T04:01:45.857Z,c965a07a-9d5a-4187-a996-16dc2f571685,Blanc
6cd0a33d-395e-4a89-b037-0a3a8701bedf,Manchon de tennis Floky No Strain Black x2,Floky,textile,https://www.protennis.fr/45485-marketing_default/manchon-de-tennis-floky-no-strain-black.jpg,36.90,33.21,10,9bcb1729-926d-4462-b949-57f991e08673,https://www.protennis.fr/59530-manchon-de-tennis-floky-no-strain-black.html,active,true,,2026-09-22T18:20:23.481Z,2026-09-25T04:01:49.126Z,37be1e4f-89f0-4b18-ae31-48d5d3c94c80,Noir
6d418e2f-9806-4eb0-ac3c-a24478b777fe,Chaussures Asics Court FF 3 Novak Homme Terre Battue Noir,Asics,chaussures,https://www.protennis.fr/40989-marketing_default/chaussures-asics-court-ff-3-novak-homme-terre-battue-noir-.jpg,190.00,114.00,40,9bcb1729-926d-4462-b949-57f991e08673,https://www.protennis.fr/58948-chaussures-asics-court-ff-3-novak-homme-terre-battue-noir-.html,active,true,,2026-09-22T18:20:14.760Z,2026-09-25T04:01:45.901Z,328da313-b539-425e-bd65-8615be147dc5,Noir
6d4a9611-c71e-4a6b-9117-2294f256b05b,Pantalon Velour Mouratoglou Melbourne Rose,Mouratoglou,textile,https://www.protennis.fr/37364-marketing_default/pantalon-velour-mouratoglou-melbourne-rose.jpg,77.00,46.20,40,9bcb1729-926d-4462-b949-57f991e08673,https://www.protennis.fr/58511-pantalon-velour-mouratoglou-melbourne-rose.html,active,true,,2026-09-22T18:20:26.805Z,2026-09-25T04:01:50.162Z,7df60d14-172c-4d7b-b255-b8fadbdb1d68,Rose
6df6d53e-3e52-4dcf-ad07-9df28079cb87,T-shirt de tennis Asics Match Actibreeze Violet PE25,Asics,textile,https://www.protennis.fr/35795-marketing_default/t-shirt-asics-match-actibreeze-violet-pe25.jpg,75.00,45.00,40,9bcb1729-926d-4462-b949-57f991e08673,https://www.protennis.fr/58257-t-shirt-asics-match-actibreeze-violet-pe25.html,active,true,,2026-09-22T18:20:22.836Z,2026-09-25T04:01:48.912Z,c78f23d8-1663-4bf6-8f5c-778c0238da33,Violet
6df8056c-0ca6-4783-81cd-a5aa116b570b,Raquette de tennis Wilson Ultra 100 L V5 Roland Garros 26,Wilson,raquettes,https://www.protennis.fr/48529-marketing_default/raquette-de-tennis-wilson-ultra-100-l-v5-roland-garros-26.jpg,220.00,154.00,30,9bcb1729-926d-4462-b949-57f991e08673,https://www.protennis.fr/59851-raquette-de-tennis-wilson-ultra-100-l-v5-roland-garros-26.html,active,true,,2026-09-22T18:19:56.836Z,2026-09-25T04:01:40.733Z,bcd247e1-c6b5-4060-974b-aca62d0632f6,
6e398c40-1e4e-481e-acbd-bd124da11753,Pantalon de tennis Homme Nike Heritage Noir,Nike,textile,https://www.protennis.fr/36746-marketing_default/pantalon-homme-nike-heritage-noir.jpg,65.00,39.00,40,9bcb1729-926d-4462-b949-57f991e08673,https://www.protennis.fr/58443-pantalon-homme-nike-heritage-noir.html,active,true,,2026-09-22T18:20:30.083Z,2026-09-25T04:01:51.119Z,d4562611-43f8-42c8-bdc7-54936d698e26,Noir
6e6d013b-cf32-4eed-a1d8-1d2ff2956948,Chaussures de tennis Adidas Barricade Femme White,Adidas,chaussures,https://www.protennis.fr/49874-marketing_default/chaussures-de-tennis-adidas-barricade-femme-white.jpg,160.00,128.00,20,9bcb1729-926d-4462-b949-57f991e08673,https://www.protennis.fr/59975-chaussures-de-tennis-adidas-barricade-femme-white.html,active,true,,2026-09-22T18:20:06.068Z,2026-09-25T04:01:43.386Z,fdf129a9-98a9-45b6-acd8-981a643b470a,Blanc
6ec2dbf1-ca9f-49e5-b8a2-554fbd004deb,Debardeur de tennis Adidas Y-Tank Rouge Fluo Femme PE25,Adidas,textile,https://www.protennis.fr/37016-marketing_default/debardeur-adidas-y-tank-rouge-fluo-femme-pe25.jpg,55.00,33.00,40,9bcb1729-926d-4462-b949-57f991e08673,https://www.protennis.fr/58291-debardeur-adidas-y-tank-rouge-fluo-femme-pe25.html,active,true,,2026-09-22T18:20:20.480Z,2026-09-25T04:01:48.157Z,93fdb0f8-e6a7-47d9-9cba-1a1c8a04bf54,Rouge
6ecd9529-a281-42a6-8181-c28c4f5f5a6a,Raquette de tennis Tecnifibre TF X1 V2 270 2024,Tecnifibre,raquettes,https://www.protennis.fr/32026-marketing_default/tecnifibre-tf-x1-v2-270-2024.jpg,210.00,119.00,43,9bcb1729-926d-4462-b949-57f991e08673,https://www.protennis.fr/57833-tecnifibre-tf-x1-v2-270-2024.html,active,true,,2026-09-22T18:19:54.780Z,2026-09-25T04:01:39.900Z,b3c59e2b-6b5d-43c1-954b-712cc6e2776c,
6ef4722a-f054-4515-ac57-7c8b79ab29de,Short de tennis Asics Match Laser Cut 7 Homme Midnight,Asics,textile,https://www.protennis.fr/50890-marketing_default/short-de-tennis-asics-match-laser-cut-7-homme-midnight.jpg,70.00,56.00,20,9bcb1729-926d-4462-b949-57f991e08673,https://www.protennis.fr/60076-short-de-tennis-asics-match-laser-cut-7-homme-midnight.html,active,true,,2026-09-22T18:20:22.119Z,2026-09-25T04:01:48.695Z,9010b87b-3f43-43a7-acc8-e401c48a96b4,
6f0885c6-23e0-44a6-a85f-11ac7244316c,Chaussures de tennis Asics Gel Resolution X Enfant Gris vert,Asics,chaussures,https://www.protennis.fr/44267-marketing_default/chaussures-de-tennis-asics-gel-resolution-x-enfant-gris-vert.jpg,90.00,54.00,40,9bcb1729-926d-4462-b949-57f991e08673,https://www.protennis.fr/59380-chaussures-de-tennis-asics-gel-resolution-x-enfant-gris-vert.html,active,true,,2026-09-22T18:20:09.090Z,2026-09-25T04:01:44.282Z,86504b6b-99b5-4a82-9e51-e794298d773a,Gris Vert
6f19fa52-a505-4516-aee8-6632960823ec,Chaussures de tennis Nike Vapor Lite 3 Homme Bleu corail,Nike,chaussures,https://www.protennis.fr/46212-marketing_default/chaussures-de-tennis-nike-vapor-lite-3-homme-bleu-corail.jpg,85.00,51.00,40,9bcb1729-926d-4462-b949-57f991e08673,https://www.protennis.fr/59596-chaussures-de-tennis-nike-vapor-lite-3-homme-bleu-corail.html,active,true,,2026-09-22T18:20:12.906Z,2026-09-25T04:01:45.388Z,9494e04f-0407-4302-89b9-2cc684c4d8d9,Bleu Corail
6f4e7a5b-37d0-4d4d-a4bd-e031c6be0eb6,Balles de tennis Dunlop Open Australie Carton 18 Tubes de 4 balles,Dunlop,accessoires,https://www.protennis.fr/39577-marketing_default/dunlop-open-australie-carton-18-tubes-de-4-balles.jpg,153.00,144.90,5,9bcb1729-926d-4462-b949-57f991e08673,https://www.protennis.fr/56781-dunlop-open-australie-carton-18-tubes-de-4-balles.html,active,true,,2026-09-22T18:20:36.742Z,2026-09-25T04:01:53.186Z,6a90d4d0-7f92-446b-b158-e490e277f842,
6f64cb95-7fcb-4bab-9298-864adb4a6f42,Chaussures Asics Gel Resolution X Homme Terre Battue Noir,Asics,chaussures,https://www.protennis.fr/40994-marketing_default/chaussures-asics-gel-resolution-x-homme-terre-battue-noir.jpg,160.00,96.00,40,9bcb1729-926d-4462-b949-57f991e08673,https://www.protennis.fr/58946-chaussures-asics-gel-resolution-x-homme-terre-battue-noir.html,active,true,,2026-09-22T18:20:14.827Z,2026-09-25T04:01:45.923Z,b2f4c79d-b711-461a-8b31-67e83dcb29b3,Noir
6f7181f7-3c57-462e-9921-6f4c85ba5f5f,Sac de tennis 9 Raquettes Wilson Super Tour Rouge 2025,Wilson,accessoires,https://www.protennis.fr/38894-marketing_default/sac-de-tennis-9-raquettes-wilson-super-tour-rouge-2025.jpg,130.00,91.00,30,9bcb1729-926d-4462-b949-57f991e08673,https://www.protennis.fr/58714-sac-de-tennis-9-raquettes-wilson-super-tour-rouge-2025.html,active,true,,2026-09-22T18:20:40.425Z,2026-09-25T04:01:54.326Z,77e25d54-a58a-4672-8d02-b5982e5a44d1,Rouge
6fcc8b24-a243-486b-abeb-fcdf8bad8b18,Debardeur de tennis Nike Advantage Femme Jaune,Nike,textile,https://www.protennis.fr/45831-marketing_default/debardeur-femme-nike-advantage-jaune-.jpg,60.00,36.00,40,9bcb1729-926d-4462-b949-57f991e08673,https://www.protennis.fr/59564-debardeur-femme-nike-advantage-jaune-.html,active,true,,2026-09-22T18:20:29.284Z,2026-09-25T04:01:50.886Z,ca883d04-b1fd-4455-86ea-6977027729d5,Jaune
7005ec1c-42f9-418f-a609-6b677bb08f54,Sac à dos tennis Wilson RF Backpack Black 2024,Wilson,accessoires,https://www.protennis.fr/32845-marketing_default/sac-a-dos-tennis-wilson-rf-backpack-black-2024.jpg,110.00,77.00,30,9bcb1729-926d-4462-b949-57f991e08673,https://www.protennis.fr/57950-sac-a-dos-tennis-wilson-rf-backpack-black-2024.html,active,true,,2026-09-22T18:20:43.217Z,2026-09-25T04:01:55.108Z,49c32eb0-dd9c-4ba0-b4aa-a560af84a227,Noir
7008c310-109a-45ab-a785-76a61109ced6,Chaussures de tennis Lacoste AG-LT Ultra Clay Homme Noir Vert,Lacoste,chaussures,https://www.protennis.fr/50326-marketing_default/chaussures-de-tennis-lacoste-ag-lt-ultra-clay-homme-noir-vert.jpg,150.00,127.50,15,9bcb1729-926d-4462-b949-57f991e08673,https://www.protennis.fr/60020-chaussures-de-tennis-lacoste-ag-lt-ultra-clay-homme-noir-vert.html,active,true,,2026-09-22T18:20:05.450Z,2026-09-25T04:01:43.179Z,a3915e99-2acb-4af3-863b-0aac32e910cf,Noir Vert
705960f6-c6c0-4124-9a8c-32d36bbfe1b2,Cordage de tennis Head Lynx 130 Bobine 200m Vert,Head,cordages,https://www.protennis.fr/30436-marketing_default/head-lynx-130-bobine-200m-vert.jpg,150.00,105.00,30,9bcb1729-926d-4462-b949-57f991e08673,https://www.protennis.fr/56074-head-lynx-130-bobine-200m-vert.html,active,true,,2026-09-22T18:20:00.104Z,2026-09-25T04:01:41.509Z,abc1725d-f093-4c6c-b249-b7ebefb939c9,Vert
70ae59c7-11ff-4498-9942-46d9d4f61dd0,Polo de tennis Lacoste Ultra Dry jacquard Homme Bleu,Lacoste,textile,https://www.protennis.fr/50334-marketing_default/polo-de-tennis-lacoste-ultra-dry-jacquard-homme-bleu.jpg,130.00,110.50,15,9bcb1729-926d-4462-b949-57f991e08673,https://www.protennis.fr/60021-polo-de-tennis-lacoste-ultra-dry-jacquard-homme-bleu.html,active,true,,2026-09-22T18:20:23.734Z,2026-09-25T04:01:49.204Z,8dcffafd-c2e0-4559-846b-4452b5884f63,Bleu
70d23ba2-e68b-4fe3-881b-02b53f7921b1,Chaussures de tennis Nike Air Vapor Pro 3 Terre Battue Femme Creme rouge,Nike,chaussures,https://www.protennis.fr/41471-marketing_default/chaussures-nike-air-vapor-pro-3-terre-battue-femme-creme-rouge.jpg,130.00,78.00,40,9bcb1729-926d-4462-b949-57f991e08673,https://www.protennis.fr/58430-chaussures-nike-air-vapor-pro-3-terre-battue-femme-creme-rouge.html,active,true,,2026-09-22T18:20:11.661Z,2026-09-25T04:01:45.035Z,3399d74c-51de-453d-9094-03d3a071692e,Rouge
710ad2ec-78a3-459c-b22b-4d1f4ed0150f,Raquette de tennis Prince Tour Carbon 100 (275g),Prince,raquettes,https://www.protennis.fr/39064-marketing_default/raquette-de-tennis-prince-tour-carbon-100-290g.jpg,219.95,169.95,23,9bcb1729-926d-4462-b949-57f991e08673,https://www.protennis.fr/58742-raquette-de-tennis-prince-tour-carbon-100-290g.html,active,true,,2026-09-22T18:19:53.778Z,2026-09-25T04:01:39.600Z,789fd5c6-4e56-42e8-9dfd-9159c36b42fd,
7149f64c-4e91-4d39-860f-1a6790742048,Debardeur de tennis Nike Femme Slam DriFIT London White,Nike,textile,https://www.protennis.fr/50563-marketing_default/debardeur-de-tennis-nike-femme-slam-drifit-london-white.jpg,69.99,48.99,30,9bcb1729-926d-4462-b949-57f991e08673,https://www.protennis.fr/59764-debardeur-de-tennis-nike-femme-slam-drifit-london-white.html,active,true,,2026-09-22T18:20:27.317Z,2026-09-25T04:01:50.329Z,d43e3fcc-ac56-4edf-bea7-d8a8647dca96,Blanc
714a4f6a-1a12-4b9c-a7a9-b795f9fef99e,Chaussures de tennis Asics Solution Speed FF3 Femme Bleu Vert PE24,Asics,chaussures,https://www.protennis.fr/29270-marketing_default/asics-solution-speed-ff3-femme-bleu-vert-pe24.jpg,150.00,75.00,50,9bcb1729-926d-4462-b949-57f991e08673,https://www.protennis.fr/57421-asics-solution-speed-ff3-femme-bleu-vert-pe24.html,active,true,,2026-09-22T18:20:17.604Z,2026-09-25T04:01:46.653Z,f1a00d4b-aff2-45c0-a62b-6cd5e926ca39,Bleu Vert
71aa62be-5573-4eef-a254-a40c6a160379,Raquette de tennis Wilson RF 01 Laver Cup,Wilson,raquettes,https://www.protennis.fr/43303-marketing_default/raquette-de-tennis-wilson-rf-01-laver-cup.jpg,280.00,196.00,30,9bcb1729-926d-4462-b949-57f991e08673,https://www.protennis.fr/59261-raquette-de-tennis-wilson-rf-01-laver-cup.html,active,true,,2026-09-22T18:19:55.983Z,2026-09-25T04:01:40.205Z,ede9895a-d802-4b5e-9ee6-13d33c2b7beb,
71f17095-3619-4633-8990-482c62914b81,Head Hawk Touch 125 Garniture,Head,cordages,https://www.protennis.fr/11150-marketing_default/head-hawk-touch-125-garniture.jpg,20.00,14.00,30,9bcb1729-926d-4462-b949-57f991e08673,https://www.protennis.fr/53841-head-hawk-touch-125-garniture.html,active,true,,2026-09-22T18:20:00.796Z,2026-09-25T04:01:41.744Z,90bcd694-a1aa-43fa-9795-52fd7e2c29fc,
7210bec0-777a-482a-a511-10ed2ec37b48,Lot de 2 Grands poignets Adidas Y3 Gris,Adidas,textile,https://www.protennis.fr/42731-marketing_default/lot-de-2-grands-poignets-adidas-y3-gris.jpg,20.00,12.00,40,9bcb1729-926d-4462-b949-57f991e08673,https://www.protennis.fr/59115-lot-de-2-grands-poignets-adidas-y3-gris.html,active,true,,2026-09-22T18:20:20.150Z,2026-09-25T04:01:47.788Z,78b795e3-ecd9-4550-9ef5-0ba3cd2162d2,Gris
72113ce4-5ac2-4593-8e8a-30ba3a2b9b1a,T-shirt de tennis Lacoste Gros Logo Enfant Vert,Lacoste,textile,https://www.protennis.fr/38777-marketing_default/t-shirt-lacoste-gros-logo-enfant-vert.jpg,40.00,24.00,40,9bcb1729-926d-4462-b949-57f991e08673,https://www.protennis.fr/58689-t-shirt-lacoste-gros-logo-enfant-vert.html,active,true,,2026-09-22T18:20:25.115Z,2026-09-25T04:01:49.656Z,25e14ba3-e4d6-4226-9a12-92d6f6299a01,Vert
721fa2b8-cba6-4948-820c-947a790e9366,Raquette de tennis Wilson Clash 100 Pro V2.0 2022,Wilson,raquettes,https://www.protennis.fr/20864-marketing_default/wilson-clash-100-pro-v20-2022.jpg,290.00,174.00,40,9bcb1729-926d-4462-b949-57f991e08673,https://www.protennis.fr/55853-wilson-clash-100-pro-v20-2022.html,active,true,,2026-09-22T18:19:56.726Z,2026-09-25T04:01:40.461Z,dc129ef8-8cd0-4c1a-b8a2-484cbfec6182,
72231bba-81fa-4a87-9f39-d0ca0f3641a8,Short de tennis Asics Garçon Midnight,Asics,textile,https://www.protennis.fr/50921-marketing_default/short-de-tennis-asics-garcon-midnight.jpg,35.00,28.00,20,9bcb1729-926d-4462-b949-57f991e08673,https://www.protennis.fr/60080-short-de-tennis-asics-garcon-midnight.html,active,true,,2026-09-22T18:20:22.019Z,2026-09-25T04:01:48.660Z,3702fc9c-9d47-4551-b5ec-c61daeaa872c,
724ddb1d-cfc7-4dcb-b557-d75abe5524c7,Gourde Thermo Waterdrop ATP Tour Officiel 1L Blanche,Waterdrop,accessoires,https://www.protennis.fr/39994-marketing_default/gourde-thermo-waterdrop-atp-tour-officiel-1l-blanche.jpg,42.90,38.61,10,9bcb1729-926d-4462-b949-57f991e08673,https://www.protennis.fr/58854-gourde-thermo-waterdrop-atp-tour-officiel-1l-blanche.html,active,true,,2026-09-22T18:20:33.718Z,2026-09-25T04:01:52.267Z,339825b4-0929-4592-ac0a-3180fd0e33aa,Blanc
72d3fae3-fbbc-458e-a0e1-1acc63cd2edc,Chaussures de tennis Asics Gel Dedicate 8 Enfant Blanc Vert,Asics,chaussures,https://www.protennis.fr/45018-marketing_default/chaussures-de-tennis-asics-gel-dedicate-8-enfant-blanc-vert.jpg,60.00,36.00,40,9bcb1729-926d-4462-b949-57f991e08673,https://www.protennis.fr/59377-chaussures-de-tennis-asics-gel-dedicate-8-enfant-blanc-vert.html,active,true,,2026-09-22T18:20:13.645Z,2026-09-25T04:01:45.613Z,0d6cf8be-1425-42ca-bf91-3e290c587b34,Blanc Vert
72ec102a-d15f-48f0-b801-96c2954b97f9,Sweat de tennis Nike Fleece Heritage Homme Rouille,Nike,textile,https://www.protennis.fr/41690-marketing_default/sweat-homme-nike-fleece-heritage-rouille.jpg,85.00,51.00,40,9bcb1729-926d-4462-b949-57f991e08673,https://www.protennis.fr/59045-sweat-homme-nike-fleece-heritage-rouille.html,active,true,,2026-09-22T18:20:30.619Z,2026-09-25T04:01:51.285Z,7303198c-c4ee-45ba-91e0-4069a1f1d45e,
7305fff3-7a13-463c-a206-85ee7494626b,Chaussures de tennis Asics Game FF Homme Blanc vert,Asics,chaussures,https://www.protennis.fr/44751-marketing_default/chaussures-de-tennis-asics-game-ff-homme-blanc-vert.jpg,90.00,54.00,40,9bcb1729-926d-4462-b949-57f991e08673,https://www.protennis.fr/59416-chaussures-de-tennis-asics-game-ff-homme-blanc-vert.html,active,true,,2026-09-22T18:20:08.705Z,2026-09-25T04:01:44.167Z,098d7789-6eff-4541-bcb2-610ae652e3f1,Blanc Vert
730c522e-8c9f-4718-98f1-8e667a37dc9f,Raquette de tennis Babolat Pure Aero + Gen9,Babolat,raquettes,https://www.protennis.fr/46553-marketing_default/raquette-de-tennis-babolat-pure-aero-gen9.jpg,290.00,203.00,30,9bcb1729-926d-4462-b949-57f991e08673,https://www.protennis.fr/59632-raquette-de-tennis-babolat-pure-aero-gen9.html,active,true,,2026-09-22T18:19:47.341Z,2026-09-25T04:01:37.488Z,20fc55ec-aea9-479e-9945-9855c52e1c04,
734e9f2c-1fdc-4791-8492-76dfb751e73a,Chaussures de tennis Asics Gel Resolution X Homme Bleu turquoise,Asics,chaussures,https://www.protennis.fr/40578-marketing_default/chaussures-de-tennis-asics-gel-resolution-x-homme-bleu-turquoise.jpg,160.00,96.00,40,9bcb1729-926d-4462-b949-57f991e08673,https://www.protennis.fr/58942-chaussures-de-tennis-asics-gel-resolution-x-homme-bleu-turquoise.html,active,true,,2026-09-22T18:20:15.057Z,2026-09-25T04:01:45.970Z,5de9d57d-07d8-4feb-bc1a-8997edb3be7b,Bleu Turquoise
734f3636-7bb4-4856-93d1-0db72937b052,Sac a dos Head Pro X 25L Noir,Head,accessoires,https://www.protennis.fr/41796-marketing_default/sac-a-dos-head-pro-x-25l-noir.jpg,90.00,63.00,30,9bcb1729-926d-4462-b949-57f991e08673,https://www.protennis.fr/59076-sac-a-dos-head-pro-x-25l-noir.html,active,true,,2026-09-22T18:20:39.859Z,2026-09-25T04:01:54.150Z,0df7f6b2-c106-42c4-bf18-c3f40e432c38,Noir
735aac99-98ac-4939-be04-7a20aeedcdf9,Raquette de tennis Prince x Smiley Beast Power 270 Rose,Prince,raquettes,https://www.protennis.fr/45210-marketing_default/raquette-de-tennis-prince-x-smiley-beast-power-270-rose.jpg,139.95,125.96,10,9bcb1729-926d-4462-b949-57f991e08673,https://www.protennis.fr/59484-raquette-de-tennis-prince-x-smiley-beast-power-270-rose.html,active,true,,2026-09-22T18:19:53.140Z,2026-09-25T04:01:39.394Z,07705bd0-1d3b-4dfc-972f-04e54a59dcd7,Rose
73762746-df05-4b1a-a3ff-e70793788e18,Balles de tennis Carton Babolat Team 18 Tubes de 4 balles,Babolat,accessoires,https://www.protennis.fr/38456-marketing_default/carton-babolat-team-18-tubes-de-4-balles.jpg,171.00,140.40,18,9bcb1729-926d-4462-b949-57f991e08673,https://www.protennis.fr/29777-carton-babolat-team-18-tubes-de-4-balles.html,active,true,,2026-09-22T18:20:37.251Z,2026-09-25T04:01:53.340Z,77f66817-2940-4825-94dd-0589bc333027,
73807847-6f26-43ea-850d-c0009745a537,Sac à dos de tennis Head Tour Backpack 25L Rose,Head,accessoires,https://www.protennis.fr/45463-marketing_default/sac-a-dos-de-tennis-head-tour-backpack-25l-rose.jpg,80.00,56.00,30,9bcb1729-926d-4462-b949-57f991e08673,https://www.protennis.fr/59506-sac-a-dos-de-tennis-head-tour-backpack-25l-rose.html,active,true,,2026-09-22T18:20:39.221Z,2026-09-25T04:01:53.941Z,28b55978-c133-4746-b803-d3321c854531,Rose
7381b5e1-2e1a-4ce7-be99-cf797059f704,Chaussures de tennis Nike Vapor Pro 3 Terre Battue Homme Smokey Blue,Nike,chaussures,https://www.protennis.fr/50379-marketing_default/chaussures-de-tennis-nike-vapor-pro-3-terre-battue-homme-smokey-blue.jpg,129.99,90.99,30,9bcb1729-926d-4462-b949-57f991e08673,https://www.protennis.fr/60027-chaussures-de-tennis-nike-vapor-pro-3-terre-battue-homme-smokey-blue.html,active,true,,2026-09-22T18:20:05.405Z,2026-09-25T04:01:43.168Z,fdbbee95-4d2e-4ff9-ae93-30fa6c8ea491,Bleu
73accd1a-1c21-493e-829f-02218a7aee4f,Polo de tennis Nike Slam Strippe Homme Jaune moutarde,Nike,textile,https://www.protennis.fr/45968-marketing_default/polo-homme-nike-slam-strippe-jaune-moutarde.jpg,105.00,63.00,40,9bcb1729-926d-4462-b949-57f991e08673,https://www.protennis.fr/59581-polo-homme-nike-slam-strippe-jaune-moutarde.html,active,true,,2026-09-22T18:20:28.982Z,2026-09-25T04:01:50.842Z,1dfec05a-02b6-4585-8a61-3a31df401b2a,Jaune
73b70d89-6479-45fa-b239-acd130cabc32,Raquette de tennis Prince Warrior 100 (285g) 2023,Prince,raquettes,https://www.protennis.fr/27973-marketing_default/prince-warrior-100-285g-2023.jpg,150.00,105.00,30,9bcb1729-926d-4462-b949-57f991e08673,https://www.protennis.fr/57243-prince-warrior-100-285g-2023.html,active,true,,2026-09-22T18:19:53.754Z,2026-09-25T04:01:39.589Z,4333a03f-dff9-4c23-9b7a-2c63f7b06a16,
73cb7135-c797-4c6b-bb26-c32b539c9897,Chaussures de tennis Nike Vapor X Enfant Blanc Multicolore,Nike,chaussures,https://www.protennis.fr/42931-marketing_default/chaussures-de-tennis-nike-vapor-x-enfant-blanc-multicolore.jpg,85.00,51.00,40,9bcb1729-926d-4462-b949-57f991e08673,https://www.protennis.fr/59203-chaussures-de-tennis-nike-vapor-x-enfant-blanc-multicolore.html,active,true,,2026-09-22T18:20:14.313Z,2026-09-25T04:01:45.767Z,093b03ab-aaf9-420e-ac2e-57ff17d51f2c,Blanc Multicolore
73deb637-52ad-4775-9e68-8beb0615ffb5,Chaussures de tennis Asics Solution Speed FF 4 Homme Night Energy,Asics,chaussures,https://www.protennis.fr/50442-marketing_default/chaussures-de-tennis-asics-solution-speed-ff-4-homme-night-energy.jpg,160.00,128.00,20,9bcb1729-926d-4462-b949-57f991e08673,https://www.protennis.fr/60034-chaussures-de-tennis-asics-solution-speed-ff-4-homme-night-energy.html,active,true,,2026-09-22T18:20:05.200Z,2026-09-25T04:01:43.097Z,d0d6fdc3-897c-4c3f-8152-d6cbe75f99d2,
741ab76e-09e4-4675-a144-bd3d0f65266e,Chaussures Asics Solution Speed FF 4 Homme Terre Battue Noir green,Asics,chaussures,https://www.protennis.fr/44811-marketing_default/chaussures-asics-solution-speed-ff-4-homme-terre-battue-noir-green.jpg,160.00,96.00,40,9bcb1729-926d-4462-b949-57f991e08673,https://www.protennis.fr/59423-chaussures-asics-solution-speed-ff-4-homme-terre-battue-noir-green.html,active,true,,2026-09-22T18:20:08.603Z,2026-09-25T04:01:44.130Z,75913654-454e-49ed-b337-0136bd43fc61,Noir Vert
743dfde9-db22-4ac3-a7d3-44e5d5f56421,Sac de tennis 9 Raquettes Head Tour Racquet Bag L Orange,Head,accessoires,https://www.protennis.fr/45581-marketing_default/sac-de-tennis-9-raquettes-head-tour-racquet-bag-l-orange.jpg,100.00,70.00,30,9bcb1729-926d-4462-b949-57f991e08673,https://www.protennis.fr/59515-sac-de-tennis-9-raquettes-head-tour-racquet-bag-l-orange.html,active,true,,2026-09-22T18:20:38.939Z,2026-09-25T04:01:53.851Z,e5aeafef-aa89-49f3-8441-be8722d85a6f,Orange
7495aa14-c9c5-443b-b85a-44388df95d7f,Raquette de tennis Wilson Pro Staff 97 UL Classic,Wilson,raquettes,https://www.protennis.fr/46850-marketing_default/raquette-de-tennis-wilson-pro-staff-97-ul-classic.jpg,250.00,175.00,30,9bcb1729-926d-4462-b949-57f991e08673,https://www.protennis.fr/59677-raquette-de-tennis-wilson-pro-staff-97-ul-classic.html,active,true,,2026-09-22T18:19:57.952Z,2026-09-25T04:01:40.923Z,a95f1c58-5478-4cf4-9764-d09dd849c16f,
74af8d8d-9e55-4d27-988b-1ff7f23306f4,Grip de tennis Tiva GEL ULTIMATE DRY GRIP,Prince,accessoires,https://www.protennis.fr/49474-marketing_default/grip-de-tennis-gel-ultimate-dry-grip.jpg,23.00,19.90,13,9bcb1729-926d-4462-b949-57f991e08673,https://www.protennis.fr/59937-grip-de-tennis-gel-ultimate-dry-grip.html,active,true,,2026-09-22T18:20:35.763Z,2026-09-25T04:01:52.834Z,e5fe79cd-dafd-4efc-b5a4-81f5d805ee60,
74b85a66-962c-40ac-ad50-d8f81410cd42,Chaussures de tennis Nike GP Challenge 1 Homme Blanc turquoise,Nike,chaussures,https://www.protennis.fr/41600-marketing_default/chaussures-de-tennis-nike-gp-challenge-1-homme-blanc-turquoise.jpg,150.00,90.00,40,9bcb1729-926d-4462-b949-57f991e08673,https://www.protennis.fr/59058-chaussures-de-tennis-nike-gp-challenge-1-homme-blanc-turquoise.html,active,true,,2026-09-22T18:20:09.944Z,2026-09-25T04:01:44.552Z,b5911d1f-eea9-4dc3-8043-73444ca9120e,Blanc Turquoise
74d88309-7ac9-4d86-bcb6-aa09e7d5f1e6,Jupe de tennis enfant Nike Victory Flouncy Jupe Enfant Blanc,Nike,textile,https://www.protennis.fr/21507-marketing_default/jupe-de-tennis-enfant-nike-victory-flouncy-jupe-enfant-blanc.jpg,35.00,21.00,40,9bcb1729-926d-4462-b949-57f991e08673,https://www.protennis.fr/55915-jupe-de-tennis-enfant-nike-victory-flouncy-jupe-enfant-blanc.html,active,true,,2026-09-22T18:20:28.264Z,2026-09-25T04:01:50.619Z,d31c7fa2-61c7-4c5f-9cd7-fab3ab2ab70a,Blanc
74e16bb0-4ee5-474f-8b9f-d6130fe4e6ed,Chaussures de tennis Adidas Barricade 14 Terre Battue Homme Noir,Adidas,chaussures,https://www.protennis.fr/48185-marketing_default/chaussures-de-tennis-adidas-barricade-14-terre-battue-homme-noir.jpg,160.00,96.00,40,9bcb1729-926d-4462-b949-57f991e08673,https://www.protennis.fr/59814-chaussures-de-tennis-adidas-barricade-14-terre-battue-homme-noir.html,active,true,,2026-09-22T18:20:06.974Z,2026-09-25T04:01:43.667Z,e22150a3-0943-463e-b0b2-2be7d62379a2,Noir
74e939ea-7917-45e5-9c1f-7896459c673f,Débardeur tennis femme Adidas Y Debardeur Femme Blanc orange PE24,Adidas,textile,https://www.protennis.fr/31472-marketing_default/adidas-y-debardeur-femme-blanc-orange-pe24.jpg,65.00,32.50,50,9bcb1729-926d-4462-b949-57f991e08673,https://www.protennis.fr/57376-adidas-y-debardeur-femme-blanc-orange-pe24.html,active,true,,2026-09-22T18:20:20.902Z,2026-09-25T04:01:48.283Z,cf11a50b-0e71-4543-8c2d-5f1232ab9d7a,Blanc Orange
753fd492-5fbb-4a00-a06a-572375cef8d8,Raquette de tennis Prince Tour 100 (290g) 2023,Prince,raquettes,https://www.protennis.fr/28744-marketing_default/prince-tour-100-290g-2023.jpg,210.00,147.00,30,9bcb1729-926d-4462-b949-57f991e08673,https://www.protennis.fr/57359-prince-tour-100-290g-2023.html,active,true,,2026-09-22T18:19:53.962Z,2026-09-25T04:01:39.655Z,94a143e1-7d1a-4d83-8775-88e13b281297,
75a0bb8e-452a-430a-924a-30cc3b85db9b,Sac de tennis 6 Raquettes Babolat Pure Aero Gen9,Babolat,accessoires,https://www.protennis.fr/46394-marketing_default/sac-de-tennis-6-raquettes-babolat-pure-aero-gen9.jpg,120.00,96.00,20,9bcb1729-926d-4462-b949-57f991e08673,https://www.protennis.fr/59621-sac-de-tennis-6-raquettes-babolat-pure-aero-gen9.html,active,true,,2026-09-22T18:20:38.631Z,2026-09-25T04:01:53.752Z,0cf547aa-7555-49be-80ee-e9357221e4fe,
75cd3057-2acd-4672-ad7c-51911c254c5c,Head Pressurisateur de balles x4 Pump,Head,accessoires,https://www.protennis.fr/33653-marketing_default/head-pressurisateur-de-balles-x3-pump-.jpg,45.00,40.50,10,9bcb1729-926d-4462-b949-57f991e08673,https://www.protennis.fr/57924-head-pressurisateur-de-balles-x3-pump-.html,active,true,,2026-09-22T18:20:34.203Z,2026-09-25T04:01:52.415Z,7e8513f5-a8c8-47df-97d0-a496065bcc41,
75d5b6b3-1723-46bc-882e-82aa9263eee2,Polo de tennis Nike Slam NY Homme Marron,Nike,textile,https://www.protennis.fr/41664-marketing_default/polo-homme-nike-slam-ny-marron.jpg,90.00,54.00,40,9bcb1729-926d-4462-b949-57f991e08673,https://www.protennis.fr/59036-polo-homme-nike-slam-ny-marron.html,active,true,,2026-09-22T18:20:31.054Z,2026-09-25T04:01:51.429Z,ed3652b4-4a0b-4885-aaf0-e2363ef681e8,Marron
76121318-b10b-4db0-a854-3f83d0c574fd,Raquette de tennis Head Boom Team 2024,Head,raquettes,https://www.protennis.fr/30402-marketing_default/head-boom-team-2024.jpg,230.00,161.00,30,9bcb1729-926d-4462-b949-57f991e08673,https://www.protennis.fr/57473-head-boom-team-2024.html,active,true,,2026-09-22T18:19:50.503Z,2026-09-25T04:01:38.558Z,691b858c-734a-4dd1-ae07-8b8cdb483c8c,
76310da0-be7d-4f87-9f73-a78ccf20b531,Cordage de tennis Tecnifibre TGV 130 Naturel Bobine 200M,Tecnifibre,cordages,https://www.protennis.fr/20088-marketing_default/tecnifibre-tgv-130-naturel-bobine-200m.jpg,360.00,270.00,25,9bcb1729-926d-4462-b949-57f991e08673,https://www.protennis.fr/53347-tecnifibre-tgv-130-naturel-bobine-200m.html,active,true,,2026-09-22T18:20:01.025Z,2026-09-25T04:01:41.869Z,51d8ebb9-9596-41bf-b169-0c6cdee5518b,
764acac3-a61f-48bb-b000-961226cc9a29,Cordage de tennis BABOLAT RPM BLAST 125 BOBINE 200m,Babolat,cordages,https://www.protennis.fr/15907-marketing_default/babolat-rpm-blast-125-bobine-200m.jpg,220.00,154.00,30,9bcb1729-926d-4462-b949-57f991e08673,https://www.protennis.fr/29164-babolat-rpm-blast-125-bobine-200m.html,active,true,,2026-09-22T18:20:03.151Z,2026-09-25T04:01:42.492Z,b29db9ec-38c4-49a6-9b6a-2e58b6fc83e4,
765f94d4-59d7-41c8-bf3b-468d46ecc33c,Sac de tennis Tecnifibre Tour Endurance Blanc 6 Raquettes 2025,Tecnifibre,accessoires,https://www.protennis.fr/35966-marketing_default/sac-de-tennis-tecnifibre-tour-endurance-blanc-6-raquettes-2025.jpg,80.00,56.00,30,9bcb1729-926d-4462-b949-57f991e08673,https://www.protennis.fr/58347-sac-de-tennis-tecnifibre-tour-endurance-blanc-6-raquettes-2025.html,active,true,,2026-09-22T18:20:40.630Z,2026-09-25T04:01:55.053Z,9d0bb60f-f560-4877-b48e-cef87c24e7fe,Blanc
76892d85-645b-441c-aef5-ebe24005db29,Cordage de tennis HEAD LYNX ROUGE 120 BOBINE 200m,Head,cordages,https://www.protennis.fr/5105-marketing_default/head-lynx-rouge-120-bobine-200m.jpg,150.00,99.00,34,9bcb1729-926d-4462-b949-57f991e08673,https://www.protennis.fr/44033-head-lynx-rouge-120-bobine-200m.html,active,true,,2026-09-22T18:20:01.744Z,2026-09-25T04:01:42.069Z,b1debe94-574e-48d8-b834-b1d8b86edd01,Rouge
768be77c-9b62-41ea-9123-9f782c4d8f05,Raquette de tennis Prince Tour Carbon 100 (290g),Prince,raquettes,https://www.protennis.fr/38910-marketing_default/raquette-de-tennis-prince-tour-carbon-100-290g.jpg,229.95,160.97,30,9bcb1729-926d-4462-b949-57f991e08673,https://www.protennis.fr/58721-raquette-de-tennis-prince-tour-carbon-100-290g.html,active,true,,2026-09-22T18:19:53.863Z,2026-09-25T04:01:39.622Z,6eef0a5e-ece1-4d82-be43-2488e8cc7850,
76a9a4ed-10f8-4a51-82c0-a8c6d727be0b,Chaussures de Tennis Head Sprint Team 3.5 Homme Gris jaune,Head,chaussures,https://www.protennis.fr/40378-marketing_default/chaussures-de-tennis-head-sprint-team-35-homme-gris-jaune.jpg,110.00,39.90,64,9bcb1729-926d-4462-b949-57f991e08673,https://www.protennis.fr/58906-chaussures-de-tennis-head-sprint-team-35-homme-gris-jaune.html,active,true,,2026-09-22T18:20:15.697Z,2026-09-25T04:01:46.136Z,a03ca6af-433c-4601-b0c5-f56763a83136,Gris Jaune
76c7386e-8e6c-4ec7-880a-8f51987dc51a,Raquette de tennis Prince Warrior White Edition 100 265g,Prince,raquettes,https://www.protennis.fr/42495-marketing_default/raquette-de-tennis-prince-warrior-white-edition-100-265g.jpg,169.95,99.00,42,9bcb1729-926d-4462-b949-57f991e08673,https://www.protennis.fr/59187-raquette-de-tennis-prince-warrior-white-edition-100-265g.html,active,true,,2026-09-22T10:32:41.995Z,2026-09-25T04:01:39.567Z,a4843baa-36cc-48dd-b827-092c8485b48d,Blanc
7724e3d4-874f-4e63-8f90-c9e9647a6538,Raquette de tennis Boom MP UL Alternate 2026,Head,raquettes,https://www.protennis.fr/47187-marketing_default/raquette-de-tennis-boom-mp-ul-alternate-2026.jpg,220.00,154.00,30,9bcb1729-926d-4462-b949-57f991e08673,https://www.protennis.fr/59690-raquette-de-tennis-boom-mp-ul-alternate-2026.html,active,true,,2026-09-22T18:19:49.944Z,2026-09-25T04:01:38.391Z,93436faf-1dbe-4611-93da-1205940f1af0,
772c6c03-a3e4-4475-94ea-d999a15c75be,Raquette de tenns Prince x Smiley Enfant 26,Prince,raquettes,https://www.protennis.fr/43888-marketing_default/raquette-de-tenns-prince-x-smiley-enfant-26.jpg,109.95,76.97,30,9bcb1729-926d-4462-b949-57f991e08673,https://www.protennis.fr/59336-raquette-de-tenns-prince-x-smiley-enfant-26.html,active,true,,2026-09-22T18:19:53.165Z,2026-09-25T04:01:39.406Z,dfa71689-4cf5-4239-8c6b-562dbe3b9f33,
776e1fcb-7dba-44ce-a4ce-372c5d04751c,Short de tennis Nike Victory 9 Homme Blanc,Nike,textile,https://www.protennis.fr/46131-marketing_default/short-nike-victory-9-homme-blanc.jpg,45.00,27.00,40,9bcb1729-926d-4462-b949-57f991e08673,https://www.protennis.fr/59594-short-nike-victory-9-homme-blanc.html,active,true,,2026-09-22T18:20:29.402Z,2026-09-25T04:01:50.920Z,f8e957f0-f80f-41ab-adcd-03a554be02c8,Blanc
7795c9ce-8f65-4c46-9823-4e8555cb6db1,Chaussures de tennis Babolat Propulse Enfant Noir Multicolore,Babolat,chaussures,https://www.protennis.fr/43909-marketing_default/chaussures-de-tennis-babolat-propulse-enfant-noir-multicolore.jpg,65.00,39.00,40,9bcb1729-926d-4462-b949-57f991e08673,https://www.protennis.fr/59288-chaussures-de-tennis-babolat-propulse-enfant-noir-multicolore.html,active,true,,2026-09-22T18:20:09.247Z,2026-09-25T04:01:44.338Z,f9572188-25c5-4339-b5bf-e2fb5945b1a9,Noir Multicolore
77adb172-0002-450f-aa2c-a421e599f2aa,Raquette de tennis Head Speed Pro Legend 2024,Head,raquettes,https://www.protennis.fr/31969-marketing_default/head-speed-pro-legend-2024.jpg,310.00,186.00,40,9bcb1729-926d-4462-b949-57f991e08673,https://www.protennis.fr/57841-head-speed-pro-legend-2024.html,active,true,,2026-09-22T18:19:49.684Z,2026-09-25T04:01:38.321Z,f2236036-1535-4c2c-8e58-f3ec40e20eac,
77d51154-90a9-483d-9328-a28700fb3ee8,Raquette de tennis Wilson Clash 100 Pro V3 Reverse,Wilson,raquettes,https://www.protennis.fr/46872-marketing_default/raquette-de-tennis-wilson-clash-100-pro-v3-reverse.jpg,250.00,175.00,30,9bcb1729-926d-4462-b949-57f991e08673,https://www.protennis.fr/59672-raquette-de-tennis-wilson-clash-100-pro-v3-reverse.html,active,true,,2026-09-22T18:19:56.340Z,2026-09-25T04:01:40.307Z,132dc5dc-e93e-4d00-b73c-7fe69f18d183,
77edb9c9-9d16-4167-9bbe-5161d789346c,Raquette de tennis Prince Tour Carbon 98 (305g),Prince,raquettes,https://www.protennis.fr/39054-marketing_default/raquette-de-tennis-prince-tour-carbon-98-305g.jpg,239.95,191.96,20,9bcb1729-926d-4462-b949-57f991e08673,https://www.protennis.fr/58740-raquette-de-tennis-prince-tour-carbon-98-305g.html,active,true,,2026-09-22T18:19:53.836Z,2026-09-25T04:01:39.611Z,651c3ae4-03d3-4746-afa3-f9c1e3cce0b2,
7805dc48-8a2f-4fbc-903f-27fb4bf5cabe,Sac de tennis Head Tour Racquet Bag L Orange,Head,accessoires,https://www.protennis.fr/38231-marketing_default/sac-de-tennis-head-tour-racquet-bag-l-orange.jpg,100.00,70.00,30,9bcb1729-926d-4462-b949-57f991e08673,https://www.protennis.fr/58610-sac-de-tennis-head-tour-racquet-bag-l-orange.html,active,true,,2026-09-22T18:20:42.726Z,2026-09-25T04:01:54.941Z,92575b60-7f84-4bc6-a4a4-f3f60fa7b637,Orange
78104b1c-52ed-47bf-907d-6dd0878db220,"Gourde Thermo Sila x Waterdrop Novak Djokovic 1,4L Blanche 2024",Waterdrop,accessoires,https://www.protennis.fr/35531-marketing_default/gourde-thermo-sila-x-waterdrop-novak-djokovic-14l-blanche-2024.jpg,49.90,44.91,10,9bcb1729-926d-4462-b949-57f991e08673,https://www.protennis.fr/58302-gourde-thermo-sila-x-waterdrop-novak-djokovic-14l-blanche-2024.html,active,true,,2026-09-22T18:20:34.100Z,2026-09-25T04:01:52.393Z,881b0a6e-7c71-4d81-8c5c-8709ced8536b,Blanc
783048eb-2323-4fea-8403-2c33159e4a85,Raquette de tennis Head Extreme Elite 2026,Head,raquettes,https://www.protennis.fr/50007-marketing_default/raquette-de-tennis-head-extreme-elite-2026.jpg,170.00,153.00,10,9bcb1729-926d-4462-b949-57f991e08673,https://www.protennis.fr/59986-raquette-de-tennis-head-extreme-elite-2026.html,active,true,,2026-09-22T18:19:52.525Z,2026-09-25T04:01:39.189Z,53ac79b5-6493-4648-98c9-5cb86ad22e9d,
784d598b-1409-4e06-a405-186d9ce90d65,Débardeur de tennis femme Adidas Y Debardeur Femme PE22,Adidas,textile,https://www.protennis.fr/21007-marketing_default/adidas-y-debardeur-femme-pe22.jpg,50.00,25.00,50,9bcb1729-926d-4462-b949-57f991e08673,https://www.protennis.fr/55890-adidas-y-debardeur-femme-pe22.html,active,true,,2026-09-22T18:20:21.481Z,2026-09-25T04:01:48.441Z,149ab77c-f233-4df7-b6b4-75d490d0369e,
7872d213-13e5-4bdd-b4a3-68df053b0eed,Short Asics Laser Cut Femme Vert fluo,Asics,textile,https://www.protennis.fr/44601-marketing_default/short-asics-laser-cut-femme-vert-fluo.jpg,70.00,42.00,40,9bcb1729-926d-4462-b949-57f991e08673,https://www.protennis.fr/59370-short-asics-laser-cut-femme-vert-fluo.html,active,true,,2026-09-22T18:20:22.309Z,2026-09-25T04:01:48.743Z,9c0953e5-797e-4438-9ae9-1e78b919c3cc,Vert
78895ea7-c92b-4201-ae05-98a179e0e860,raquette de tennis Head Speed Pro 2022,Head,raquettes,https://www.protennis.fr/23028-marketing_default/head-speed-pro-2022.jpg,280.00,149.00,47,9bcb1729-926d-4462-b949-57f991e08673,https://www.protennis.fr/55876-head-speed-pro-2022.html,active,true,,2026-09-22T18:19:51.835Z,2026-09-25T04:01:38.980Z,1703d9cd-14ca-4bda-b40c-6900209cdcff,
79305b9a-5648-4bd1-b651-4366e977663a,Pantalon Asics Homme Performance Kaki,Asics,textile,https://www.protennis.fr/42257-marketing_default/pantalon-asics-homme-performance-kaki-.jpg,55.00,33.00,40,9bcb1729-926d-4462-b949-57f991e08673,https://www.protennis.fr/59181-pantalon-asics-homme-performance-kaki-.html,active,true,,2026-09-22T18:20:22.734Z,2026-09-25T04:01:48.878Z,951103a9-83be-4be2-b8cc-10b71a91e2c6,Kaki
794baaea-11e0-40cc-a1db-b6cc42a9a4fe,Raquette de tennis Yonex Ezone Alpha SL 245g 2025,Yonex,raquettes,https://www.protennis.fr/37591-marketing_default/raquette-de-tennis-yonex-ezone-alpha-sl-245g-2025.jpg,159.00,127.20,20,9bcb1729-926d-4462-b949-57f991e08673,https://www.protennis.fr/58538-raquette-de-tennis-yonex-ezone-alpha-sl-245g-2025.html,active,true,,2026-09-22T18:19:58.448Z,2026-09-25T04:01:41.039Z,805512e1-0b81-4b24-9b34-20fb5d86f8cf,
794fce29-e61a-4191-b50b-28b2fd65a680,Sac de tennis Wilson RF Tournament Racquet Bag 15PK Black 2024,Wilson,accessoires,https://www.protennis.fr/32782-marketing_default/sac-de-tennis-wilson-rf-tournament-racquet-bag-15pk-black-2024.jpg,170.00,119.00,30,9bcb1729-926d-4462-b949-57f991e08673,https://www.protennis.fr/57947-sac-de-tennis-wilson-rf-tournament-racquet-bag-15pk-black-2024.html,active,true,,2026-09-22T18:20:40.784Z,2026-09-25T04:01:54.437Z,7944d8e4-8c63-464d-ac8e-c5405c662b44,Noir
7957b581-e346-4dcb-843e-2183e3895909,Sac de tennis Tecnifibre Tour Endurance Ultra Noir 12 raquettes 2024,Tecnifibre,accessoires,https://www.protennis.fr/32012-marketing_default/tecnifibre-tour-endurance-ultra-noir-12-raquettes-2024.jpg,110.00,77.00,30,9bcb1729-926d-4462-b949-57f991e08673,https://www.protennis.fr/57831-tecnifibre-tour-endurance-ultra-noir-12-raquettes-2024.html,active,true,,2026-09-22T18:20:43.324Z,2026-09-25T04:01:55.141Z,fd1f032e-87df-4a9d-ba3d-85249acd4a9f,Noir
7a46b471-8eac-40d3-a722-2307f238af03,Chaussures de tennis Asics Solution Speed FF 3 Femme Noir,Asics,chaussures,https://www.protennis.fr/40800-marketing_default/chaussures-de-tennis-asics-gel-solution-speed-ff-3-femme-noir.jpg,150.00,90.00,40,9bcb1729-926d-4462-b949-57f991e08673,https://www.protennis.fr/58925-chaussures-de-tennis-asics-gel-solution-speed-ff-3-femme-noir.html,active,true,,2026-09-22T18:20:10.168Z,2026-09-25T04:01:44.631Z,f176e1b5-691a-42e2-8899-f2cde846032f,Noir
7a52bd67-5853-47f7-8db3-501d24cbf6b9,Chaussures de tennis Babolat Jet Tere 2 Femme Blanc Bleu,Babolat,chaussures,https://www.protennis.fr/38484-marketing_default/chaussures-de-tennis-babolat-jet-tere-2-femme-blanc-bleu.jpg,110.00,66.00,40,9bcb1729-926d-4462-b949-57f991e08673,https://www.protennis.fr/58653-chaussures-de-tennis-babolat-jet-tere-2-femme-blanc-bleu.html,active,true,,2026-09-22T18:20:11.139Z,2026-09-25T04:01:44.877Z,000f07e0-cca8-4bcb-8fd8-d8fcbd15a018,Blanc Bleu
7a9ab86b-103e-4fef-81b0-1f6b260e83be,Sac de tennis Prince Small Duffle Tour Noir 2023,Prince,accessoires,https://www.protennis.fr/30574-marketing_default/prince-small-duffle-tour-noir-2023.jpg,60.00,29.90,50,9bcb1729-926d-4462-b949-57f991e08673,https://www.protennis.fr/57641-prince-small-duffle-tour-noir-2023.html,active,true,,2026-09-22T18:20:43.419Z,2026-09-25T04:01:55.175Z,0e35b9cc-c410-4e16-b4d3-eb14852a38a9,Noir
7abdcc5a-5a22-4a28-a362-46fd7799b226,Chaussures de tennis Asics Court FF 3 Terre Battue Homme Night Energy,Asics,chaussures,https://www.protennis.fr/50464-marketing_default/chaussures-de-tennis-asics-court-ff-3-terre-battue-homme-noir-vert.jpg,190.00,152.00,20,9bcb1729-926d-4462-b949-57f991e08673,https://www.protennis.fr/60036-chaussures-de-tennis-asics-court-ff-3-terre-battue-homme-noir-vert.html,active,true,,2026-09-22T18:20:05.120Z,2026-09-25T04:01:43.075Z,54677a3e-beaa-49dd-9be9-14d013bd6ba9,
7ac712b9-e053-4fc9-a4b7-6694b885ab1a,Chaussures de tennis Nike Vapor Pro 3 Homme Smokey Blue,Nike,chaussures,https://www.protennis.fr/50493-marketing_default/chaussures-de-tennis-nike-vapor-pro-3-homme-smokey-blue.jpg,129.99,90.99,30,9bcb1729-926d-4462-b949-57f991e08673,https://www.protennis.fr/60039-chaussures-de-tennis-nike-vapor-pro-3-homme-smokey-blue.html,active,true,,2026-09-22T18:20:05.025Z,2026-09-25T04:01:43.042Z,d5e951b8-ec75-466f-a3bf-98f4bda36064,Bleu
7ac75357-6cf3-4cfe-9c36-b5f6a3a8b461,Jupe de tennis Enfant Adidas Pro Blanc vert trefle,Adidas,textile,https://www.protennis.fr/42576-marketing_default/jupe-de-tennis-enfant-adidas-pro-blanc-vert-trefle.jpg,60.00,36.00,40,9bcb1729-926d-4462-b949-57f991e08673,https://www.protennis.fr/59099-jupe-de-tennis-enfant-adidas-pro-blanc-vert-trefle.html,active,true,,2026-09-22T18:20:20.253Z,2026-09-25T04:01:47.875Z,1db847ba-2a9f-4cec-81db-410f75e85fd2,Blanc Vert
7ae92df7-509c-46e2-8ca7-5b097fcfebd7,Chaussures de Tennis Head Sprint Team 4.0 Homme Marine,Head,chaussures,https://www.protennis.fr/44896-marketing_default/chaussures-de-tennis-head-sprint-team-40-homme-marine.jpg,110.00,39.90,64,9bcb1729-926d-4462-b949-57f991e08673,https://www.protennis.fr/59462-chaussures-de-tennis-head-sprint-team-40-homme-marine.html,active,true,,2026-09-22T18:20:08.320Z,2026-09-25T04:01:44.064Z,1cdaabe1-7c20-48fe-a966-03ac79415820,Marine
7af5294f-470f-48db-b0b5-c67de3342fb5,Chaussures de tennis Adidas Adizero Ubersonic 4.1 Homme Blanc Bleu AH24,Adidas,chaussures,https://www.protennis.fr/33182-marketing_default/chaussures-de-tennis-adidas-adizero-ubersonic-41-homme-blanc-bleu-ah24.jpg,150.00,89.00,41,9bcb1729-926d-4462-b949-57f991e08673,https://www.protennis.fr/57988-chaussures-de-tennis-adidas-adizero-ubersonic-41-homme-blanc-bleu-ah24.html,active,true,,2026-09-22T18:20:17.112Z,2026-09-25T04:01:46.519Z,3c0ef892-048f-4ac8-a4b7-08ff3c77a783,Blanc Bleu
7b3f5197-5c14-49bb-9283-26728ce55e78,Sac de tennis Babolat Court M Noir,Babolat,accessoires,https://www.protennis.fr/43899-marketing_default/sac-de-tennis-babolat-court-m-noir.jpg,69.95,48.97,30,9bcb1729-926d-4462-b949-57f991e08673,https://www.protennis.fr/59284-sac-de-tennis-babolat-court-m-noir.html,active,true,,2026-09-22T18:20:39.555Z,2026-09-25T04:01:54.050Z,3804e78e-de3e-4722-800d-1c3a55d780d6,Noir
7b5dc2f0-b532-409f-af79-a0c2ebed83b0,Raquette de tennis Head Boom Jr 26 Alternate 2026,Head,raquettes,https://www.protennis.fr/47004-marketing_default/raquette-de-tennis-head-boom-jr-26-alternate-2026.jpg,130.00,91.00,30,9bcb1729-926d-4462-b949-57f991e08673,https://www.protennis.fr/59684-raquette-de-tennis-head-boom-jr-26-alternate-2026.html,active,true,,2026-09-22T18:19:50.174Z,2026-09-25T04:01:38.447Z,9b8973f0-f0e3-47bc-bed0-30f3b0e1dd60,
7b72fb41-92cc-4c61-a8ee-54e71f466874,Chaussures Adidas Defiant Speed 2 Homme Grey And Aurora,Adidas,chaussures,https://www.protennis.fr/49878-marketing_default/chaussures-adidas-defiant-speed-2-homme-grey-and-aurora.jpg,120.00,96.00,20,9bcb1729-926d-4462-b949-57f991e08673,https://www.protennis.fr/59976-chaussures-adidas-defiant-speed-2-homme-grey-and-aurora.html,active,true,,2026-09-22T18:20:06.044Z,2026-09-25T04:01:43.375Z,e8cc727c-9dc2-4a04-b741-c688f2911030,Gris
7b80a99b-3083-4e70-ad1b-4d00bc7e6ad5,Cordage de tennis LUXILON SAVAGE NOIR 127 BOBINE 200m,Luxilon,cordages,https://www.protennis.fr/1587-marketing_default/luxilon-savage-noir-127-bobine-200m.jpg,200.00,140.00,30,9bcb1729-926d-4462-b949-57f991e08673,https://www.protennis.fr/12727-luxilon-savage-noir-127-bobine-200m.html,active,true,,2026-09-22T18:20:04.302Z,2026-09-25T04:01:42.860Z,2caf1ed6-71b3-478b-97b3-c58462e5086d,Noir
7bf8a87c-1252-45bb-b08d-e48f08dbd6d2,Pantalon de tennis Nike Fleece Heritage Homme Cramoisi,Nike,textile,https://www.protennis.fr/43077-marketing_default/pantalon-homme-nike-fleece-heritage-cramoisi.jpg,85.00,51.00,40,9bcb1729-926d-4462-b949-57f991e08673,https://www.protennis.fr/59232-pantalon-homme-nike-fleece-heritage-cramoisi.html,active,true,,2026-09-22T18:20:29.693Z,2026-09-25T04:01:50.999Z,819407b5-7f6e-4804-9cc6-02a12f7b6226,
7bfa0dec-0c4a-4a85-88b7-ac69638e251f,Sac de tennis Head Tour Sac a Dos 25L Noir 2024,Head,accessoires,https://www.protennis.fr/30559-marketing_default/head-tour-sac-a-dos-25l-noir-2024.jpg,80.00,56.00,30,9bcb1729-926d-4462-b949-57f991e08673,https://www.protennis.fr/57630-head-tour-sac-a-dos-25l-noir-2024.html,active,true,,2026-09-22T18:20:43.443Z,2026-09-25T04:01:55.186Z,d70b4bb1-3d9a-4d8f-8145-165c1b47386a,Noir
7c53d538-07b2-421a-9402-3a31db4872e1,Sac de tennis Wilson Shift Super Tour 15 raquettes Artic Ice 2023,Wilson,accessoires,https://www.protennis.fr/28855-marketing_default/wilson-shift-super-tour-15-raquettes-artic-ice-2023.jpg,150.00,97.50,35,9bcb1729-926d-4462-b949-57f991e08673,https://www.protennis.fr/57363-wilson-shift-super-tour-15-raquettes-artic-ice-2023.html,active,true,,2026-09-22T18:20:41.144Z,2026-09-25T04:01:54.502Z,f8415708-5d61-479f-aef8-c6e34ac815c6,
7c5ef70d-6782-45eb-98ab-8192ba0b9ce1,Chaussures de tennis Babolat Jet Mach 3 Wide Homme Bleu clair AH24,Babolat,chaussures,https://www.protennis.fr/40659-marketing_default/chaussures-de-tennis-babolat-jet-mach-3-wide-homme-bleu-clair-ah24.jpg,155.00,69.00,55,9bcb1729-926d-4462-b949-57f991e08673,https://www.protennis.fr/58959-chaussures-de-tennis-babolat-jet-mach-3-wide-homme-bleu-clair-ah24.html,active,true,,2026-09-22T18:20:10.144Z,2026-09-25T04:01:44.621Z,5ce263b4-4ce2-4bf1-9f58-aeccb0dfb17f,Bleu
7c6d1159-b838-47f0-9cbb-0fa43d6af345,Polo Nike Advantage Homme Noir Hiver 2024,Nike,textile,https://www.protennis.fr/34645-marketing_default/polo-nike-advantage-homme-noir-hiver-2024.jpg,65.00,32.50,50,9bcb1729-926d-4462-b949-57f991e08673,https://www.protennis.fr/58175-polo-nike-advantage-homme-noir-hiver-2024.html,active,true,,2026-09-22T18:20:32.258Z,2026-09-25T04:01:51.781Z,64ee4c25-ca25-4008-9fc0-09a70d3bc101,Noir
7c78af48-d9f6-4169-89c2-9ada2081a3fb,Sac de tennis 6 Raquettes Tecnifibre Reform,Tecnifibre,accessoires,https://www.protennis.fr/47090-marketing_default/sac-de-tennis-6-raquettes-tecnifibre-reform.jpg,130.00,91.00,30,9bcb1729-926d-4462-b949-57f991e08673,https://www.protennis.fr/59708-sac-de-tennis-6-raquettes-tecnifibre-reform.html,active,true,,2026-09-22T18:20:38.496Z,2026-09-25T04:01:53.708Z,8170f774-f5f3-4fc2-bcdd-928da4d156c6,
7ca62c34-5982-4be3-b1be-01adcd2b6a13,Cordage de tennis LUXILON ELEMENT 125 GARNITURE,Luxilon,cordages,https://www.protennis.fr/5218-marketing_default/luxilon-element-125-garniture.jpg,21.00,14.70,30,9bcb1729-926d-4462-b949-57f991e08673,https://www.protennis.fr/39672-luxilon-element-125-garniture.html,active,true,,2026-09-22T18:20:02.032Z,2026-09-25T04:01:42.157Z,46d5ba76-3fa9-4059-baa4-426264d80b05,
7cb4fa93-f041-4713-8c7b-1ebca713e1b9,Sac à dos de tennis Head Tour Backpack 25L Canard,Head,accessoires,https://www.protennis.fr/43985-marketing_default/sac-a-dos-de-tennis-head-tour-backpack-25l-canard.jpg,80.00,56.00,30,9bcb1729-926d-4462-b949-57f991e08673,https://www.protennis.fr/59337-sac-a-dos-de-tennis-head-tour-backpack-25l-canard.html,active,true,,2026-09-22T18:20:42.087Z,2026-09-25T04:01:54.754Z,1f3eb834-dc8e-42d1-817d-28ca54889dcb,
7cc965d9-5f99-4828-9913-7bdd43c8f766,Cordage de tennis Babolat Rpm Hurricane jaune 125 Bobine 200m,Babolat,cordages,https://www.protennis.fr/40206-marketing_default/cordage-de-tennis-babolat-rpm-hurricane-jaune-125-bobine-200m.jpg,160.00,112.00,30,9bcb1729-926d-4462-b949-57f991e08673,https://www.protennis.fr/55578-cordage-de-tennis-babolat-rpm-hurricane-jaune-125-bobine-200m.html,active,true,,2026-09-22T18:20:00.386Z,2026-09-25T04:01:41.600Z,1e0d5100-b143-468a-a670-25acc7da0de7,Jaune
7ce6cec6-2903-47e1-af7f-de0a5fae1663,Cordage de tennis Tecnifibre Razor Soft 125 Blanc Garniture,Tecnifibre,cordages,https://www.protennis.fr/44797-marketing_default/cordage-de-tennis-tecnifibre-razor-soft-125-blanc-garniture.jpg,20.00,14.00,30,9bcb1729-926d-4462-b949-57f991e08673,https://www.protennis.fr/59458-cordage-de-tennis-tecnifibre-razor-soft-125-blanc-garniture.html,active,true,,2026-09-22T18:19:58.953Z,2026-09-25T04:01:41.165Z,13fc9d44-1583-42f6-838e-61b58519aecc,Blanc
7d66a4de-16c4-402c-afa3-584e9aa95de6,Chaussures de tennis Yonex Power Cushion AD Accel Femme Beige Rose,Yonex,chaussures,https://www.protennis.fr/42661-marketing_default/chaussures-de-tennis-yonex-power-cushion-ad-accel-femme-beige-rose.jpg,160.00,96.00,40,9bcb1729-926d-4462-b949-57f991e08673,https://www.protennis.fr/59194-chaussures-de-tennis-yonex-power-cushion-ad-accel-femme-beige-rose.html,active,true,,2026-09-22T18:20:09.706Z,2026-09-25T04:01:44.476Z,a581755d-c140-46eb-81fa-050ad4717234,Beige Rose
7d6e36c9-d692-4f2d-bb81-b6c114db9b9e,Sweat 1/2 Zip Enfant Nike Bleu electrique,Nike,textile,https://www.protennis.fr/41361-marketing_default/sweat-12-zip-enfant-nike-bleu-electrique.jpg,48.00,28.80,40,9bcb1729-926d-4462-b949-57f991e08673,https://www.protennis.fr/58997-sweat-12-zip-enfant-nike-bleu-electrique.html,active,true,,2026-09-22T18:20:31.414Z,2026-09-25T04:01:51.528Z,c70db838-a09c-4076-9680-c505acf9a0ff,Bleu
7d8a80e1-e353-4000-ac75-9490fe518aba,Cordage de tennis LUXILON BIG BANGER ORIGINAL BOBINE 200m,Luxilon,cordages,https://www.protennis.fr/661-marketing_default/luxilon-big-banger-original-bobine-200m.jpg,260.00,182.00,30,9bcb1729-926d-4462-b949-57f991e08673,https://www.protennis.fr/26779-luxilon-big-banger-original-bobine-200m.html,active,true,,2026-09-22T18:20:03.307Z,2026-09-25T04:01:42.550Z,80297ad9-ee54-4e75-92ba-38dbde377193,
7d8b9c82-bfbc-4326-ac92-a1516bec652a,T-Shirt de tennis Adidas Climacool Freelight Pro Homme White,Adidas,textile,https://www.protennis.fr/49203-marketing_default/t-shirt-de-tennis-adidas-climacool-freelight-pro-homme-white.jpg,65.00,39.00,40,9bcb1729-926d-4462-b949-57f991e08673,https://www.protennis.fr/59917-t-shirt-de-tennis-adidas-climacool-freelight-pro-homme-white.html,active,true,,2026-09-22T18:20:18.819Z,2026-09-25T04:01:47.387Z,9c9c94dc-3ec7-4c01-b80b-6ce814f0d561,Blanc
7dc6f203-fa62-4a69-ab42-bda3c5b1cb0e,Debardeur Asics Femme Jacquard Crop top Vert fluo,Asics,textile,https://www.protennis.fr/44674-marketing_default/debardeur-asics-femme-jacquard-crop-top-vert-fluo.jpg,65.00,39.00,40,9bcb1729-926d-4462-b949-57f991e08673,https://www.protennis.fr/59371-debardeur-asics-femme-jacquard-crop-top-vert-fluo.html,active,true,,2026-09-22T18:20:22.233Z,2026-09-25T04:01:48.731Z,ea5c60f7-8d3d-42a6-aa60-2609dfe99d7f,Vert
7dde567c-1a01-4825-ba81-d9f7417c8613,Sac de tennis Babolat Pure Strike Carbon Sac 6 raquettes,Babolat,accessoires,https://www.protennis.fr/41848-marketing_default/sac-de-tennis-babolat-pure-strike-carbon-sac-6-raquettes.jpg,119.95,83.97,30,9bcb1729-926d-4462-b949-57f991e08673,https://www.protennis.fr/59081-sac-de-tennis-babolat-pure-strike-carbon-sac-6-raquettes.html,active,true,,2026-09-22T18:20:39.756Z,2026-09-25T04:01:54.117Z,62f02577-f9a6-443a-b4f2-f97f33a07593,
7e1ac330-0f4c-40ee-aec5-9a3405d1e822,Raquette de tennis Head Gravity Jr 26 2023,Head,raquettes,https://www.protennis.fr/25670-marketing_default/head-gravity-jr-26-2023.jpg,120.00,60.00,50,9bcb1729-926d-4462-b949-57f991e08673,https://www.protennis.fr/56883-head-gravity-jr-26-2023.html,active,true,,2026-09-22T18:19:51.170Z,2026-09-25T04:01:38.775Z,8e7b3451-c6ee-45f9-8e57-671d3434f991,
7e5ddf9e-f25b-4468-a447-c59ed1df0ae2,Raquette de tennis Head Speed Tour 2026,Head,raquettes,https://www.protennis.fr/45180-marketing_default/raquette-de-tennis-head-speed-tour-2026.jpg,280.00,196.00,30,9bcb1729-926d-4462-b949-57f991e08673,https://www.protennis.fr/59480-raquette-de-tennis-head-speed-tour-2026.html,active,true,,2026-09-22T18:19:51.218Z,2026-09-25T04:01:38.797Z,8816d560-9483-4890-addb-c1aaee5a8df0,
7e629698-3c06-4289-ab88-eb13165ae25b,Cordage de tennis LUXILON SAVAGE BLANC 127 BOBINE 200m,Luxilon,cordages,https://www.protennis.fr/999-marketing_default/luxilon-savage-blanc-127-bobine-200m.jpg,200.00,140.00,30,9bcb1729-926d-4462-b949-57f991e08673,https://www.protennis.fr/13027-luxilon-savage-blanc-127-bobine-200m.html,active,true,,2026-09-22T18:20:04.278Z,2026-09-25T04:01:42.849Z,b63e526f-7624-4802-bb05-9e4937d5c674,Blanc
7e784ff9-caac-4dbe-ad41-1386762a73b0,Chaussures de tennis Lacoste AG-LT 23 Ultra Terre Battue Homme Marine rose,Lacoste,chaussures,https://www.protennis.fr/38984-marketing_default/chaussures-lacoste-ag-lt-23-ultra-terre-battue-homme-marine-rose.jpg,170.00,102.00,40,9bcb1729-926d-4462-b949-57f991e08673,https://www.protennis.fr/58735-chaussures-lacoste-ag-lt-23-ultra-terre-battue-homme-marine-rose.html,active,true,,2026-09-22T18:20:16.084Z,2026-09-25T04:01:46.260Z,f1c881e7-62f5-4655-8ffe-9fef2d50ab9f,Marine Rose
7e84be2e-ef8b-45bb-a8e2-a830cc06ebcd,Cordage de tennis HEAD LYNX ROUGE 125 BOBINE 200m,Head,cordages,https://www.protennis.fr/2809-marketing_default/head-lynx-rouge-125-bobine-200m.jpg,150.00,99.00,34,9bcb1729-926d-4462-b949-57f991e08673,https://www.protennis.fr/44034-head-lynx-rouge-125-bobine-200m.html,active,true,,2026-09-22T18:20:01.718Z,2026-09-25T04:01:42.058Z,07809689-5119-43d9-9897-7b8a0a4bb9aa,Rouge
7ea115bd-f63a-4bb3-8938-ef2651c9bee2,Raquette de tennis Head Radical MP Palm Tree Crew,Head,raquettes,https://www.protennis.fr/41050-marketing_default/raquette-de-tennis-head-radical-mp-palm-tree-crew.jpg,289.90,173.94,40,9bcb1729-926d-4462-b949-57f991e08673,https://www.protennis.fr/58987-raquette-de-tennis-head-radical-mp-palm-tree-crew.html,active,true,,2026-09-22T18:19:52.122Z,2026-09-25T04:01:39.156Z,0a1b6b29-4976-4041-9d32-db6e3bf99a0a,
7ecfa9c7-f48c-434e-8f16-53b28a2cac59,HEAD RIP CONTROL 130 ORANGE BOBINE 200m,Head,cordages,https://www.protennis.fr/4645-marketing_default/head-rip-control-130-orange-bobine-200m.jpg,160.00,89.00,44,9bcb1729-926d-4462-b949-57f991e08673,https://www.protennis.fr/46316-head-rip-control-130-orange-bobine-200m.html,active,true,,2026-09-22T18:20:01.459Z,2026-09-25T04:01:41.982Z,1d8ddeb3-823e-494b-adcb-e5b1c8e782e7,Orange
7ee62a27-bac7-42f8-b5de-0876be57b654,Raquette de tennis Tecnifibre Fire 270,Tecnifibre,raquettes,https://www.protennis.fr/47112-marketing_default/raquette-de-tennis-tecnifibre-fire-270.jpg,210.00,147.00,30,9bcb1729-926d-4462-b949-57f991e08673,https://www.protennis.fr/59711-raquette-de-tennis-tecnifibre-fire-270.html,active,true,,2026-09-22T18:19:54.396Z,2026-09-25T04:01:39.777Z,46fad23d-63f2-4b1a-bfa0-a208161a3746,
7f13d4fe-e99c-438f-8e87-5b0e7d2334f1,Chaussures de tennis Asics Gel Challenger 15 Femme Menthe,Asics,chaussures,https://www.protennis.fr/40735-marketing_default/chaussures-de-tennis-asics-gel-challenger-15-femme-menthe.jpg,120.00,72.00,40,9bcb1729-926d-4462-b949-57f991e08673,https://www.protennis.fr/58922-chaussures-de-tennis-asics-gel-challenger-15-femme-menthe.html,active,true,,2026-09-22T18:20:10.380Z,2026-09-25T04:01:44.666Z,981c3402-e322-452a-87d8-13cd8cae80b1,
7f38cb83-116b-4272-bbce-20c0f607468b,Raquette de tennis Wilson Clash 100 V3 2025,Wilson,raquettes,https://www.protennis.fr/36109-marketing_default/raquette-de-tennis-wilson-clash-100-v3-2025.jpg,250.00,175.00,30,9bcb1729-926d-4462-b949-57f991e08673,https://www.protennis.fr/58372-raquette-de-tennis-wilson-clash-100-v3-2025.html,active,true,,2026-09-22T18:19:56.495Z,2026-09-25T04:01:40.349Z,c90c74bb-13c3-4004-aa24-448085258471,
7f39e3bb-5069-415c-a34c-76c33d17a4ce,HEAD DJOKOVIC DAMPENER,Head,accessoires,https://www.protennis.fr/3175-marketing_default/head-djokovic-dampener.jpg,6.00,4.20,30,9bcb1729-926d-4462-b949-57f991e08673,https://www.protennis.fr/12534-head-djokovic-dampener.html,active,true,,2026-09-22T18:20:35.739Z,2026-09-25T04:01:53.110Z,3cf7a567-811b-4763-8c71-fad320e187d7,
7f4d258e-aa2a-410d-9996-c67fb1f90e34,Raquette de tennis Babolat Pure Drive Team Gen11,Babolat,raquettes,https://www.protennis.fr/36372-marketing_default/raquette-de-tennis-babolat-pure-drive-team-gen11.jpg,240.00,168.00,30,9bcb1729-926d-4462-b949-57f991e08673,https://www.protennis.fr/58397-raquette-de-tennis-babolat-pure-drive-team-gen11.html,active,true,,2026-09-22T18:19:48.966Z,2026-09-25T04:01:38.071Z,20d6017b-7325-464b-ada3-02bf510437ec,
7fb150d6-1169-4f12-848a-48abec1e629e,Cordage de tennis TECNIFIBRE RAZOR CODE 130 BLEU BOBINE 200m,Tecnifibre,cordages,https://www.protennis.fr/20078-marketing_default/tecnifibre-razor-code-130-bleu-bobine-200m.jpg,200.00,140.00,30,9bcb1729-926d-4462-b949-57f991e08673,https://www.protennis.fr/29174-tecnifibre-razor-code-130-bleu-bobine-200m.html,active,true,,2026-09-22T18:20:03.055Z,2026-09-25T04:01:42.445Z,bc1d0df5-243c-43be-998d-f9d55a8b759e,Bleu
80022e16-3389-405c-9807-31efcf99cf9e,Chaussures de tennis Nike Vapor Lite 3 Homme Steam Black,Nike,chaussures,https://www.protennis.fr/47757-marketing_default/chaussures-de-tennis-nike-vapor-lite-3-homme-steam-black.jpg,84.99,50.99,40,9bcb1729-926d-4462-b949-57f991e08673,https://www.protennis.fr/59789-chaussures-de-tennis-nike-vapor-lite-3-homme-steam-black.html,active,true,,2026-09-22T18:20:07.502Z,2026-09-25T04:01:43.795Z,51df933d-3b5c-4740-bbbe-f61d46a92f71,Noir
80640689-a2c3-430d-8666-16b70b087636,Surgrip de tennis HEAD XTREME SOFT BLANC,Head,accessoires,https://www.protennis.fr/89-marketing_default/head-xtreme-soft-blanc.jpg,7.00,4.90,30,9bcb1729-926d-4462-b949-57f991e08673,https://www.protennis.fr/15820-head-xtreme-soft-blanc.html,active,true,,2026-09-22T18:20:35.432Z,2026-09-25T04:01:52.736Z,faf17ede-62cf-41cc-8339-22e79fe1f602,Blanc
809407c2-e10a-437e-b775-7cf576bb0ca0,Chaussures de tennis Nike Zoom GP Challenge 1 Premium Homme Beige Bleu,Nike,chaussures,https://www.protennis.fr/39858-marketing_default/chaussures-de-tennis-nike-zoom-gp-challenge-1-premium-homme-beige-bleu.jpg,160.00,96.00,40,9bcb1729-926d-4462-b949-57f991e08673,https://www.protennis.fr/58800-chaussures-de-tennis-nike-zoom-gp-challenge-1-premium-homme-beige-bleu.html,active,true,,2026-09-22T18:20:10.729Z,2026-09-25T04:01:44.777Z,d0540018-63c4-4d2d-9aca-c21bdcc3bfb0,Beige Bleu
80f7fe8a-d112-463d-9961-ff0a60d4d406,Sac de tennis Wilson Blade Super Tour Small Duffel V10,Wilson,accessoires,https://www.protennis.fr/48497-marketing_default/sac-de-tennis-wilson-blade-super-tour-small-duffel-v10.jpg,65.00,58.50,10,9bcb1729-926d-4462-b949-57f991e08673,https://www.protennis.fr/59836-sac-de-tennis-wilson-blade-super-tour-small-duffel-v10.html,active,true,,2026-09-22T18:20:38.402Z,2026-09-25T04:01:53.686Z,38483f71-db95-4829-9d3c-bcb95c7445ac,
813466f0-6cda-4bd1-b641-9923885721e0,Sac de tennis Head Tour Racquet Bag XL Gris Bleu 2024,Head,accessoires,https://www.protennis.fr/30561-marketing_default/head-tour-racquet-bag-xl-gris-bleu-2024.jpg,130.00,65.00,50,9bcb1729-926d-4462-b949-57f991e08673,https://www.protennis.fr/57629-head-tour-racquet-bag-xl-gris-bleu-2024.html,active,true,,2026-09-22T18:20:41.069Z,2026-09-25T04:01:54.491Z,bbd155bf-9f54-43f8-a5e2-a192051f550c,Gris Bleu
818d1759-0118-4451-8ce4-a3f240122fc3,Chaussures de tennis Asics Gel Game Enfant White,Asics,chaussures,https://www.protennis.fr/50815-marketing_default/chaussures-de-tennis-asics-gel-game-enfant-white.jpg,70.00,56.00,20,9bcb1729-926d-4462-b949-57f991e08673,https://www.protennis.fr/60069-chaussures-de-tennis-asics-gel-game-enfant-white.html,active,true,,2026-09-22T18:20:04.631Z,2026-09-25T04:01:42.942Z,ee95559b-1ee3-4f56-b3cd-956160ee1cdd,Blanc
8228bac0-9d8a-4b3d-b17a-7d3e86a25f5d,Balles de tennis Babolat Team Carton de 30 Tubes de 3 Balles,Babolat,accessoires,https://www.protennis.fr/38534-marketing_default/babolat-team-carton-de-30-tubes-de-3-balles.jpg,225.00,190.50,15,9bcb1729-926d-4462-b949-57f991e08673,https://www.protennis.fr/29778-babolat-team-carton-de-30-tubes-de-3-balles.html,active,true,,2026-09-22T18:20:37.198Z,2026-09-25T04:01:53.328Z,b857f028-5f8d-494c-a63b-9b012a061c0e,
823af50b-3c31-4bf0-b832-a2d31b90b560,Raquette de tennis Head Speed Jr 26 2026,Head,raquettes,https://www.protennis.fr/45122-marketing_default/raquette-de-tennis-head-speed-jr-26-2026.jpg,120.00,84.00,30,9bcb1729-926d-4462-b949-57f991e08673,https://www.protennis.fr/59471-raquette-de-tennis-head-speed-jr-26-2026.html,active,true,,2026-09-22T18:19:51.887Z,2026-09-25T04:01:38.991Z,6f818c90-4480-4041-bb80-c0e30c45ef38,
826115d4-cdfa-4746-a435-80804daf28bb,Raquette de tennis Prince Beast 100 (280g) 2023,Prince,raquettes,https://www.protennis.fr/28709-marketing_default/prince-beast-100-280g-2023.jpg,220.00,118.80,46,9bcb1729-926d-4462-b949-57f991e08673,https://www.protennis.fr/57354-prince-beast-100-280g-2023.html,active,true,,2026-09-22T18:19:53.582Z,2026-09-25T04:01:39.534Z,64953d93-029f-499e-8578-d38e7834ceac,
82a7ec72-8762-47d1-bd77-7c89f8d08e1c,Chaussures de tennis Babolat SFX 4 Terre Battue Homme Noir Bleu,Babolat,chaussures,https://www.protennis.fr/49251-marketing_default/chaussures-de-tennis-babolat-sfx-4-terre-battue-homme-noir-bleu.jpg,120.00,59.00,51,9bcb1729-926d-4462-b949-57f991e08673,https://www.protennis.fr/59923-chaussures-de-tennis-babolat-sfx-4-terre-battue-homme-noir-bleu.html,active,true,,2026-09-22T18:20:06.572Z,2026-09-25T04:01:43.526Z,97d86f07-25e6-4a31-a75b-1dc812e292f1,Noir Bleu
82be6b95-9298-4bff-8763-0a22f536405b,Head Extreme MP 2022,Head,raquettes,https://www.protennis.fr/22196-marketing_default/head-extreme-mp-2022.jpg,250.00,175.00,30,9bcb1729-926d-4462-b949-57f991e08673,https://www.protennis.fr/56224-head-extreme-mp-2022.html,active,true,,2026-09-22T18:19:52.809Z,2026-09-25T04:01:39.279Z,8c772ec7-9203-439f-9f09-2acec6fd2b83,
830f370b-ebc1-4d90-b315-8d4287e327f0,Sac à dos Yonex Pro Cobalt Blue,Yonex,accessoires,https://www.protennis.fr/48484-marketing_default/sac-a-dos-yonex-pro-cobalt-blue.jpg,99.00,69.30,30,9bcb1729-926d-4462-b949-57f991e08673,https://www.protennis.fr/59440-sac-a-dos-yonex-pro-cobalt-blue.html,active,true,,2026-09-22T18:20:41.986Z,2026-09-25T04:01:54.732Z,a97b67a2-a4fb-4363-ba8c-b7a3cd79726b,Bleu
8339f1ba-82af-41a6-9b13-c5ce33b87d97,Chaussures de tennis Wilson Intrigue Pro Femme White Cameo,Wilson,chaussures,https://www.protennis.fr/48649-marketing_default/chaussures-de-tennis-wilson-intrigue-pro-femme-white-cameo.jpg,130.00,78.00,40,9bcb1729-926d-4462-b949-57f991e08673,https://www.protennis.fr/59860-chaussures-de-tennis-wilson-intrigue-pro-femme-white-cameo.html,active,true,,2026-09-22T18:20:06.785Z,2026-09-25T04:01:43.602Z,d252f8df-365b-4d92-b547-f2ffdee06c3f,Blanc
8367e698-94ca-40ef-9daa-ae6ee21fde3a,Chaussures de tennis Asics Gel Resolution X Homme Terre Battue Night Energy,Asics,chaussures,https://www.protennis.fr/50390-marketing_default/chaussures-de-tennis-asics-gel-resolution-x-homme-terre-battue-night-energy.jpg,160.00,128.00,20,9bcb1729-926d-4462-b949-57f991e08673,https://www.protennis.fr/60028-chaussures-de-tennis-asics-gel-resolution-x-homme-terre-battue-night-energy.html,active,true,,2026-09-22T18:20:05.353Z,2026-09-25T04:01:43.157Z,9b4629fa-8878-4163-bdfe-fa6a2db12a00,
83dbbd25-1129-441a-9ccc-d37d09b23534,Raquette de tennis Babolat Pure Drive 98 Gen11,Babolat,raquettes,https://www.protennis.fr/36387-marketing_default/raquette-de-tennis-babolat-pure-drive-98-gen11.jpg,300.00,210.00,30,9bcb1729-926d-4462-b949-57f991e08673,https://www.protennis.fr/58400-raquette-de-tennis-babolat-pure-drive-98-gen11.html,active,true,,2026-09-22T18:19:48.864Z,2026-09-25T04:01:38.038Z,87928ffd-dea6-425c-95be-2a309d7af495,
84089d76-2f91-45b2-9d9d-dd6b4652eb89,Chaussures de tennis Wilson Rush Pro L Enfant Blue Or,Wilson,chaussures,https://www.protennis.fr/48580-marketing_default/chaussures-de-tennis-wilson-rush-pro-l-enfant-blue-or.jpg,70.00,42.00,40,9bcb1729-926d-4462-b949-57f991e08673,https://www.protennis.fr/59809-chaussures-de-tennis-wilson-rush-pro-l-enfant-blue-or.html,active,true,,2026-09-22T18:20:06.999Z,2026-09-25T04:01:43.678Z,e4444240-ea65-4f4e-bdfe-2ca24f58aeef,Bleu
84242ffc-acd5-4ad9-aac3-20a1de6f0805,Jupe Femme Adidas Y3 Noir,Adidas,textile,https://www.protennis.fr/42721-marketing_default/jupe-femme-adidas-y3-noir.jpg,70.00,42.00,40,9bcb1729-926d-4462-b949-57f991e08673,https://www.protennis.fr/59127-jupe-femme-adidas-y3-noir.html,active,true,,2026-09-22T18:20:19.664Z,2026-09-25T04:01:47.641Z,11b19f6f-7797-4e75-91c1-e91846315274,Noir
845cf3dc-370f-4781-a6b8-3ebb4aea8ab1,Chaussures de tennis Head Revolt Pro 5.0 Homme Blanc Marine,Head,chaussures,https://www.protennis.fr/50054-marketing_default/chaussures-de-tennis-head-revolt-pro-50-homme-blanc-marine.jpg,160.00,79.00,51,9bcb1729-926d-4462-b949-57f991e08673,https://www.protennis.fr/59994-chaussures-de-tennis-head-revolt-pro-50-homme-blanc-marine.html,active,true,,2026-09-22T18:20:05.839Z,2026-09-25T04:01:43.305Z,d4006fd3-80cb-4ff5-b821-18a4a13fb112,Blanc Marine
845d7946-45b2-4dce-8498-bfc1f2f99970,Raquette de tennis Babolat Boost Aero,Babolat,raquettes,https://www.protennis.fr/46529-marketing_default/raquette-de-tennis-babolat-boost-aero.jpg,110.00,77.00,30,9bcb1729-926d-4462-b949-57f991e08673,https://www.protennis.fr/59626-raquette-de-tennis-babolat-boost-aero.html,active,true,,2026-09-22T18:19:47.484Z,2026-09-25T04:01:37.539Z,135d6f0d-7a8e-44f0-bcfa-1f0dabe7c0eb,
847a2013-81a6-4b50-8931-af39add35a19,Raquette de tennis Babolat Pure Drive Jr 26 Gen11 Lighter blue,Babolat,raquettes,https://www.protennis.fr/36351-marketing_default/raquette-de-tennis-babolat-pure-drive-jr-26-gen11-lighter-blue.jpg,120.00,84.00,30,9bcb1729-926d-4462-b949-57f991e08673,https://www.protennis.fr/58393-raquette-de-tennis-babolat-pure-drive-jr-26-gen11-lighter-blue.html,active,true,,2026-09-22T18:19:49.382Z,2026-09-25T04:01:38.206Z,b3347c5b-88da-4771-8209-3c11864a3dea,Bleu
84c03d49-c1f1-4b28-951f-6589e6306c8e,Chaussures de tennis Asics Solution Speed FF 3 Femme Vieux rose PE25,Asics,chaussures,https://www.protennis.fr/35724-marketing_default/chaussures-de-tennis-asics-solution-speed-ff-3-femme-vieux-rose-pe25.jpg,150.00,90.00,40,9bcb1729-926d-4462-b949-57f991e08673,https://www.protennis.fr/58251-chaussures-de-tennis-asics-solution-speed-ff-3-femme-vieux-rose-pe25.html,active,true,,2026-09-22T18:20:16.819Z,2026-09-25T04:01:46.439Z,e8770859-367c-4de5-9c6d-a2f25df70547,Rose
84e6ef3b-502c-4b2b-aa38-70d4a4b24045,Antivibrateur de tennis Tecnifibre Flame ID,Tecnifibre,accessoires,https://www.protennis.fr/40997-marketing_default/antivibrateur-de-tennis-tecnifibre-flame-id.jpg,6.50,4.55,30,9bcb1729-926d-4462-b949-57f991e08673,https://www.protennis.fr/58974-antivibrateur-de-tennis-tecnifibre-flame-id.html,active,true,,2026-09-22T18:20:35.842Z,2026-09-25T04:01:52.856Z,452832b4-bbfd-4547-92ff-0a1d281058c6,
84f07233-799b-4d20-951a-79f2648a57c2,Sac de tennis Prince Tour 1 Comp Noir Rose,Prince,accessoires,https://www.protennis.fr/40171-marketing_default/sac-de-tennis-prince-tour-1-comp-noir-rose.jpg,55.95,39.17,30,9bcb1729-926d-4462-b949-57f991e08673,https://www.protennis.fr/58851-sac-de-tennis-prince-tour-1-comp-noir-rose.html,active,true,,2026-09-22T18:20:42.575Z,2026-09-25T04:01:54.898Z,51b339bb-b202-4c00-a2d4-41b7d25f3f66,Noir Rose
856883ea-dcf4-4bcc-8dc1-7550603c22bf,Sac de tennis Prince x Smiley Tour 2 Comp Noir jaune,Prince,accessoires,https://www.protennis.fr/43848-marketing_default/sac-de-tennis-prince-x-smiley-tour-2-comp-noir-jaune.jpg,99.95,69.97,30,9bcb1729-926d-4462-b949-57f991e08673,https://www.protennis.fr/59334-sac-de-tennis-prince-x-smiley-tour-2-comp-noir-jaune.html,active,true,,2026-09-22T18:20:39.401Z,2026-09-25T04:01:53.996Z,b2c83c64-fec3-48d5-af4d-bc74762ccacb,Noir Jaune
85d8b3b3-1192-4acf-89ca-b2cb1d6cde40,Raquette de tennis Prince TwistPower X 100 290g Right,Prince,raquettes,https://www.protennis.fr/18527-marketing_default/prince-twistpower-x-100-290g.jpg,250.00,150.00,40,9bcb1729-926d-4462-b949-57f991e08673,https://www.protennis.fr/55185-prince-twistpower-x-100-290g.html,active,true,,2026-09-22T18:19:54.038Z,2026-09-25T04:01:39.677Z,5a7ca4c5-dac8-4072-9f47-9f89d2168a73,
85ff6072-4cd4-4eda-8213-881a953a8f0c,Short de tennis EA7 Short Ventus7 Homme Marine PE24,EA7,textile,https://www.protennis.fr/30682-marketing_default/ea7-short-ventus7-homme-marine-pe24.jpg,95.00,47.50,50,9bcb1729-926d-4462-b949-57f991e08673,https://www.protennis.fr/57651-ea7-short-ventus7-homme-marine-pe24.html,active,true,,2026-09-22T18:20:23.223Z,2026-09-25T04:01:49.037Z,aae7a507-0c87-444c-951c-4618fc21ac8d,Marine
8622ecc5-5f47-4350-b8f4-3ef3ba5f2250,Cordage de tennis Babolat Addixion + 130 garniture,Babolat,cordages,https://www.protennis.fr/34076-marketing_default/cordage-de-tennis-babolat-addixion-130-garniture.jpg,15.95,11.17,30,9bcb1729-926d-4462-b949-57f991e08673,https://www.protennis.fr/58096-cordage-de-tennis-babolat-addixion-130-garniture.html,active,true,,2026-09-22T18:19:59.670Z,2026-09-25T04:01:41.361Z,16707b3e-f2ac-45b1-a55a-67f85a9ba939,
862c37e6-2458-40c4-84f4-caf475c635e8,Sac à dos Head Tour Backpack 25L Vert Fluo,Head,accessoires,https://www.protennis.fr/37186-marketing_default/sac-a-dos-head-tour-backpack-25l-vert-fluo.jpg,80.00,45.00,44,9bcb1729-926d-4462-b949-57f991e08673,https://www.protennis.fr/58476-sac-a-dos-head-tour-backpack-25l-vert-fluo.html,active,true,,2026-09-22T18:20:42.831Z,2026-09-25T04:01:54.976Z,93cab7a8-7999-497e-8546-321a1fb610cb,Vert
8641be8b-882e-4aa0-b234-a03ae16f7a88,Chaussures de tennis Nike Air Zoom Vapor 12 Femme Jaune,Nike,chaussures,https://www.protennis.fr/45868-marketing_default/chaussures-de-tennis-nike-air-zoom-vapor-12-femme-jaune.jpg,160.00,96.00,40,9bcb1729-926d-4462-b949-57f991e08673,https://www.protennis.fr/59568-chaussures-de-tennis-nike-air-zoom-vapor-12-femme-jaune.html,active,true,,2026-09-22T18:20:07.989Z,2026-09-25T04:01:43.952Z,e4654a22-90b3-48ca-81b4-4a8b3a2cc620,Jaune
86f1143b-9fc9-4e14-a86b-ab77ee87a3eb,Cordage de tennis BABOLAT XCEL 130 BOBINE 200m,Babolat,cordages,https://www.protennis.fr/15905-marketing_default/babolat-xcel-130-bobine-200m.jpg,320.00,224.00,30,9bcb1729-926d-4462-b949-57f991e08673,https://www.protennis.fr/14896-babolat-xcel-130-bobine-200m.html,active,true,,2026-09-22T18:20:03.591Z,2026-09-25T04:01:42.639Z,cd046a08-a1e7-4d4b-ae80-bd50ced7da6e,
86ff22a8-0024-4dd2-a8a2-fc0d9b103226,Chaussures de tennis Babolat Propulse Fury 3 Homme Blanc Bleu Rouge,Babolat,chaussures,https://www.protennis.fr/43454-marketing_default/chaussures-de-tennis-babolat-propulse-fury-3-homme-blanc-bleu-rouge.jpg,150.00,90.00,40,9bcb1729-926d-4462-b949-57f991e08673,https://www.protennis.fr/57299-chaussures-de-tennis-babolat-propulse-fury-3-homme-blanc-bleu-rouge.html,active,true,,2026-09-22T18:20:12.273Z,2026-09-25T04:01:45.198Z,c1fa330f-135a-4335-9efd-f4358f958d52,Blanc Bleu Rouge
87474564-ddb1-4749-b960-1cd7b968ecae,Sac de tennis Tecnifibre Tour Endurance Blanc 15 Raquettes 2025,Tecnifibre,accessoires,https://www.protennis.fr/35959-marketing_default/sac-de-tennis-tecnifibre-tour-endurance-blanc-15-raquettes-2025.jpg,130.00,91.00,30,9bcb1729-926d-4462-b949-57f991e08673,https://www.protennis.fr/58349-sac-de-tennis-tecnifibre-tour-endurance-blanc-15-raquettes-2025.html,active,true,,2026-09-22T18:20:40.551Z,2026-09-25T04:01:54.370Z,1ae52724-cc0f-447a-8286-3c96624e1c42,Blanc
876e6755-f4c6-49bf-8924-a7658329e6c2,T-Shirt de tennis Adidas Graphique Clay Is Not Homme White,Adidas,textile,https://www.protennis.fr/49067-marketing_default/t-shirt-de-tennis-adidas-graphique-clay-is-not-homme-white.jpg,35.00,21.00,40,9bcb1729-926d-4462-b949-57f991e08673,https://www.protennis.fr/59898-t-shirt-de-tennis-adidas-graphique-clay-is-not-homme-white.html,active,true,,2026-09-22T18:20:18.869Z,2026-09-25T04:01:47.410Z,43db071f-7244-4745-ae17-5ca635ae221f,Blanc
87d3fa8f-12d6-4eb5-8b97-7641648a7b1a,Sac de tennis 3 Raquettes Head Tour Racquet Bag S Bleu Canard,Head,accessoires,https://www.protennis.fr/45537-marketing_default/sac-de-tennis-3-raquettes-head-tour-racquet-bag-s-bleu-canard.jpg,80.00,56.00,30,9bcb1729-926d-4462-b949-57f991e08673,https://www.protennis.fr/59510-sac-de-tennis-3-raquettes-head-tour-racquet-bag-s-bleu-canard.html,active,true,,2026-09-22T18:20:39.099Z,2026-09-25T04:01:53.897Z,2efa5171-1497-42d6-87c2-a6910919b316,Bleu
87f90632-483c-42ed-ae8c-2a1c7c4ccad2,Chaussures de tennis Asics Solution Speed FF 4 Homme Blanc sakura,Asics,chaussures,https://www.protennis.fr/44825-marketing_default/chaussures-de-tennis-asics-solution-speed-ff-4-homme-blanc-sakura.jpg,160.00,96.00,40,9bcb1729-926d-4462-b949-57f991e08673,https://www.protennis.fr/59425-chaussures-de-tennis-asics-solution-speed-ff-4-homme-blanc-sakura.html,active,true,,2026-09-22T18:20:08.516Z,2026-09-25T04:01:44.119Z,796b0b95-275f-48f7-bdd4-430129bb9f31,Blanc
87fbdaf7-e8e1-400b-a057-667a73ea5352,Casquette Adidas Y3 Gris,Adidas,textile,https://www.protennis.fr/42538-marketing_default/casquette-adidas-y3-gris.jpg,40.00,24.00,40,9bcb1729-926d-4462-b949-57f991e08673,https://www.protennis.fr/59118-casquette-adidas-y3-gris.html,active,true,,2026-09-22T18:20:20.072Z,2026-09-25T04:01:47.760Z,208a3004-d312-4bfc-a0f6-73eef92c6638,Gris
88022f19-cb2a-435e-b0a0-8c2b2d7751bb,Sac de tennis Tecnifibre Tour Endurance 12 Raquettes Beige,Tecnifibre,accessoires,https://www.protennis.fr/41776-marketing_default/sac-de-tennis-tecnifibre-tour-endurance-12-raquettes-beige.jpg,110.00,77.00,30,9bcb1729-926d-4462-b949-57f991e08673,https://www.protennis.fr/59071-sac-de-tennis-tecnifibre-tour-endurance-12-raquettes-beige.html,active,true,,2026-09-22T18:20:39.938Z,2026-09-25T04:01:54.173Z,679a4dfe-fe81-4ec4-92fc-aba6b53031ff,Beige
8829f62a-b561-48f1-8193-91268f3ff8c6,Chaussures de tennis Nike Vapor Pro 3 Homme Noir,Nike,chaussures,https://www.protennis.fr/43128-marketing_default/chaussures-de-tennis-nike-vapor-pro-3-homme-noir.jpg,130.00,78.00,40,9bcb1729-926d-4462-b949-57f991e08673,https://www.protennis.fr/59238-chaussures-de-tennis-nike-vapor-pro-3-homme-noir.html,active,true,,2026-09-22T18:20:14.110Z,2026-09-25T04:01:45.711Z,6ff983c4-9215-40cc-aa13-855d887f402a,Noir
88846868-f432-4248-9f0b-fbfa69d3eab7,Raquette de tennis Babolat Pure Drive Jr 25 Gen11 Lighter blue,Babolat,raquettes,https://www.protennis.fr/36335-marketing_default/raquette-de-tennis-babolat-pure-drive-jr-25-gen11-lighter-blue.jpg,120.00,84.00,30,9bcb1729-926d-4462-b949-57f991e08673,https://www.protennis.fr/58391-raquette-de-tennis-babolat-pure-drive-jr-25-gen11-lighter-blue.html,active,true,,2026-09-22T18:19:49.147Z,2026-09-25T04:01:38.128Z,c62f99a4-689e-45c0-a05b-6b66596bbc30,Bleu
889e0abc-25f4-43dc-b8b0-a2dcfeb8627d,T-shirt de tennis Nike Homme Coton Heritage Motif Animal Blanc,Nike,textile,https://www.protennis.fr/41549-marketing_default/t-shirt-nike-homme-coton-heritage-motif-animal-blanc.jpg,35.00,21.00,40,9bcb1729-926d-4462-b949-57f991e08673,https://www.protennis.fr/59026-t-shirt-nike-homme-coton-heritage-motif-animal-blanc.html,active,true,,2026-09-22T18:20:31.165Z,2026-09-25T04:01:51.461Z,391dbfcf-e227-44a7-b77f-9f67514acca5,Blanc
89694d99-cffc-472b-9262-eedf3f654448,Raquette de tennis Tecnifibre Tempo 298 Iga Swiatek,Tecnifibre,raquettes,https://www.protennis.fr/50366-marketing_default/raquette-de-tennis-tecnifibre-tempo-298-iga-swiatek.jpg,229.99,160.99,30,9bcb1729-926d-4462-b949-57f991e08673,https://www.protennis.fr/60026-raquette-de-tennis-tecnifibre-tempo-298-iga-swiatek.html,active,true,,2026-09-22T18:19:54.576Z,2026-09-25T04:01:39.834Z,ff05faf0-623e-4b34-933b-dadfc93e260e,
899c8a4b-4f57-4b8d-8666-19795bf22349,Chaussures de tennis Babolat Propulse Fury 3 Homme Gris,Babolat,chaussures,https://www.protennis.fr/38520-marketing_default/chaussures-de-tennis-babolat-propulse-fury-3-homme-gris.jpg,150.00,90.00,40,9bcb1729-926d-4462-b949-57f991e08673,https://www.protennis.fr/58660-chaussures-de-tennis-babolat-propulse-fury-3-homme-gris.html,active,true,,2026-09-22T18:20:10.858Z,2026-09-25T04:01:44.822Z,5a9782cc-3bed-44e9-834d-bba3fc17616d,Gris
89de776f-8c29-48c9-b0ef-aa13c9eded7a,Balles de tennis BI-PACK TECNIFIBRE X-ONE,Tecnifibre,accessoires,https://www.protennis.fr/38442-marketing_default/bi-pack-tecnifibre-x-one.jpg,19.00,17.20,9,9bcb1729-926d-4462-b949-57f991e08673,https://www.protennis.fr/19974-bi-pack-tecnifibre-x-one.html,active,true,,2026-09-22T18:20:37.275Z,2026-09-25T04:01:53.351Z,09558c43-97c2-416c-99ab-da44cee66734,
8a0ca076-4a9b-4b0e-a93a-52404fbc52a9,Surgrip de tennis Babolat VS Original Noir x3,Babolat,accessoires,https://www.protennis.fr/38380-marketing_default/surgrip-de-tennis-babolat-vs-original-noir-x3.jpg,9.00,6.30,30,9bcb1729-926d-4462-b949-57f991e08673,https://www.protennis.fr/58646-surgrip-de-tennis-babolat-vs-original-noir-x3.html,active,true,,2026-09-22T18:20:33.820Z,2026-09-25T04:01:52.300Z,a6dafb36-95e4-4f6b-bbdd-2d0994a9f3f9,Noir
8a7902bc-5e5c-4712-916f-9249cb17f340,Polo de tennis BABOLAT GIRL MATCH PERFORMANCE POLO GRIS FONCE,Babolat,textile,https://www.protennis.fr/3747-marketing_default/babolat-girl-match-performance-polo-gris-fonce.jpg,40.00,20.00,50,9bcb1729-926d-4462-b949-57f991e08673,https://www.protennis.fr/35085-babolat-girl-match-performance-polo-gris-fonce.html,active,true,,2026-09-22T18:20:23.119Z,2026-09-25T04:01:49.003Z,15522502-ead4-44a1-ae90-bca421439299,Gris
8a8bd6db-1a98-4d46-85ec-5cf8d93b772c,Sac de tennis Head Tour Racquet Bag S Extreme Vert,Head,accessoires,https://www.protennis.fr/50044-marketing_default/sac-de-tennis-head-tour-racquet-bag-s-extreme-vert-.jpg,80.00,72.00,10,9bcb1729-926d-4462-b949-57f991e08673,https://www.protennis.fr/59992-sac-de-tennis-head-tour-racquet-bag-s-extreme-vert-.html,active,true,,2026-09-22T18:20:37.663Z,2026-09-25T04:01:53.473Z,99790e29-854d-47fb-8c0b-3162b598ff96,Vert
8b039a79-32d1-4d40-a277-616ef5271e8a,Jupe de tennis Adidas Paris Match Jupe Femme Taupe PE23,Adidas,textile,https://www.protennis.fr/26172-marketing_default/adidas-paris-match-jupe-femme-pe23.jpg,65.00,32.50,50,9bcb1729-926d-4462-b949-57f991e08673,https://www.protennis.fr/56581-adidas-paris-match-jupe-femme-pe23.html,active,true,,2026-09-22T18:20:21.328Z,2026-09-25T04:01:48.395Z,c413516a-d1c7-41d1-bb77-03ab267d5dbd,
8b0c0649-5444-4e7a-8b22-e4fad96a34b2,Surgrip de tennis TECNIFIBRE PRO PLAYERS X3 BLANC,Tecnifibre,accessoires,https://www.protennis.fr/40770-marketing_default/tecnifibre-pro-player-s-x3-blanc.jpg,8.00,5.60,30,9bcb1729-926d-4462-b949-57f991e08673,https://www.protennis.fr/13178-tecnifibre-pro-player-s-x3-blanc.html,active,true,,2026-09-22T18:20:35.534Z,2026-09-25T04:01:52.769Z,0525dea6-126d-4b58-87c8-3be9e96a46bb,Blanc
8b0f8cb5-147c-483e-88db-0522e73fb038,Short de tennis Nike Multi Enfant Bleu Marine,Nike,textile,https://www.protennis.fr/47488-marketing_default/short-enfant-nike-multi-bleu-marine.jpg,22.99,13.79,40,9bcb1729-926d-4462-b949-57f991e08673,https://www.protennis.fr/59753-short-enfant-nike-multi-bleu-marine.html,active,true,,2026-09-22T18:20:27.957Z,2026-09-25T04:01:50.521Z,4852c950-4f9f-4c1e-ba76-ad5b83013a4a,Bleu Marine
8b2355ac-5bfc-4e4d-ab45-cd8919502cdf,Short de tennis Lacoste Enfant Marine,Lacoste,textile,https://www.protennis.fr/44452-marketing_default/short-de-tennis-lacoste-enfant-marine.jpg,45.00,27.00,40,9bcb1729-926d-4462-b949-57f991e08673,https://www.protennis.fr/59402-short-de-tennis-lacoste-enfant-marine.html,active,true,,2026-09-22T18:20:23.894Z,2026-09-25T04:01:49.264Z,553a9bcc-d5bd-414f-97c5-251a1998e45c,Marine
8b81fa41-687a-4e98-a60e-e4626a87d53f,Chaussures de tennis Mizuno Wave Enforce Court 2 CC Homme,Mizuno,chaussures,https://www.protennis.fr/50142-marketing_default/chaussures-de-tennis-mizuno-wave-enforce-court-2-cc-homme.jpg,110.00,93.50,15,9bcb1729-926d-4462-b949-57f991e08673,https://www.protennis.fr/60004-chaussures-de-tennis-mizuno-wave-enforce-court-2-cc-homme.html,active,true,,2026-09-22T18:20:05.658Z,2026-09-25T04:01:43.248Z,a9442ab0-6ffd-47ec-a244-bcb5b3151a40,
8bc92f29-d43f-45fe-9659-058ae2de8555,Débardeur de tennis femme Asics Match Graphic Debardeur Femme Marine AH22,Asics,textile,https://www.protennis.fr/23381-marketing_default/asics-match-graphic-debardeur-femme-ah22.jpg,55.00,27.50,50,9bcb1729-926d-4462-b949-57f991e08673,https://www.protennis.fr/56262-asics-match-graphic-debardeur-femme-ah22.html,active,true,,2026-09-22T18:20:23.017Z,2026-09-25T04:01:48.968Z,a9abdae7-b014-447c-bec3-8cf6ce35165e,Marine
8bd333dd-e96c-4cff-afba-b3cc372a768d,Sac à dos Babolat Pure Aero Gen9,Babolat,accessoires,https://www.protennis.fr/46386-marketing_default/sac-a-dos-babolat-pure-aero-gen9.jpg,90.00,72.00,20,9bcb1729-926d-4462-b949-57f991e08673,https://www.protennis.fr/59620-sac-a-dos-babolat-pure-aero-gen9.html,active,true,,2026-09-22T18:20:38.684Z,2026-09-25T04:01:53.763Z,03c90e02-e3a4-43b8-8088-07858a922332,
8be151d9-ec72-46b9-9e51-e12602404b19,Cordage de tennis HEAD RIP CONTROL 130 NATUREL GARNITURE,Head,cordages,https://www.protennis.fr/3026-marketing_default/head-rip-control-130-naturel-garniture.jpg,16.00,14.40,10,9bcb1729-926d-4462-b949-57f991e08673,https://www.protennis.fr/12565-head-rip-control-130-naturel-garniture.html,active,true,,2026-09-22T18:20:04.326Z,2026-09-25T04:01:42.871Z,33282145-12cd-4576-8d20-e7f360c50c69,
8c151f86-0204-4ede-b7e6-b260ed0819c5,Sac a dos Head Pro Backpack 28L Marine,Head,accessoires,https://www.protennis.fr/45454-marketing_default/sac-a-dos-head-pro-backpack-28l-marine.jpg,80.00,64.00,20,9bcb1729-926d-4462-b949-57f991e08673,https://www.protennis.fr/59501-sac-a-dos-head-pro-backpack-28l-marine.html,active,true,,2026-09-22T18:20:41.909Z,2026-09-25T04:01:54.711Z,ead9d783-0b3f-43ef-9876-de15b98db412,Marine
8c4aa908-916a-4dec-8a37-b90c7557fe8b,Jupe Nike Femme Flouncy Vert kaki,Nike,textile,https://www.protennis.fr/42939-marketing_default/jupe-nike-femme-flouncy-vert-kaki.jpg,50.00,30.00,40,9bcb1729-926d-4462-b949-57f991e08673,https://www.protennis.fr/59204-jupe-nike-femme-flouncy-vert-kaki.html,active,true,,2026-09-22T18:20:30.440Z,2026-09-25T04:01:51.229Z,1dddfbc5-70b0-4bff-b402-3b8275611ce2,Vert Kaki
8c5ca554-2725-44e0-a8d1-476459febe1e,Chaussures de tennis Asics Court FF 3 Homme Night Energy,Asics,chaussures,https://www.protennis.fr/50400-marketing_default/chaussures-de-tennis-asics-court-ff-3-homme-night-energy.jpg,190.00,152.00,20,9bcb1729-926d-4462-b949-57f991e08673,https://www.protennis.fr/60029-chaussures-de-tennis-asics-court-ff-3-homme-night-energy.html,active,true,,2026-09-22T18:20:05.329Z,2026-09-25T04:01:43.146Z,817b601f-9e5d-47db-9bc4-87659d1b7823,
8c6133dd-f60b-4563-886a-63f71c3a3e13,Chaussures de tennis Asics Court FF 3 Novak Homme Noir,Asics,chaussures,https://www.protennis.fr/40787-marketing_default/chaussures-de-tennis-asics-court-ff-3-novak-homme-noir.jpg,190.00,114.00,40,9bcb1729-926d-4462-b949-57f991e08673,https://www.protennis.fr/58949-chaussures-de-tennis-asics-court-ff-3-novak-homme-noir.html,active,true,,2026-09-22T18:20:14.736Z,2026-09-25T04:01:45.890Z,fde12555-9a69-4d1e-81bd-38ece1a3ebc3,Noir
8c6136dc-b91b-42b7-9037-d06e936b7bbb,Cordage de tennis HEAD RIP CONTROL 125 NATUREL GARNITURE,Head,cordages,https://www.protennis.fr/209-marketing_default/head-rip-control-125-naturel-garniture.jpg,16.00,14.40,10,9bcb1729-926d-4462-b949-57f991e08673,https://www.protennis.fr/46314-head-rip-control-125-naturel-garniture.html,active,true,,2026-09-22T18:20:01.543Z,2026-09-25T04:01:42.003Z,d7f05d99-2ee7-44fd-90ae-ee9e5973445c,
8cbff9b0-8301-415d-b179-bb074d2397a1,Raquette de tennis Tecnifibre T-Fight Tour 25 2025,Tecnifibre,raquettes,https://www.protennis.fr/41763-marketing_default/raquette-de-tennis-tecnifibre-t-fight-tour-25-2025.jpg,100.00,70.00,30,9bcb1729-926d-4462-b949-57f991e08673,https://www.protennis.fr/59072-raquette-de-tennis-tecnifibre-t-fight-tour-25-2025.html,active,true,,2026-09-22T18:19:55.014Z,2026-09-25T04:01:39.968Z,eb7bd372-f147-405b-826e-1b9267afff95,
8d40b10e-62d0-416c-a6e3-ae5e280c8e04,Chaussures de tennis Asics Court FF 3 Terre Battue Homme Noir Vert,Asics,chaussures,https://www.protennis.fr/47552-marketing_default/chaussures-de-tennis-asics-court-ff-3-terre-battue-homme-noir-vert.jpg,190.00,114.00,40,9bcb1729-926d-4462-b949-57f991e08673,https://www.protennis.fr/59782-chaussures-de-tennis-asics-court-ff-3-terre-battue-homme-noir-vert.html,active,true,,2026-09-22T18:20:07.604Z,2026-09-25T04:01:43.829Z,28f37fcc-2322-4ea8-b487-6d9175725df8,Noir Vert
8d4a8e9a-6541-402f-a31b-bfbb171053ff,Casquette de tennis Nike Advantage Club Kaki clair,Nike,textile,https://www.protennis.fr/47442-marketing_default/casquette-de-tennis-nike-advantage-club-kaki-clair.jpg,32.99,19.79,40,9bcb1729-926d-4462-b949-57f991e08673,https://www.protennis.fr/59738-casquette-de-tennis-nike-advantage-club-kaki-clair.html,active,true,,2026-09-22T18:20:28.456Z,2026-09-25T04:01:50.674Z,4db687ea-272e-4b83-a3a2-1ff4ff55738d,Kaki
8db24783-ef96-42e8-b97c-0c132dc35f58,"Short de tennis Nike DriFIT Advantage 6"" Homme Violet",Nike,textile,https://www.protennis.fr/41532-marketing_default/short-nike-drifit-advantage-6-homme-violet.jpg,60.00,36.00,40,9bcb1729-926d-4462-b949-57f991e08673,https://www.protennis.fr/59029-short-nike-drifit-advantage-6-homme-violet.html,active,true,,2026-09-22T18:20:30.724Z,2026-09-25T04:01:51.318Z,648613a7-b934-4c1c-a312-aec9b28a3267,Violet
8e0e7186-a05d-4278-a327-437555eebe59,Antivibrateur de tennis Wilson RF Dampener 2 Pack Black 2024,Wilson,accessoires,https://www.protennis.fr/32864-marketing_default/antivibrateur-de-tennis-wilson-rf-dampener-2-pack-black-2024.jpg,9.00,6.30,30,9bcb1729-926d-4462-b949-57f991e08673,https://www.protennis.fr/57952-antivibrateur-de-tennis-wilson-rf-dampener-2-pack-black-2024.html,active,true,,2026-09-22T18:20:34.179Z,2026-09-25T04:01:52.888Z,75a3637b-d33b-450c-aa10-242cb152ad05,Noir
8e3bfb6b-0311-4604-8980-1928cc59041b,Raquette de tennis Boom Pro 2026,Head,raquettes,https://www.protennis.fr/47216-marketing_default/raquette-de-tennis-boom-pro-2026.jpg,280.00,196.00,30,9bcb1729-926d-4462-b949-57f991e08673,https://www.protennis.fr/59695-raquette-de-tennis-boom-pro-2026.html,active,true,,2026-09-22T18:19:49.737Z,2026-09-25T04:01:38.334Z,a94a4bb7-26cf-43bb-9f83-77d301d57582,
8e58ea50-9cc9-486c-b425-a02784bb4f34,Chaussures de tennis Babolat Jet Tere 2 Femme Bleu Xenon AH24,Babolat,chaussures,https://www.protennis.fr/31216-marketing_default/chaussures-de-tennis-babolat-jet-tere-2-femme-bleu-xenon-ah24.jpg,110.00,55.00,50,9bcb1729-926d-4462-b949-57f991e08673,https://www.protennis.fr/57702-chaussures-de-tennis-babolat-jet-tere-2-femme-bleu-xenon-ah24.html,active,true,,2026-09-22T18:20:17.334Z,2026-09-25T04:01:46.598Z,6b8801f1-a437-44cf-9155-c636776d0003,Bleu
8e628b65-84bb-45a1-9cb5-3973ab395489,Raquette de tennis Tecnifibre Fire 305 S,Tecnifibre,raquettes,https://www.protennis.fr/47135-marketing_default/raquette-de-tennis-tecnifibre-fire-255-.jpg,260.00,182.00,30,9bcb1729-926d-4462-b949-57f991e08673,https://www.protennis.fr/59714-raquette-de-tennis-tecnifibre-fire-255-.html,active,true,,2026-09-22T18:19:54.283Z,2026-09-25T04:01:39.743Z,c361241d-cbe0-440c-ad25-cf1f64699a4a,
8e7f4ed1-8d7a-4964-aef4-70ef80551bc9,Short de tennis Asics Garçon Black,Asics,textile,https://www.protennis.fr/50915-marketing_default/short-de-tennis-asics-garcon-black.jpg,35.00,28.00,20,9bcb1729-926d-4462-b949-57f991e08673,https://www.protennis.fr/60079-short-de-tennis-asics-garcon-black.html,active,true,,2026-09-22T18:20:22.043Z,2026-09-25T04:01:48.671Z,36123049-a681-4acc-9941-79b2b74dc8d1,Noir
8e8065ac-c683-4200-8e07-c17a343795d0,Cordage de tennis TECNIFIBRE BLACK CODE 4S 125 BOBINE 200m,Tecnifibre,cordages,https://www.protennis.fr/20106-marketing_default/tecnifibre-black-code-4s-125-bobine-200m.jpg,180.00,126.00,30,9bcb1729-926d-4462-b949-57f991e08673,https://www.protennis.fr/35443-tecnifibre-black-code-4s-125-bobine-200m.html,active,true,,2026-09-22T18:20:02.332Z,2026-09-25T04:01:42.256Z,71f6c498-f822-4d49-9336-57188c63c02c,Noir
8e94dd3d-837f-40a8-b210-e849b84d47e7,Chaussures de tennis Adidas Avacourt Femme PE23,Adidas,chaussures,https://www.protennis.fr/26165-marketing_default/adidas-avacourt-femme-pe23.jpg,150.00,75.00,50,9bcb1729-926d-4462-b949-57f991e08673,https://www.protennis.fr/56585-adidas-avacourt-femme-pe23.html,active,true,,2026-09-22T18:20:17.845Z,2026-09-25T04:01:46.796Z,7c5d9d7f-e5cb-45ef-b1cb-98b6fa0fb839,
8ee8d611-e425-4d77-a6e2-7fd4901220de,Cordage de tennis HEAD REFLEX MLT 125 NATUREL BOBINE 200m,Head,cordages,https://www.protennis.fr/2075-marketing_default/head-reflex-mlt-125-naturel-bobine-200m.jpg,220.00,154.00,30,9bcb1729-926d-4462-b949-57f991e08673,https://www.protennis.fr/46318-head-reflex-mlt-125-naturel-bobine-200m.html,active,true,,2026-09-22T18:20:01.349Z,2026-09-25T04:01:41.960Z,c2008a41-3ff8-4f89-ad42-2916b1bf2a43,
8f1f2936-d322-484d-97c4-98afeb3e754e,Veste de tennis Nike Heritage Homme Bleu Hiver 2024,Nike,textile,https://www.protennis.fr/34631-marketing_default/veste-nike-heritage-homme-bleu-hiver-2024.jpg,85.00,42.50,50,9bcb1729-926d-4462-b949-57f991e08673,https://www.protennis.fr/58178-veste-nike-heritage-homme-bleu-hiver-2024.html,active,true,,2026-09-22T18:20:32.131Z,2026-09-25T04:01:51.738Z,d3059b04-0fee-40e6-aea7-712bdd64daa1,Bleu
8f68e6f7-84ca-41be-8dc4-9a08c9f3b963,Raquette de tennis Babolat Pure Drive Super Lite Gen11,Babolat,raquettes,https://www.protennis.fr/36359-marketing_default/raquette-de-tennis-babolat-pure-drive-super-lite-gen11.jpg,220.00,154.00,30,9bcb1729-926d-4462-b949-57f991e08673,https://www.protennis.fr/58394-raquette-de-tennis-babolat-pure-drive-super-lite-gen11.html,active,true,,2026-09-22T18:19:49.069Z,2026-09-25T04:01:38.106Z,7067c288-762e-4f0f-a878-b013c1ade6f3,
8f901516-1a1d-44b8-9ea3-9b88b89ec412,T-Shirt de tennis Adidas Club Tee Glor Enfant Blue,Adidas,textile,https://www.protennis.fr/49174-marketing_default/t-shirt-de-tennis-adidas-club-tee-glor-enfant-blue.jpg,25.00,15.00,40,9bcb1729-926d-4462-b949-57f991e08673,https://www.protennis.fr/59911-t-shirt-de-tennis-adidas-club-tee-glor-enfant-blue.html,active,true,,2026-09-22T18:20:18.515Z,2026-09-25T04:01:47.276Z,9979b108-3cb3-4241-8e83-4bff0e35baf5,Bleu
8fdb0026-66a8-40cb-b7f6-6f07d75fbd49,Chaussures de tennis Babolat Pulsion Kid Noir Multicolore,Babolat,chaussures,https://www.protennis.fr/43904-marketing_default/chaussures-de-tennis-babolat-pulsion-kid-noir-multicolore.jpg,50.00,30.00,40,9bcb1729-926d-4462-b949-57f991e08673,https://www.protennis.fr/59286-chaussures-de-tennis-babolat-pulsion-kid-noir-multicolore.html,active,true,,2026-09-22T18:20:09.295Z,2026-09-25T04:01:44.349Z,3c11c0a4-4138-48a9-a191-b03c92734967,Noir Multicolore
903c797d-a3cf-4551-93c9-75d4fa32ec2a,Sac à dos de tennis Head Tour Backpack 25L Parme,Head,accessoires,https://www.protennis.fr/45462-marketing_default/sac-a-dos-de-tennis-head-tour-backpack-25l-parme.jpg,80.00,56.00,30,9bcb1729-926d-4462-b949-57f991e08673,https://www.protennis.fr/59505-sac-a-dos-de-tennis-head-tour-backpack-25l-parme.html,active,true,,2026-09-22T18:20:39.245Z,2026-09-25T04:01:53.952Z,d976c380-10f5-4920-bce9-444b9510cb40,
90429ec4-de8c-4d23-86a7-e7d3bc8bf113,Cordage de tennis Luxilon Big Banger Original 130 Garniture,Luxilon,cordages,https://www.protennis.fr/4752-marketing_default/luxilon-big-banger-original-garniture.jpg,20.00,14.00,30,9bcb1729-926d-4462-b949-57f991e08673,https://www.protennis.fr/29929-luxilon-big-banger-original-garniture.html,active,true,,2026-09-22T18:20:02.947Z,2026-09-25T04:01:42.412Z,c78beeaa-5fdd-4f76-aca9-a4fdb9ebb5e1,
9055e8ee-023a-49b2-b37b-89775b59e495,Chaussures de tennis Nike Vapor Pro 3 Femme Vert clair,Nike,chaussures,https://www.protennis.fr/47637-marketing_default/chaussures-de-tennis-nike-vapor-pro-3-femme-vert-clair.jpg,129.99,77.99,40,9bcb1729-926d-4462-b949-57f991e08673,https://www.protennis.fr/59766-chaussures-de-tennis-nike-vapor-pro-3-femme-vert-clair.html,active,true,,2026-09-22T18:20:07.661Z,2026-09-25T04:01:43.840Z,8eb28eb3-bfe6-425e-ac38-072b4879c888,Vert
905d3201-9ba0-4140-b877-1461997fce27,Jupe de tennis Mizuno Mugen Flying Femme Blanc AH24,Mizuno,textile,https://www.protennis.fr/34382-marketing_default/jupe-mizuno-mugen-flying-femme-blanc-ah24.jpg,50.00,25.00,50,9bcb1729-926d-4462-b949-57f991e08673,https://www.protennis.fr/58113-jupe-mizuno-mugen-flying-femme-blanc-ah24.html,active,true,,2026-09-22T18:20:26.626Z,2026-09-25T04:01:50.107Z,24c2c295-dadb-4944-b97d-d2a31d481862,Blanc
9089ce72-04dc-4d14-beed-d1824e5829cf,Balles de tennis HEAD BIPACK PRO TUBE X4 BALLES,Head,accessoires,https://www.protennis.fr/23514-marketing_default/head-bipack-pro-tube-x4-balles.jpg,14.40,12.00,17,9bcb1729-926d-4462-b949-57f991e08673,https://www.protennis.fr/34395-head-bipack-pro-tube-x4-balles.html,active,true,,2026-09-22T18:20:37.503Z,2026-09-25T04:01:53.428Z,4cd3d271-812b-40f1-9737-3fff0b379f6b,
90da08be-0ffd-435a-83d0-a8f954e4a586,Chaussures de tennis Adidas Barricade 14 Femme Blanc Bleu,Adidas,chaussures,https://www.protennis.fr/48211-marketing_default/chaussures-de-tennis-adidas-barricade-14-femme-blanc-bleu.jpg,160.00,96.00,40,9bcb1729-926d-4462-b949-57f991e08673,https://www.protennis.fr/59816-chaussures-de-tennis-adidas-barricade-14-femme-blanc-bleu.html,active,true,,2026-09-22T18:20:06.925Z,2026-09-25T04:01:43.646Z,0fccf6c4-1d50-456c-bfdd-1f004e50a1ed,Blanc Bleu
911bb94f-7880-4b63-b234-619af04e878d,Chaussures de tennis Adidas Defiant Speed 2 Femme Blanc Silver orange,Adidas,chaussures,https://www.protennis.fr/45810-marketing_default/chaussures-de-tennis-adidas-defiant-speed-2-femme-blanc-silver-orange.jpg,120.00,72.00,40,9bcb1729-926d-4462-b949-57f991e08673,https://www.protennis.fr/59561-chaussures-de-tennis-adidas-defiant-speed-2-femme-blanc-silver-orange.html,active,true,,2026-09-22T18:20:08.092Z,2026-09-25T04:01:43.985Z,79ffdf7c-f8c7-4eb8-a88e-a3e74232fc89,Blanc Argent Orange
915afbf2-b480-471a-814c-d0757cd697f7,Cordage de tennis LUXILON SAVAGE NOIR 127 GARNITURE,Luxilon,cordages,https://www.protennis.fr/4911-marketing_default/luxilon-savage-noir-127-garniture.jpg,16.00,14.40,10,9bcb1729-926d-4462-b949-57f991e08673,https://www.protennis.fr/29932-luxilon-savage-noir-127-garniture.html,active,true,,2026-09-22T18:20:04.122Z,2026-09-25T04:01:42.805Z,388d0f94-ba63-45b0-a447-5d666dfc85a8,Noir
91760341-5e9e-42b2-9309-ab28730ef8b2,Jupe de tennis Adidas Match Pro Femme Legend Ink,Adidas,textile,https://www.protennis.fr/49063-marketing_default/jupe-de-tennis-adidas-match-pro-femme-legend-ink.jpg,65.00,39.00,40,9bcb1729-926d-4462-b949-57f991e08673,https://www.protennis.fr/59897-jupe-de-tennis-adidas-match-pro-femme-legend-ink.html,active,true,,2026-09-22T18:20:18.921Z,2026-09-25T04:01:47.420Z,d1753afb-45ad-4928-9552-5ed51f26ea13,
918c99f4-d3c8-4e27-9cea-1b46b09d809e,Chaussures de tennis Wilson Rush Pro 5 Homme White Bay Fiery,Wilson,chaussures,https://www.protennis.fr/48017-marketing_default/chaussures-de-tennis-wilson-rush-pro-5-homme-white-bay-fiery.jpg,160.00,96.00,40,9bcb1729-926d-4462-b949-57f991e08673,https://www.protennis.fr/59805-chaussures-de-tennis-wilson-rush-pro-5-homme-white-bay-fiery.html,active,true,,2026-09-22T18:20:07.287Z,2026-09-25T04:01:43.725Z,36097a9a-12f9-4f9c-958e-18203680272b,Blanc
91c685fe-7b0a-455b-83b8-282695cee018,Chaussures Asics Gel Resolution X Homme Terre battue Night And Mint,Asics,chaussures,https://www.protennis.fr/49545-marketing_default/chaussures-asics-gel-resolution-x-homme-terre-battue-night-and-mint.jpg,160.00,128.00,20,9bcb1729-926d-4462-b949-57f991e08673,https://www.protennis.fr/59959-chaussures-asics-gel-resolution-x-homme-terre-battue-night-and-mint.html,active,true,,2026-09-22T18:20:06.362Z,2026-09-25T04:01:43.477Z,bc6f5a08-0577-420a-a4f5-c0fd6a00fa84,
91e4a503-4251-4900-aefd-318c210dfe18,Surgrip de tennis HEAD XTREME SOFT ROUGE,Head,accessoires,https://www.protennis.fr/30489-marketing_default/head-xtreme-soft-rouge.jpg,7.00,4.90,30,9bcb1729-926d-4462-b949-57f991e08673,https://www.protennis.fr/56121-head-xtreme-soft-rouge.html,active,true,,2026-09-22T18:20:34.334Z,2026-09-25T04:01:52.448Z,913ab394-d579-46d3-9acb-7704fb43a007,Rouge
91ea0551-a2ae-4aa3-959b-302e83a6de59,Raquette de tennis Wilson RF 01 Future Lite 2025,Wilson,raquettes,https://www.protennis.fr/39608-marketing_default/raquette-de-tennis-wilson-rf-01-future-lite-2025.jpg,240.00,168.00,30,9bcb1729-926d-4462-b949-57f991e08673,https://www.protennis.fr/58835-raquette-de-tennis-wilson-rf-01-future-lite-2025.html,active,true,,2026-09-22T18:19:55.817Z,2026-09-25T04:01:40.160Z,9abd48f2-bc8f-4a7a-a2d0-35cd42e83b6f,
920958c2-7b7b-49ff-a602-fe61b21952d6,Sac de tennis Tecnifibre Tour Endurance Ultra Noir Duffel 2024,Tecnifibre,accessoires,https://www.protennis.fr/32016-marketing_default/tecnifibre-tour-endurance-ultra-noir-duffel-2024.jpg,75.00,52.50,30,9bcb1729-926d-4462-b949-57f991e08673,https://www.protennis.fr/57828-tecnifibre-tour-endurance-ultra-noir-duffel-2024.html,active,true,,2026-09-22T18:20:40.859Z,2026-09-25T04:01:54.458Z,b569872f-40af-48c5-9018-3f597930275f,Noir
922b35d0-1799-4355-813b-e6fe81ea4550,Short de tennis Mizuno Amplify 8 Homme Noir,Mizuno,textile,https://www.protennis.fr/40347-marketing_default/short-mizuno-amplify-8-homme-noir.jpg,55.00,33.00,40,9bcb1729-926d-4462-b949-57f991e08673,https://www.protennis.fr/58894-short-mizuno-amplify-8-homme-noir.html,active,true,,2026-09-22T18:20:26.421Z,2026-09-25T04:01:50.039Z,78545c9f-eb2d-4ae3-b156-fb140cbb65a4,Noir
9254f541-548c-48e4-9ffc-b634c2b9db02,Short de tennis Nike Court Slam Homme Vert,Nike,textile,https://www.protennis.fr/49418-marketing_default/short-de-tennis-nike-court-slam-homme-vert.jpg,89.99,62.99,30,9bcb1729-926d-4462-b949-57f991e08673,https://www.protennis.fr/59945-short-de-tennis-nike-court-slam-homme-vert.html,active,true,,2026-09-22T18:20:27.434Z,2026-09-25T04:01:50.352Z,e58de2e0-037f-4d82-a273-c79a2e27e819,Vert
925d0e9a-2c18-4e8c-a232-a294174e9c5a,Short de tennis Nike Victory 7 Homme Lime,Nike,textile,https://www.protennis.fr/46105-marketing_default/short-nike-victory-7-homme-lime.jpg,45.00,27.00,40,9bcb1729-926d-4462-b949-57f991e08673,https://www.protennis.fr/59591-short-nike-victory-7-homme-lime.html,active,true,,2026-09-22T18:20:29.426Z,2026-09-25T04:01:50.931Z,c9c5d837-07e7-4937-84da-1eb7f543b210,
92822159-385b-419a-837e-226241e5321d,Polo de tennis Adidas Pro Vert Trefle Homme,Adidas,textile,https://www.protennis.fr/42571-marketing_default/polo-homme-adidas-pro-vert-trefle.jpg,75.00,45.00,40,9bcb1729-926d-4462-b949-57f991e08673,https://www.protennis.fr/59148-polo-homme-adidas-pro-vert-trefle.html,active,true,,2026-09-22T18:20:19.361Z,2026-09-25T04:01:47.563Z,e7e8178d-d23e-49aa-9f64-dc27beca7e4d,Vert
928384bb-6c69-4843-94ab-c562297ffd8e,Surgrip de tennis Babolat Pro Tour 2.0 x12,Babolat,accessoires,https://www.protennis.fr/38358-marketing_default/surgrip-de-tennis-babolat-pro-tour-20-x12.jpg,33.95,23.77,30,9bcb1729-926d-4462-b949-57f991e08673,https://www.protennis.fr/58645-surgrip-de-tennis-babolat-pro-tour-20-x12.html,active,true,,2026-09-22T18:20:33.879Z,2026-09-25T04:01:52.311Z,cd827e21-3b38-4879-acf2-99779db8e366,
92d7f5e0-97b7-48c5-952f-e6c94f1d90d4,Chaussures de tennis Yonex Eclipsion 4 Homme Navy PE22,Yonex,chaussures,https://www.protennis.fr/21996-marketing_default/yonex-eclipsion-4-homme-pe22.jpg,170.00,79.00,54,9bcb1729-926d-4462-b949-57f991e08673,https://www.protennis.fr/56090-yonex-eclipsion-4-homme-pe22.html,active,true,,2026-09-22T18:20:17.899Z,2026-09-25T04:01:46.826Z,ba98429e-1cba-4097-9611-cef5a9509aac,
92e550a5-8650-4696-af26-6ed7c835a30f,Débardeur tennis femme Nike Drifit Graphic Debardeur Femme Noir Ete 2023,Nike,textile,https://www.protennis.fr/27223-marketing_default/nike-drifit-graphic-debardeur-femme-noir-ete-2023.jpg,35.00,17.50,50,9bcb1729-926d-4462-b949-57f991e08673,https://www.protennis.fr/56943-nike-drifit-graphic-debardeur-femme-noir-ete-2023.html,active,true,,2026-09-22T18:20:32.950Z,2026-09-25T04:01:52.011Z,34b20151-da30-4c69-8142-33ee894abfd9,Noir
92ec8811-1106-46da-ab80-1ad7aa47315d,Balles de tennis Tube de balles SLAZENGER,Slazenger,accessoires,https://www.protennis.fr/49378-marketing_default/slazenger.jpg,9.00,8.33,7,9bcb1729-926d-4462-b949-57f991e08673,https://www.protennis.fr/13188-slazenger.html,active,true,,2026-09-22T18:20:37.311Z,2026-09-25T04:01:53.362Z,0c0a5da1-b2e6-48d4-883e-357d2b024947,
9332dce1-f960-4936-b6e8-ac43a31426ac,Debardeur de tennis Nike Slam USO Femme Cramoisi,Nike,textile,https://www.protennis.fr/41619-marketing_default/debardeur-femme-nike-slam-uso-cramoisi.jpg,70.00,42.00,40,9bcb1729-926d-4462-b949-57f991e08673,https://www.protennis.fr/59009-debardeur-femme-nike-slam-uso-cramoisi.html,active,true,,2026-09-22T18:20:30.802Z,2026-09-25T04:01:51.340Z,b40abb26-f0fd-4fc7-95dd-3301f0cbd71f,
9334de39-0014-4c7a-b76f-a23391c2d1af,Sac de tennis Head Tour Duffle Bag L Palm Tree Crew,Head,accessoires,https://www.protennis.fr/41059-marketing_default/sac-de-tennis-head-tour-duffle-bag-l-palm-tree-crew.jpg,140.00,98.00,30,9bcb1729-926d-4462-b949-57f991e08673,https://www.protennis.fr/58986-sac-de-tennis-head-tour-duffle-bag-l-palm-tree-crew.html,active,true,,2026-09-22T18:20:40.020Z,2026-09-25T04:01:54.195Z,9f37687b-138c-458f-9aea-ad28289b1fcf,
937b725c-e2d1-4a57-bcfd-a193dfe12551,Balles de tennis DUNLOP FORT,Dunlop,accessoires,https://www.protennis.fr/40778-marketing_default/dunlop-fort.jpg,8.99,8.33,7,9bcb1729-926d-4462-b949-57f991e08673,https://www.protennis.fr/13183-dunlop-fort.html,active,true,,2026-09-22T18:20:37.353Z,2026-09-25T04:01:53.373Z,687f3c0f-9b02-4183-89c3-28db91aa9589,
93a550b2-8d6d-41cc-a51d-96b744a41de3,Raquette de Tennis Tecnifibre T-Fight 300 ID Bleu,Tecnifibre,raquettes,https://www.protennis.fr/41001-marketing_default/raquette-de-tennis-tecnifibre-t-fight-300-id-bleu.jpg,249.99,174.99,30,9bcb1729-926d-4462-b949-57f991e08673,https://www.protennis.fr/58976-raquette-de-tennis-tecnifibre-t-fight-300-id-bleu.html,active,true,,2026-09-22T18:19:54.601Z,2026-09-25T04:01:39.844Z,3b417c12-e0ad-4233-a005-8194bf528b09,Bleu
93ff8836-ac5a-4aea-b125-9b967fd13fb8,Cordage de tennis Tecnifibre Ice Code 125 Bobine 200m,Tecnifibre,cordages,https://www.protennis.fr/22128-marketing_default/tecnifibre-ice-code-125-bobine-200m.jpg,150.00,105.00,30,9bcb1729-926d-4462-b949-57f991e08673,https://www.protennis.fr/56202-tecnifibre-ice-code-125-bobine-200m.html,active,true,,2026-09-22T18:19:59.977Z,2026-09-25T04:01:41.466Z,5682c82f-1287-41f3-96b8-60010f1d1001,
944c65eb-ab9a-413a-b907-e64d584d28aa,Cordage de tennis Head Rip Control 130 Naturel Bobine 200m,Head,cordages,https://www.protennis.fr/35788-marketing_default/cordage-head-rip-control-130-naturel-bobine-200m.jpg,160.00,89.00,44,9bcb1729-926d-4462-b949-57f991e08673,https://www.protennis.fr/26042-cordage-head-rip-control-130-naturel-bobine-200m.html,active,true,,2026-09-22T18:20:03.356Z,2026-09-25T04:01:42.561Z,f774236a-6989-461a-a7d7-391c441b0d66,
9493d43c-0e1a-4a74-8529-52ae4715b79e,Raquette de tennis Pure Strike 98 18x20 Carbon,Babolat,raquettes,https://www.protennis.fr/41910-marketing_default/raquette-de-tennis-pure-strike-98-18x20-carbon.jpg,269.95,188.97,30,9bcb1729-926d-4462-b949-57f991e08673,https://www.protennis.fr/59089-raquette-de-tennis-pure-strike-98-18x20-carbon.html,active,true,,2026-09-22T18:19:47.791Z,2026-09-25T04:01:37.690Z,8a8261da-9e6f-479a-8ef9-891bc7dd97a6,
9519e769-17e8-4996-b0f4-9d8767e52a25,Chaussures de tennis Kswiss Hyper Court Supreme 2 Homme Bleu marine Blanc,K-swiss,chaussures,https://www.protennis.fr/38918-marketing_default/chaussures-de-tennis-kswiss-hyper-court-supreme-2-homme-bleu-marine-blanc.jpg,180.00,108.00,40,9bcb1729-926d-4462-b949-57f991e08673,https://www.protennis.fr/58722-chaussures-de-tennis-kswiss-hyper-court-supreme-2-homme-bleu-marine-blanc.html,active,true,,2026-09-22T18:20:10.754Z,2026-09-25T04:01:44.788Z,abaa35e1-ab7c-49ec-a730-76ca1b5d5701,Bleu Marine Blanc
951c4167-3692-4ba4-8215-36c020a696b4,T-Shirt de tennis Adidas Climacool Freelight Pro Homme Blue,Adidas,textile,https://www.protennis.fr/49197-marketing_default/t-shirt-de-tennis-adidas-climacool-freelight-pro-homme-blue.jpg,65.00,39.00,40,9bcb1729-926d-4462-b949-57f991e08673,https://www.protennis.fr/59916-t-shirt-de-tennis-adidas-climacool-freelight-pro-homme-blue.html,active,true,,2026-09-22T18:20:18.417Z,2026-09-25T04:01:47.239Z,09a47caf-108e-46f1-9430-044299ce2007,Bleu
956e7396-7309-49fa-8879-03a732d420db,Grip de Tennis Babolat Syntec Team Noir,Babolat,accessoires,https://www.protennis.fr/38349-marketing_default/grip-de-tennis-babolat-synthec-team-noir.jpg,7.95,5.57,30,9bcb1729-926d-4462-b949-57f991e08673,https://www.protennis.fr/58643-grip-de-tennis-babolat-synthec-team-noir.html,active,true,,2026-09-22T18:20:33.927Z,2026-09-25T04:01:52.334Z,998ac64e-2dd1-433f-81a7-6efccde1f9b4,Noir
95bef68a-a844-41d7-8e50-2394ca02f079,Manchon de tennis Floky No Strain Black x1,Floky,textile,https://www.protennis.fr/49356-marketing_default/manchon-de-tennis-floky-no-strain-black-x1.jpg,25.90,23.31,10,9bcb1729-926d-4462-b949-57f991e08673,https://www.protennis.fr/59938-manchon-de-tennis-floky-no-strain-black-x1.html,active,true,,2026-09-22T18:20:23.426Z,2026-09-25T04:01:49.104Z,e325d723-a276-4354-b617-8c2a4f0c1e4e,Noir
95ed700f-a039-4d82-b714-bc9021c580a4,Pantalon de tennis Nike Fleece Heritage Homme Bleu canard,Nike,textile,https://www.protennis.fr/41716-marketing_default/pantalon-homme-nike-fleece-heritage-bleu-canard-.jpg,85.00,51.00,40,9bcb1729-926d-4462-b949-57f991e08673,https://www.protennis.fr/59046-pantalon-homme-nike-fleece-heritage-bleu-canard-.html,active,true,,2026-09-22T18:20:30.594Z,2026-09-25T04:01:51.274Z,54368b45-b019-43f3-8e7f-25d3511661fb,Bleu
95f0881a-281f-49eb-bdd5-1a47787e9722,T-shirt de tennis Lacoste Gros Logo Homme Marine Blanc,Lacoste,textile,https://www.protennis.fr/44171-marketing_default/t-shirt-lacoste-gros-logo-homme-marine-blanc-ah24.jpg,70.00,42.00,40,9bcb1729-926d-4462-b949-57f991e08673,https://www.protennis.fr/58236-t-shirt-lacoste-gros-logo-homme-marine-blanc-ah24.html,active,true,,2026-09-22T18:20:23.963Z,2026-09-25T04:01:49.286Z,3c4e5385-4f30-4857-8704-f1344f7e4596,Marine Blanc
965bcc6b-2d40-41fc-8764-402fba736f97,Raquette de tennis Head Speed Team 2022,Head,raquettes,https://www.protennis.fr/21065-marketing_default/head-speed-team-2022.jpg,230.00,149.00,35,9bcb1729-926d-4462-b949-57f991e08673,https://www.protennis.fr/55880-head-speed-team-2022.html,active,true,,2026-09-22T18:19:51.809Z,2026-09-25T04:01:38.969Z,94ea6794-8dae-40e5-8f6a-84a15ed532e0,
9697a157-3bd7-4287-b9eb-a8e439cd044c,Manchon de tennis Floky No Strain Blue x1,Floky,textile,https://www.protennis.fr/49375-marketing_default/manchon-de-tennis-floky-no-strain-blue-x1.jpg,25.90,23.31,10,9bcb1729-926d-4462-b949-57f991e08673,https://www.protennis.fr/59941-manchon-de-tennis-floky-no-strain-blue-x1.html,active,true,,2026-09-22T18:20:23.349Z,2026-09-25T04:01:49.081Z,f1390b09-bfa2-4aa4-9a79-c180d7c72dca,Bleu
96c3de12-be89-41a7-a1c4-227b44c86a56,Raquette de tennis Babolat Pure Strike Lite,Babolat,raquettes,https://www.protennis.fr/15976-marketing_default/babolat-pure-strike-lite.jpg,210.00,105.00,50,9bcb1729-926d-4462-b949-57f991e08673,https://www.protennis.fr/54794-babolat-pure-strike-lite.html,active,true,,2026-09-22T10:32:43.090Z,2026-09-25T04:01:37.914Z,d0b374da-3d55-42f7-bf19-ad2055e53366,
96d39851-9a88-43ad-9791-7082e0a63847,Raquette de tennis Yonex Ezone 100 Espresso 2026,Yonex,raquettes,https://www.protennis.fr/50772-marketing_default/raquette-de-tennis-yonex-ezone-100-espresso-2026.jpg,299.00,239.20,20,9bcb1729-926d-4462-b949-57f991e08673,https://www.protennis.fr/60058-raquette-de-tennis-yonex-ezone-100-espresso-2026.html,active,true,,2026-09-22T18:19:58.263Z,2026-09-25T04:01:41.002Z,cdc59f38-7c53-4cee-92b8-2eddb988ab7d,
96f6e6a8-e64b-4189-a6ae-3242946784b6,T-shirt de tennis Nike Advantage Printed Striped Homme Marron,Nike,textile,https://www.protennis.fr/39778-marketing_default/t-shirt-nike-advantage-printed-striped-homme-marron.jpg,70.00,42.00,40,9bcb1729-926d-4462-b949-57f991e08673,https://www.protennis.fr/58780-t-shirt-nike-advantage-printed-striped-homme-marron.html,active,true,,2026-09-22T18:20:31.721Z,2026-09-25T04:01:51.604Z,47a607cc-9e97-4cff-93d4-97a9bfd7d4ec,Marron
970489a3-cc30-4eb8-9e6b-2bd39cdc144f,Surgrip de tennis WILSON PRO OVERGRIP PACK 30,Wilson,accessoires,https://www.protennis.fr/20067-marketing_default/wilson-pro-overgrip-pack-30.jpg,80.00,56.00,30,9bcb1729-926d-4462-b949-57f991e08673,https://www.protennis.fr/15690-wilson-pro-overgrip-pack-30.html,active,true,,2026-09-22T18:20:36.484Z,2026-09-25T04:01:53.099Z,4e88c8d1-e5c4-4a3d-b335-63908d5d1779,
97089595-dcce-4723-92b5-8093a0a33ca6,T-shirt de tennis Asics Fille White,Asics,textile,https://www.protennis.fr/50932-marketing_default/t-shirt-de-tennis-asics-fille-white.jpg,30.00,24.00,20,9bcb1729-926d-4462-b949-57f991e08673,https://www.protennis.fr/60082-t-shirt-de-tennis-asics-fille-white.html,active,true,,2026-09-22T18:20:21.939Z,2026-09-25T04:01:48.638Z,ba25860e-939a-4be9-a640-82bec8697be7,Blanc
975ab54d-ff56-4500-acfc-075831f6efd9,Short de tennis Nike Advantage Short 7 Homme Jaune fluo Automne 2024,Nike,textile,https://www.protennis.fr/33769-marketing_default/short-de-tennis-nike-advantage-short-7-homme-jaune-fluo-automne-2024.jpg,60.00,30.00,50,9bcb1729-926d-4462-b949-57f991e08673,https://www.protennis.fr/58041-short-de-tennis-nike-advantage-short-7-homme-jaune-fluo-automne-2024.html,active,true,,2026-09-22T18:20:32.394Z,2026-09-25T04:01:51.825Z,ca4c67c8-1d55-4715-baed-d3e2fb500412,Jaune
978dff71-e518-44c0-a938-e0082d5e17cf,Yonex Garniture Polytour Pro 125,Yonex,cordages,https://www.protennis.fr/7896-marketing_default/yonex-garniture-polytour-pro-125.jpg,10.00,9.00,10,9bcb1729-926d-4462-b949-57f991e08673,https://www.protennis.fr/53301-yonex-garniture-polytour-pro-125.html,active,true,,2026-09-22T18:20:03.923Z,2026-09-25T04:01:41.880Z,a75f22ff-3db8-45a4-bdef-67b6d287208a,
97b9e763-313b-4f19-ba87-1e273fc4d943,Debardeur de tennis Adidas Pro Preloved Femme Parme AH24,Adidas,textile,https://www.protennis.fr/33153-marketing_default/debardeur-adidas-pro-preloved-femme-parme-ah24.jpg,65.00,32.50,50,9bcb1729-926d-4462-b949-57f991e08673,https://www.protennis.fr/57970-debardeur-adidas-pro-preloved-femme-parme-ah24.html,active,true,,2026-09-22T18:20:20.713Z,2026-09-25T04:01:48.237Z,58682f9e-cb58-4a8e-8e44-0648ca6a36aa,
97e1cdb4-36b7-47a6-bf22-80b900209607,TECNIFIBRE RAZOR CODE 130 BLEU GARNITURE,Tecnifibre,cordages,https://www.protennis.fr/3770-marketing_default/tecnifibre-razor-code-130-bleu-garniture.jpg,18.00,12.60,30,9bcb1729-926d-4462-b949-57f991e08673,https://www.protennis.fr/30091-tecnifibre-razor-code-130-bleu-garniture.html,active,true,,2026-09-22T18:20:02.870Z,2026-09-25T04:01:42.388Z,ec2ae741-ae86-4a62-9be0-d0f06b61f6b2,Bleu
983d4910-8b69-496c-90d2-fa47a87b21f3,Raquette de tennis Prince Warrior White Edition 100 300g,Prince,raquettes,https://www.protennis.fr/42518-marketing_default/raquette-de-tennis-prince-warrior-white-edition-100-300g.jpg,169.95,99.00,42,9bcb1729-926d-4462-b949-57f991e08673,https://www.protennis.fr/59189-raquette-de-tennis-prince-warrior-white-edition-100-300g.html,active,true,,2026-09-22T10:32:41.875Z,2026-09-25T04:01:39.545Z,aa40fa87-4ac7-4fbf-aadb-a3929c66a9c1,Blanc
986fe3e9-10ec-43fe-9866-e9391331cf5b,Chaussures de tennis Asics Gel Resolution X Homme Vert fonce,Asics,chaussures,https://www.protennis.fr/39497-marketing_default/chaussures-de-tennis-asics-gel-resolution-x-homme-vert-fonce.jpg,160.00,96.00,40,9bcb1729-926d-4462-b949-57f991e08673,https://www.protennis.fr/58824-chaussures-de-tennis-asics-gel-resolution-x-homme-vert-fonce.html,active,true,,2026-09-22T18:20:15.797Z,2026-09-25T04:01:46.170Z,c644cbc4-95ef-4783-a988-b6aa23c6e4b7,Vert
98b0d50a-2816-4112-9b77-48b3e91e4ab3,Grip de Tennis Babolat Syntec Pro Blanc,Babolat,accessoires,https://www.protennis.fr/38340-marketing_default/grip-de-tennis-babolat-synthec-pro-blanc.jpg,8.95,6.27,30,9bcb1729-926d-4462-b949-57f991e08673,https://www.protennis.fr/58641-grip-de-tennis-babolat-synthec-pro-blanc.html,active,true,,2026-09-22T18:20:33.998Z,2026-09-25T04:01:52.356Z,6cd5221b-10b1-4260-a8fc-fc4e2ab8bdd9,Blanc
98d8b510-5378-47c2-ad88-05799d50ea09,Visiere Adidas Y3 Noir,Adidas,textile,https://www.protennis.fr/42525-marketing_default/visiere-adidas-y3-noir.jpg,40.00,24.00,40,9bcb1729-926d-4462-b949-57f991e08673,https://www.protennis.fr/59116-visiere-adidas-y3-noir.html,active,true,,2026-09-22T18:20:20.096Z,2026-09-25T04:01:47.773Z,6fd5215e-d6f6-4556-b1d3-34a4b889a515,Noir
98ea38c1-1b9e-4cba-af7d-d4dd297b119a,Chaussures de tennis Asics Solution Speed FF 3 Terre Battue Femme Vieux rose PE25,Asics,chaussures,https://www.protennis.fr/35717-marketing_default/chaussures-asics-solution-speed-ff-3-terre-battue-femme-vieux-rose-pe25.jpg,150.00,90.00,40,9bcb1729-926d-4462-b949-57f991e08673,https://www.protennis.fr/58250-chaussures-asics-solution-speed-ff-3-terre-battue-femme-vieux-rose-pe25.html,active,true,,2026-09-22T18:20:11.966Z,2026-09-25T04:01:45.119Z,c242922c-2c58-4109-86e1-ca33106c6c2e,Rose
991cb32c-7c9f-4534-840b-d79ec0505da5,Raquette de tennis Babolat Pure Aero 25 2023,Babolat,raquettes,https://www.protennis.fr/22443-marketing_default/babolat-pure-aero-25-2023.jpg,130.00,78.00,40,9bcb1729-926d-4462-b949-57f991e08673,https://www.protennis.fr/56306-babolat-pure-aero-25-2023.html,active,true,,2026-09-22T18:19:48.737Z,2026-09-25T04:01:38.003Z,1ecb1eb2-6a9e-48d3-b4bc-48fe4d654d2a,
993ad04a-eb4e-4a31-b1e6-b2c53b1753b2,Chaussures de tennis Nike Court Lite 4 Homme Blanc Bleu Hiver 2024,Nike,chaussures,https://www.protennis.fr/34968-marketing_default/-chaussures-de-tennis-nike-court-lite-4-homme-blanc-bleu-hiver-2024.jpg,75.00,37.50,50,9bcb1729-926d-4462-b949-57f991e08673,https://www.protennis.fr/58180--chaussures-de-tennis-nike-court-lite-4-homme-blanc-bleu-hiver-2024.html,active,true,,2026-09-22T18:20:16.904Z,2026-09-25T04:01:46.462Z,87b1e914-f4bb-4a60-b748-d54c1c0e9f33,Blanc Bleu
99881ca4-3f90-4672-a621-18df66b553d3,Surgrip de tennis WILSON PRO OVERGRIP PACK 12,Wilson,accessoires,https://www.protennis.fr/3353-marketing_default/wilson-pro-overgrip-pack-12.jpg,35.00,24.50,30,9bcb1729-926d-4462-b949-57f991e08673,https://www.protennis.fr/12722-wilson-pro-overgrip-pack-12.html,active,true,,2026-09-22T18:20:35.615Z,2026-09-25T04:01:52.790Z,8013291c-6ef9-4318-88d5-787b15d945cb,
9991f88f-935b-455c-bf52-6f31b71c6b00,Sac de tennis Wilson team 3 raquettes Marine rouge,Wilson,accessoires,https://www.protennis.fr/41738-marketing_default/sac-de-tennis-wilson-team-3-raquettes-marine-rouge.jpg,55.00,38.50,30,9bcb1729-926d-4462-b949-57f991e08673,https://www.protennis.fr/59068-sac-de-tennis-wilson-team-3-raquettes-marine-rouge.html,active,true,,2026-09-22T18:20:42.421Z,2026-09-25T04:01:54.853Z,68310f00-5bc2-47a3-9980-d0816028cd83,Marine Rouge
9999a5f2-4a7d-4943-83b8-f907ebfff79f,Chaussures de tennis Nike Vapor Lite 3 Enfant Blanc Noir,Nike,chaussures,https://www.protennis.fr/41438-marketing_default/chaussures-de-tennis-nike-vapor-lite-3-enfant-blanc-noir.jpg,85.00,51.00,40,9bcb1729-926d-4462-b949-57f991e08673,https://www.protennis.fr/59018-chaussures-de-tennis-nike-vapor-lite-3-enfant-blanc-noir.html,active,true,,2026-09-22T18:20:14.681Z,2026-09-25T04:01:45.879Z,7d76f0be-c374-46c8-a986-0017cf39e0c9,Blanc Noir
99ea2ba9-4bed-4518-bde6-2561894c76b6,Short Asics 7 Homme Performance Noir,Asics,textile,https://www.protennis.fr/42296-marketing_default/short-asics-7-homme-performance-noir.jpg,70.00,42.00,40,9bcb1729-926d-4462-b949-57f991e08673,https://www.protennis.fr/59183-short-asics-7-homme-performance-noir.html,active,true,,2026-09-22T18:20:22.427Z,2026-09-25T04:01:48.789Z,2ff84cfd-f8db-4b2e-9faf-bdbe4b08eb69,Noir
9a3965b0-1839-45cf-95ac-fb3d7a356ebc,Chaussures de tennis Wilson Rush Pro Ace OZ Homme Blanc bleu,Wilson,chaussures,https://www.protennis.fr/38007-marketing_default/chaussures-de-tennis-wilson-rush-pro-ace-oz-homme-blanc-bleu.jpg,120.00,72.00,40,9bcb1729-926d-4462-b949-57f991e08673,https://www.protennis.fr/58590-chaussures-de-tennis-wilson-rush-pro-ace-oz-homme-blanc-bleu.html,active,true,,2026-09-22T18:20:16.284Z,2026-09-25T04:01:46.327Z,576d7b9c-9626-4ed3-89b7-749ef4d81abc,Blanc Bleu
9a455740-627a-4591-8a46-f97004f6c1fe,T-shirt de tennis Lacoste Léger Stretch Homme Bleu marine,Lacoste,textile,https://www.protennis.fr/38654-marketing_default/t-shirt-de-tennis-lacoste-leger-stretch-homme-bleu-marine.jpg,65.00,39.00,40,9bcb1729-926d-4462-b949-57f991e08673,https://www.protennis.fr/58691-t-shirt-de-tennis-lacoste-leger-stretch-homme-bleu-marine.html,active,true,,2026-09-22T18:20:24.884Z,2026-09-25T04:01:49.578Z,7b632be0-f16a-40e8-8b98-5ce782a97e00,Bleu Marine
9a9a1670-2a59-41f4-9dbb-aa622ab44dda,T-Shirt de tennis Adidas Homme Maroon,Adidas,textile,https://www.protennis.fr/51003-marketing_default/t-shirt-de-tennis-adidas-homme-maroon.jpg,35.00,28.00,20,9bcb1729-926d-4462-b949-57f991e08673,https://www.protennis.fr/60093-t-shirt-de-tennis-adidas-homme-maroon.html,active,true,,2026-09-25T04:01:47.000Z,2026-09-25T04:01:47.000Z,27bcedf3-3065-45da-9866-36d27e318375,
9ac95613-4da3-409b-884c-e060f4b0e362,Short de tennis Adidas Ergo Homme Legend Ink,Adidas,textile,https://www.protennis.fr/49186-marketing_default/short-de-tennis-adidas-ergo-homme-legend-ink.jpg,55.00,33.00,40,9bcb1729-926d-4462-b949-57f991e08673,https://www.protennis.fr/59913-short-de-tennis-adidas-ergo-homme-legend-ink.html,active,true,,2026-09-22T18:20:18.441Z,2026-09-25T04:01:47.253Z,26b5bf50-f337-4769-bf18-c2a9a959646c,
9aec219d-b399-40a2-9026-6f017a186c59,T-shirt Homme Adidas Tennis Club Blanc Violet,Adidas,textile,https://www.protennis.fr/42408-marketing_default/t-shirt-homme-adidas-tennis-club-blanc-violet.jpg,35.00,21.00,40,9bcb1729-926d-4462-b949-57f991e08673,https://www.protennis.fr/59141-t-shirt-homme-adidas-tennis-club-blanc-violet.html,active,true,,2026-09-22T18:20:19.535Z,2026-09-25T04:01:47.596Z,632d07e1-388e-4308-9be9-781cb3f21b0d,Blanc Violet
9b065cd5-95ab-4a15-9ca4-8221b2f1b26e,Chaussures de tennis Asics Game FF Homme Noir indigo,Asics,chaussures,https://www.protennis.fr/40665-marketing_default/chaussures-de-tennis-asics-game-ff-homme-noir-indigo.jpg,90.00,54.00,40,9bcb1729-926d-4462-b949-57f991e08673,https://www.protennis.fr/58931-chaussures-de-tennis-asics-game-ff-homme-noir-indigo.html,active,true,,2026-09-22T18:20:15.391Z,2026-09-25T04:01:46.082Z,c9333f6c-7823-4d3d-ab11-51b782d776d5,Noir
9b642276-56c4-4d76-8564-7f701702a2e8,Antivibrateur de tennis Tecnifibre IG Tour Eiffel,Tecnifibre,accessoires,https://www.protennis.fr/48854-marketing_default/antivibrateur-de-tennis-tecnifibre-ig-tour-eiffel.jpg,6.50,5.85,10,9bcb1729-926d-4462-b949-57f991e08673,https://www.protennis.fr/59880-antivibrateur-de-tennis-tecnifibre-ig-tour-eiffel.html,active,true,,2026-09-22T18:20:33.462Z,2026-09-25T04:01:52.178Z,d476f97c-155b-4562-afd7-351c0e388dea,
9b6d5fa7-15f1-4ba5-a09c-86d31b921bfe,Sac de tennis Wilson Roland Garros 2026 6 raquettes Team Clay,Wilson,accessoires,https://www.protennis.fr/48886-marketing_default/sac-de-tennis-wilson-roland-garros-2026-6-raquettes-team-clay.jpg,75.00,52.50,30,9bcb1729-926d-4462-b949-57f991e08673,https://www.protennis.fr/59884-sac-de-tennis-wilson-roland-garros-2026-6-raquettes-team-clay.html,active,true,,2026-09-22T18:20:38.274Z,2026-09-25T04:01:53.642Z,a4febf22-6bec-4c32-835f-e8c22306dc6d,
9b85e5c6-3d30-41b7-a67c-afde7c8b4ea0,Sac de tennis 12 Raquettes Wilson US Open Tour Navy,Wilson,accessoires,https://www.protennis.fr/43291-marketing_default/sac-de-tennis-12-raquettes-wilson-us-open-tour-navy.jpg,115.00,80.50,30,9bcb1729-926d-4462-b949-57f991e08673,https://www.protennis.fr/59254-sac-de-tennis-12-raquettes-wilson-us-open-tour-navy.html,active,true,,2026-09-22T18:20:42.273Z,2026-09-25T04:01:54.809Z,e5c37b36-f50f-4e78-8fb7-ecb080990b60,
9b9a0813-f420-448f-b59d-f8ecf3b41c2b,Veste de tennis Lacoste Homme Bleu marine,Lacoste,textile,https://www.protennis.fr/38748-marketing_default/veste-de-tennis-lacoste-homme-bleu-marine.jpg,150.00,90.00,40,9bcb1729-926d-4462-b949-57f991e08673,https://www.protennis.fr/58699-veste-de-tennis-lacoste-homme-bleu-marine.html,active,true,,2026-09-22T18:20:25.012Z,2026-09-25T04:01:49.622Z,94999678-2668-4c87-bc04-3e0cecdbbc87,Bleu Marine
9ba3deb6-dae9-4de1-b609-65de83ecbda5,T-shirt de tennis enfant Adidas T-shirt Pro Enfant Vert PE24,Adidas,textile,https://www.protennis.fr/29659-marketing_default/adidas-t-shirt-pro-enfant-vert-pe24.jpg,50.00,25.00,50,9bcb1729-926d-4462-b949-57f991e08673,https://www.protennis.fr/57370-adidas-t-shirt-pro-enfant-vert-pe24.html,active,true,,2026-09-22T18:20:20.969Z,2026-09-25T04:01:48.305Z,c84ea857-a697-462e-b164-70e9d039cd87,Vert
9bae1a96-bd8a-41fd-bdef-aac9fef70ea4,Cordage de tennis Tecnifibre Razor Soft 125 Blanc Bobine 100m,Tecnifibre,cordages,https://www.protennis.fr/35933-marketing_default/cordage-de-tennis-tecnifibre-razor-soft-125-blanc-bobine-100m.jpg,200.00,140.00,30,9bcb1729-926d-4462-b949-57f991e08673,https://www.protennis.fr/58344-cordage-de-tennis-tecnifibre-razor-soft-125-blanc-bobine-100m.html,active,true,,2026-09-22T18:19:59.394Z,2026-09-25T04:01:41.282Z,d2d2f8bf-bf60-49cc-97f8-87f1de7760f0,Blanc
9c3298fb-0d94-4df9-86a3-b87a4dc5e4f1,Surgrip de tennis Tecnifibre Pro Player&#039;s x12 Blanc,Tecnifibre,accessoires,https://www.protennis.fr/35931-marketing_default/surgrip-de-tennis-tecnifibre-pro-player-s-x12-blanc.jpg,25.00,17.50,30,9bcb1729-926d-4462-b949-57f991e08673,https://www.protennis.fr/29665-surgrip-de-tennis-tecnifibre-pro-player-s-x12-blanc.html,active,true,,2026-09-22T18:20:36.354Z,2026-09-25T04:01:53.054Z,256958d7-c7a4-45e8-b2a0-f894788ff46d,Blanc
9c513175-7c90-490c-abcc-52c6629784b1,Raquette de tennis Head Speed Team UL,Head,raquettes,https://www.protennis.fr/42897-marketing_default/head-speed-team-l-2022.jpg,200.00,119.90,40,9bcb1729-926d-4462-b949-57f991e08673,https://www.protennis.fr/59246-head-speed-team-l-2022.html,active,true,,2026-09-22T10:32:41.820Z,2026-09-25T04:01:38.888Z,74b00fd7-f3d2-4b96-ad7e-9e2ad79f0e45,
9c93c92f-8af9-47bc-9fe4-ce97fee7eadf,Chaussures de tennis Asics Gel Challenger 15 Femme Rose clair,Asics,chaussures,https://www.protennis.fr/44804-marketing_default/chaussures-de-tennis-asics-gel-challenger-15-femme-rose-clair.jpg,120.00,72.00,40,9bcb1729-926d-4462-b949-57f991e08673,https://www.protennis.fr/59404-chaussures-de-tennis-asics-gel-challenger-15-femme-rose-clair.html,active,true,,2026-09-22T18:20:08.990Z,2026-09-25T04:01:44.245Z,ed450b1a-5df1-4306-b0d8-3c9deb046168,Rose
9ca53e98-f308-44c7-ab48-a8b05ddfc7fe,Sac à dos Prince x Smiley Tour Noir jaune,Prince,accessoires,https://www.protennis.fr/43835-marketing_default/sac-a-dos-prince-x-smiley-tour-noir-jaune.jpg,74.95,52.47,30,9bcb1729-926d-4462-b949-57f991e08673,https://www.protennis.fr/59332-sac-a-dos-prince-x-smiley-tour-noir-jaune.html,active,true,,2026-09-22T18:20:39.452Z,2026-09-25T04:01:54.018Z,4a12fc68-1cc5-4869-ab02-7df087928287,Noir Jaune
9cbe104f-2eb5-43b3-a22c-ece28462ad28,Raquette de tennis Yonex Ezone Alpha L 260g 2025,Yonex,raquettes,https://www.protennis.fr/37592-marketing_default/raquette-de-tennis-yonex-ezone-alpha-l-260g-2025.jpg,169.00,118.30,30,9bcb1729-926d-4462-b949-57f991e08673,https://www.protennis.fr/58539-raquette-de-tennis-yonex-ezone-alpha-l-260g-2025.html,active,true,,2026-09-22T18:19:58.359Z,2026-09-25T04:01:41.028Z,1f82acde-33d2-4666-855a-94bd985ab294,
9d41ac5d-73f1-4a63-a9f5-c1861998cc21,Chaussures de tennis Yonex Sonicage Femme Rose,Yonex,chaussures,https://www.protennis.fr/38329-marketing_default/chaussures-de-tennis-yonex-sonicage-femme-rose.jpg,139.90,83.94,40,9bcb1729-926d-4462-b949-57f991e08673,https://www.protennis.fr/58634-chaussures-de-tennis-yonex-sonicage-femme-rose.html,active,true,,2026-09-22T18:20:11.455Z,2026-09-25T04:01:44.967Z,03002d9c-6bd8-409a-a198-1bd522246f67,Rose
9d6f0e7d-1a84-41e6-a798-be8946892277,Raquette de tennis Head Speed Pro Legend 2025,Head,raquettes,https://www.protennis.fr/41824-marketing_default/raquette-de-tennis-head-speed-pro-legend-2025.jpg,299.99,209.99,30,9bcb1729-926d-4462-b949-57f991e08673,https://www.protennis.fr/59079-raquette-de-tennis-head-speed-pro-legend-2025.html,active,true,,2026-09-22T18:19:49.635Z,2026-09-25T04:01:38.299Z,fdd9083d-e390-4223-a095-f44e4850c607,
9d753b94-1bc0-4c87-998e-af5631080827,Raquette de tennis Babolat Pure Aero 98 2023,Babolat,raquettes,https://www.protennis.fr/29173-marketing_default/babolat-pure-aero-98-2023.jpg,299.00,179.40,40,9bcb1729-926d-4462-b949-57f991e08673,https://www.protennis.fr/56313-babolat-pure-aero-98-2023.html,active,true,,2026-09-22T18:19:48.559Z,2026-09-25T04:01:37.948Z,f88030a3-77b5-46f8-ad1f-e6b7cb70fd31,
9daa2cb5-8cf3-42bd-a875-eeafaa5d81be,Short de tennis Mizuno Flex Short Homme Blanc,Mizuno,textile,https://www.protennis.fr/46475-marketing_default/short-de-tennis-mizuno-flex-short-homme-blanc.jpg,45.00,27.00,40,9bcb1729-926d-4462-b949-57f991e08673,https://www.protennis.fr/59636-short-de-tennis-mizuno-flex-short-homme-blanc.html,active,true,,2026-09-22T18:20:26.333Z,2026-09-25T04:01:50.017Z,39f5c4a4-5278-485c-8ead-f31f8ca83a98,Blanc
9dbf2ac8-84cf-4b8b-a199-30cfe929989c,Raquette de tennis Babolat Pure Aero Super Lite Gen9,Babolat,raquettes,https://www.protennis.fr/46536-marketing_default/raquette-de-tennis-babolat-pure-aero-super-lite-gen9.jpg,230.00,161.00,30,9bcb1729-926d-4462-b949-57f991e08673,https://www.protennis.fr/59628-raquette-de-tennis-babolat-pure-aero-super-lite-gen9.html,active,true,,2026-09-22T18:19:47.434Z,2026-09-25T04:01:37.526Z,3ccef2cf-4721-4940-8315-48302aa6c4fd,
9dc5fad2-a07b-42da-8a90-809692f58d2d,Chaussures de tennis Nike Vapor Lite 3 Femme Jaune,Nike,chaussures,https://www.protennis.fr/45876-marketing_default/chaussures-de-tennis-nike-vapor-lite-3-femme-jaune.jpg,85.00,51.00,40,9bcb1729-926d-4462-b949-57f991e08673,https://www.protennis.fr/59565-chaussures-de-tennis-nike-vapor-lite-3-femme-jaune.html,active,true,,2026-09-22T18:20:08.014Z,2026-09-25T04:01:43.963Z,534b56a8-cb43-442e-b9e7-8cfd1d972fe0,Jaune
9dc6ed3e-0b61-4a1b-986b-421077bd1f79,Robe de tennis EA7 Robe Ventus7 Femme Navy PE24,EA7,textile,https://www.protennis.fr/30711-marketing_default/ea7-robe-ventus7-femme-navy-pe24.jpg,115.00,57.50,50,9bcb1729-926d-4462-b949-57f991e08673,https://www.protennis.fr/57661-ea7-robe-ventus7-femme-navy-pe24.html,active,true,,2026-09-22T18:20:23.272Z,2026-09-25T04:01:49.059Z,d4e9af20-52db-4ad9-9ba9-e1c1c9261798,
9dff6530-a257-44de-addf-f6e075c3de55,Jupe de tennis Nike Victory Flouncy Femme Blanc,Nike,textile,https://www.protennis.fr/46077-marketing_default/jupe-femme-nike-victory-flouncy-blanc.jpg,50.00,30.00,40,9bcb1729-926d-4462-b949-57f991e08673,https://www.protennis.fr/59588-jupe-femme-nike-victory-flouncy-blanc.html,active,true,,2026-09-22T18:20:28.882Z,2026-09-25T04:01:50.808Z,5130ea1e-2263-40a4-a93f-04ccd40858f6,Blanc
9e016e76-90ea-456b-a592-5dd4182e4ddb,Cordage de tennis HEAD SONIC PRO 125 NOIR BOBINE 200m,Head,cordages,https://www.protennis.fr/3004-marketing_default/head-sonic-pro-125-noir-bobine-200m.jpg,100.00,69.00,31,9bcb1729-926d-4462-b949-57f991e08673,https://www.protennis.fr/44041-head-sonic-pro-125-noir-bobine-200m.html,active,true,,2026-09-22T18:20:01.640Z,2026-09-25T04:01:42.036Z,2469ac13-099c-4008-98bd-806f50646caf,Noir
9e1911a7-7e1c-46bb-9b23-8eaae4075699,Debardeur de tennis Adidas Y Midi femme Legend Ink,Adidas,textile,https://www.protennis.fr/49218-marketing_default/debardeur-de-tennis-adidas-y-midi-femme-legend-ink.jpg,55.00,33.00,40,9bcb1729-926d-4462-b949-57f991e08673,https://www.protennis.fr/59919-debardeur-de-tennis-adidas-y-midi-femme-legend-ink.html,active,true,,2026-09-22T18:20:18.331Z,2026-09-25T04:01:47.217Z,efb2e68f-06b8-4911-b763-70d0a483bf9c,
9e3bf92c-d623-4d85-8190-dc1de3ec8632,Lot de trois paires de chaussettes de tennis Lacoste Noir,Lacoste,textile,https://www.protennis.fr/44135-marketing_default/lot-de-trois-paires-de-chaussettes-de-tennis-lacoste-noir.jpg,40.00,24.00,40,9bcb1729-926d-4462-b949-57f991e08673,https://www.protennis.fr/59358-lot-de-trois-paires-de-chaussettes-de-tennis-lacoste-noir.html,active,true,,2026-09-22T18:20:24.987Z,2026-09-25T04:01:49.611Z,2db48201-ca99-442b-913b-f7af2a09ce87,Noir
9e94f9ba-d122-45c3-81ae-62cf0e7c02fb,Boxer de tennis Saxx Kinetic HD Boxer Homme 2020,Saxx,textile,https://www.protennis.fr/15245-marketing_default/saxx-kinetic-hd-boxer-homme-2020.jpg,38.00,26.60,30,9bcb1729-926d-4462-b949-57f991e08673,https://www.protennis.fr/54670-saxx-kinetic-hd-boxer-homme-2020.html,active,true,,2026-09-22T18:20:33.384Z,2026-09-25T04:01:52.155Z,f468503f-d304-4aa8-b7a9-c7532cceb916,
9eafd1e3-0558-4162-a701-4800f07e86fb,T-shirt de tennis Asics Game Femme Aubergine,Asics,textile,https://www.protennis.fr/50942-marketing_default/t-shirt-de-tennis-asics-game-femme-aubergine.jpg,45.00,36.00,20,9bcb1729-926d-4462-b949-57f991e08673,https://www.protennis.fr/60084-t-shirt-de-tennis-asics-game-femme-aubergine.html,active,true,,2026-09-22T18:20:21.890Z,2026-09-25T04:01:48.615Z,b24a7fea-bcfc-410c-b688-d03395dd68dd,
9eb443af-fcd3-419c-a449-f7bbebe7dfe1,Raquette de tennis Tecnifibre T-Fight 270 Isoflex 2023,Tecnifibre,raquettes,https://www.protennis.fr/25277-marketing_default/tecnifibre-t-fight-270-isoflex-2023.jpg,210.00,139.00,34,9bcb1729-926d-4462-b949-57f991e08673,https://www.protennis.fr/56615-tecnifibre-t-fight-270-isoflex-2023.html,active,true,,2026-09-22T18:19:55.509Z,2026-09-25T04:01:40.078Z,15cdd5d6-ea9b-428b-a899-84d677f4f0f1,
9f5a6097-4b45-4e47-94c4-7f749e22aad4,Chaussures de tennis Asics Gel Resolution X Homme Blanc Bleu,Asics,chaussures,https://www.protennis.fr/40565-marketing_default/chaussures-de-tennis-asics-gel-resolution-x-homme-blanc-bleu-.jpg,160.00,96.00,40,9bcb1729-926d-4462-b949-57f991e08673,https://www.protennis.fr/58944-chaussures-de-tennis-asics-gel-resolution-x-homme-blanc-bleu-.html,active,true,,2026-09-22T18:20:14.983Z,2026-09-25T04:01:45.947Z,0c6cb0e9-8ef8-4e3b-967b-d4f1a81d05a1,Blanc Bleu
9f64d2ff-6774-4ff4-9c2c-123ab9b26ff1,Sac de tennis 12 Raquettes Head Tour Racquet Bag XL Rose,Head,accessoires,https://www.protennis.fr/45631-marketing_default/sac-de-tennis-12-raquettes-head-tour-racquet-bag-xl-rose.jpg,130.00,91.00,30,9bcb1729-926d-4462-b949-57f991e08673,https://www.protennis.fr/59526-sac-de-tennis-12-raquettes-head-tour-racquet-bag-xl-rose.html,active,true,,2026-09-22T18:20:38.787Z,2026-09-25T04:01:53.796Z,fc0456ae-0f96-44ea-8109-2d3c7ec701a9,Rose
9f6b5592-8d70-47bb-a9ed-16909a6fe224,T-Shirt de tennis Adidas Pro Enfant Legend Ink,Adidas,textile,https://www.protennis.fr/49229-marketing_default/t-shirt-de-tennis-adidas-pro-enfant-legend-ink.jpg,45.00,27.00,40,9bcb1729-926d-4462-b949-57f991e08673,https://www.protennis.fr/59921-t-shirt-de-tennis-adidas-pro-enfant-legend-ink.html,active,true,,2026-09-22T18:20:18.307Z,2026-09-25T04:01:47.206Z,9ce0fb0e-b360-434a-ba67-f5123944faa7,
9f711a72-d51f-4ba2-a196-247cb1f7a4fe,Raquette de tennis Babolat Pure Drive 98 2023,Babolat,raquettes,https://www.protennis.fr/29182-marketing_default/babolat-pure-drive-98-2023.jpg,280.00,129.00,54,9bcb1729-926d-4462-b949-57f991e08673,https://www.protennis.fr/56315-babolat-pure-drive-98-2023.html,active,true,,2026-09-22T18:19:49.430Z,2026-09-25T04:01:38.217Z,86cac6d0-ff06-4c66-9a8f-68dbb86f6c4c,
9fb918b3-f16a-4b15-b0c5-a7d1342a4681,Chaussures de tennis Asics Court FF 3 Terre Battue Femme Blanc Corail PE24,Asics,chaussures,https://www.protennis.fr/31420-marketing_default/asics-court-ff-3-terre-battue-femme-blanc-corail-pe24.jpg,190.00,95.00,50,9bcb1729-926d-4462-b949-57f991e08673,https://www.protennis.fr/57761-asics-court-ff-3-terre-battue-femme-blanc-corail-pe24.html,active,true,,2026-09-22T18:20:12.175Z,2026-09-25T04:01:45.176Z,69ff858f-4870-49f0-9bbc-22884c87511e,Blanc Corail
9fd2e02a-4b7d-487d-84d6-8c70e915c026,Chaussures de tennis Nike Zoom Vapor 12 Premium Homme Gris Corail,Nike,chaussures,https://www.protennis.fr/43153-marketing_default/chaussures-de-tennis-nike-zoom-vapor-12-premium-homme-gris-corail.jpg,160.00,96.00,40,9bcb1729-926d-4462-b949-57f991e08673,https://www.protennis.fr/59242-chaussures-de-tennis-nike-zoom-vapor-12-premium-homme-gris-corail.html,active,true,,2026-09-22T18:20:13.954Z,2026-09-25T04:01:45.678Z,1e600b4f-6a11-49dd-9b90-b36dcfc0102d,Gris Corail
9feb5b08-39b1-40a7-87fd-956b5a28023f,Chaussures de tennis Babolat Jet Mach 3 Homme,Babolat,chaussures,https://www.protennis.fr/35771-marketing_default/chaussures-de-tennis-babolat-jet-mach-3-homme-ah22.jpg,155.00,69.00,55,9bcb1729-926d-4462-b949-57f991e08673,https://www.protennis.fr/56507-chaussures-de-tennis-babolat-jet-mach-3-homme-ah22.html,active,true,,2026-09-22T18:20:12.405Z,2026-09-25T04:01:45.243Z,9e673e95-2d3a-4335-b1d7-974ce31d6f9e,
9ff3ef5f-8891-4837-bfdb-242a19a00355,Cordage de tennis Yonex Bobine Polytour Pro 125 jaune 200m,Yonex,cordages,https://www.protennis.fr/7892-marketing_default/yonex-bobine-polytour-pro-125-200m.jpg,165.00,115.50,30,9bcb1729-926d-4462-b949-57f991e08673,https://www.protennis.fr/53300-yonex-bobine-polytour-pro-125-200m.html,active,true,,2026-09-22T18:20:01.049Z,2026-09-25T04:01:41.892Z,1ea89744-9773-420a-9206-55c0daccadc2,Jaune
a009ba22-2c78-4418-a994-2ee5599c3c72,Robe Femme Nike Victory Vert sauge,Nike,textile,https://www.protennis.fr/41364-marketing_default/robe-femme-nike-victory-vert-sauge.jpg,75.00,45.00,40,9bcb1729-926d-4462-b949-57f991e08673,https://www.protennis.fr/59002-robe-femme-nike-victory-vert-sauge.html,active,true,,2026-09-22T18:20:31.372Z,2026-09-25T04:01:51.517Z,c9b7df77-65cb-4dd5-b043-ffda23e42ccc,Vert
a06d0b50-753f-4d37-961c-eeb41214c151,Cordage de tennis HEAD HAWK TOUCH 125 BOBINE 120m,Head,cordages,https://www.protennis.fr/146-marketing_default/head-hawk-touch-120-bobine-120m.jpg,100.00,69.00,31,9bcb1729-926d-4462-b949-57f991e08673,https://www.protennis.fr/42511-head-hawk-touch-120-bobine-120m.html,active,true,,2026-09-22T18:20:03.970Z,2026-09-25T04:01:42.750Z,f74e0830-ca72-4b4c-bb50-6c0c9c6a6cae,
a08e93a8-36d7-436b-a8cc-d380e86c2627,Chaussures de tennis Asics Challenger 15 Homme Vert gris,Asics,chaussures,https://www.protennis.fr/44947-marketing_default/chaussures-de-tennis-asics-challenger-15-homme-vert-gris.jpg,120.00,72.00,40,9bcb1729-926d-4462-b949-57f991e08673,https://www.protennis.fr/59420-chaussures-de-tennis-asics-challenger-15-homme-vert-gris.html,active,true,,2026-09-22T18:20:08.627Z,2026-09-25T04:01:45.554Z,6d5c742f-df1b-4cf6-8467-de5c5dabb20b,Vert Gris
a0c588a2-0da1-4402-8402-3b0bab6a9e7a,Cordage de tennis HEAD LYNX GRIS 125 BOBINE 200m,Head,cordages,https://www.protennis.fr/4212-marketing_default/head-lynx-gris-125-bobine-200m.jpg,150.00,99.00,34,9bcb1729-926d-4462-b949-57f991e08673,https://www.protennis.fr/31361-head-lynx-gris-125-bobine-200m.html,active,true,,2026-09-22T18:20:02.791Z,2026-09-25T04:01:42.366Z,ae92b9c6-943d-40bb-bd5e-8791c3c88cd8,Gris
a0dd8c09-3505-4881-852b-076555ebbc15,Cordage de tennis Wilson Bobine Revolve Spin 130 Noir 200 M,Wilson,cordages,https://www.protennis.fr/10392-marketing_default/wilson-bobine-revolve-spin-130-noir-200-m.jpg,180.00,126.00,30,9bcb1729-926d-4462-b949-57f991e08673,https://www.protennis.fr/53750-wilson-bobine-revolve-spin-130-noir-200-m.html,active,true,,2026-09-22T18:20:00.899Z,2026-09-25T04:01:41.825Z,4361bbbd-1ab2-497e-9bd3-6009b830285c,Noir
a0f57916-76ff-4c9c-8438-8b7ebda5a6ca,Chaussures de tennis Asics Court FF 3 Homme Bleu roi,Asics,chaussures,https://www.protennis.fr/40564-marketing_default/chaussures-de-tennis-asics-court-ff-3-homme-bleu-roi.jpg,190.00,114.00,40,9bcb1729-926d-4462-b949-57f991e08673,https://www.protennis.fr/58945-chaussures-de-tennis-asics-court-ff-3-homme-bleu-roi.html,active,true,,2026-09-22T18:20:14.866Z,2026-09-25T04:01:45.936Z,0bfbbf1e-c934-41ca-b235-dd92bd0ad6e9,Bleu
a104b795-aa76-4474-bf73-fa725c7c9d40,Short de tennis Adidas SH & Tight Homme Aurora Ink,Adidas,textile,https://www.protennis.fr/50287-marketing_default/short-de-tennis-adidas-sh-tight-homme-aurora-ink.jpg,75.00,60.00,20,9bcb1729-926d-4462-b949-57f991e08673,https://www.protennis.fr/60016-short-de-tennis-adidas-sh-tight-homme-aurora-ink.html,active,true,,2026-09-22T18:20:18.023Z,2026-09-25T04:01:47.117Z,de38a976-b378-4e44-96cf-a04a8c1f69de,
a1557b0c-5ff2-4ec7-8152-321656ec4898,Sac de tennis Yonex Espresso Pro 9 Raquettes,Yonex,accessoires,https://www.protennis.fr/50783-marketing_default/sac-de-tennis-yonex-espresso-pro-9-raquettes.jpg,150.00,120.00,20,9bcb1729-926d-4462-b949-57f991e08673,https://www.protennis.fr/60060-sac-de-tennis-yonex-espresso-pro-9-raquettes.html,active,true,,2026-09-22T18:20:37.582Z,2026-09-25T04:01:53.450Z,e22c1cca-f852-4b79-9345-d918fd2d1c3e,
a1591f26-8adc-4ad4-90fd-0cfd2a0b1626,Raquette de tennis enfant Head Speed Jr 2024,Head,raquettes,https://www.protennis.fr/29231-marketing_default/head-speed-jr-2024.jpg,120.00,84.00,30,9bcb1729-926d-4462-b949-57f991e08673,https://www.protennis.fr/57468-head-speed-jr-2024.html,active,true,,2026-09-22T18:19:51.625Z,2026-09-25T04:01:38.911Z,97bfa4bf-9685-4ae7-842a-ab9e8b323274,
a15c45d2-9749-48d3-8fa0-2b2f09b9c594,Short de tennis Nike Court Slam RG Homme Gris,Nike,textile,https://www.protennis.fr/49148-marketing_default/short-de-tennis-nike-court-slam-rg-homme-gris.jpg,89.99,53.99,40,9bcb1729-926d-4462-b949-57f991e08673,https://www.protennis.fr/59908-short-de-tennis-nike-court-slam-rg-homme-gris.html,active,true,,2026-09-22T18:20:28.342Z,2026-09-25T04:01:50.640Z,e58053b7-365e-40ec-8a7e-eb607ff33188,Gris
a1a90cbb-7290-4ffe-bc7e-9cdbd7a805f0,Chaussures Asics Solution Speed FF 3 Terre Battue Rouge fluo,Asics,chaussures,https://www.protennis.fr/40664-marketing_default/chaussures-asics-solution-speed-ff-3-terre-battue-rouge-fluo.jpg,150.00,90.00,40,9bcb1729-926d-4462-b949-57f991e08673,https://www.protennis.fr/58935-chaussures-asics-solution-speed-ff-3-terre-battue-rouge-fluo.html,active,true,,2026-09-22T18:20:15.289Z,2026-09-25T04:01:46.049Z,87b14e3b-fdc9-4e57-b7c0-f93957043042,Rouge
a1b08c45-716d-46ad-81a9-bdf4497fd551,CARTON HEAD PRO X3 24 TUBES,Head,accessoires,https://www.protennis.fr/1884-marketing_default/carton-head-pro-x3-24-tubes.jpg,122.40,100.00,18,9bcb1729-926d-4462-b949-57f991e08673,https://www.protennis.fr/29792-carton-head-pro-x3-24-tubes.html,active,true,,2026-09-22T18:20:37.070Z,2026-09-25T04:01:53.284Z,60ac09ae-e21b-4e31-8694-4d4b89fc4cef,
a1c41b59-233b-484e-90a7-b4dca60f2ba3,Short Femme Adidas Match Y3 Noir,Adidas,textile,https://www.protennis.fr/42567-marketing_default/short-femme-adidas-match-y3-noir.jpg,70.00,42.00,40,9bcb1729-926d-4462-b949-57f991e08673,https://www.protennis.fr/59128-short-femme-adidas-match-y3-noir.html,active,true,,2026-09-22T18:20:19.638Z,2026-09-25T04:01:47.630Z,0cd74f32-5b2b-4be0-ae69-f25d261f27d2,Noir
a1f8455a-fb77-4246-a0a2-1d4d21c94790,Antivibrateur de tennis Wilson Antivibrateur Shock Trap,Wilson,accessoires,https://www.protennis.fr/8284-marketing_default/wilson-antivibrateur-shock-trap.jpg,7.00,4.90,30,9bcb1729-926d-4462-b949-57f991e08673,https://www.protennis.fr/12717-wilson-antivibrateur-shock-trap.html,active,true,,2026-09-22T18:20:35.663Z,2026-09-25T04:01:52.812Z,70376443-a623-43c2-a269-a3367aa6d8c1,
a36670c5-b5da-4d71-aa43-f147c238d9d4,Chaussures de tennis Babolat Pulsion All Court Kid noir,Babolat,chaussures,https://www.protennis.fr/34573-marketing_default/chaussures-de-tennis-babolat-pulsion-all-court-kid-ah24.jpg,50.00,30.00,40,9bcb1729-926d-4462-b949-57f991e08673,https://www.protennis.fr/58163-chaussures-de-tennis-babolat-pulsion-all-court-kid-ah24.html,active,true,,2026-09-22T18:20:16.927Z,2026-09-25T04:01:46.473Z,4c269dca-9fec-4c70-8dd1-c3279539b69b,Noir
a37b93af-e3fb-4ab2-aad5-e5b476325c23,Raquette de tennis Pure Strike 97 Carbon,Babolat,raquettes,https://www.protennis.fr/41909-marketing_default/babolat-pure-strike-97-2024.jpg,299.95,209.97,30,9bcb1729-926d-4462-b949-57f991e08673,https://www.protennis.fr/59090-babolat-pure-strike-97-2024.html,active,true,,2026-09-22T18:19:47.748Z,2026-09-25T04:01:37.679Z,65d308d7-c0fe-45a2-976d-088ff4a2c031,
a37eec0d-26cc-4c45-916d-28909a8f65e2,Raquette de tennis Head Boom Jr 2024,Head,raquettes,https://www.protennis.fr/30380-marketing_default/head-boom-jr-2024.jpg,130.00,91.00,30,9bcb1729-926d-4462-b949-57f991e08673,https://www.protennis.fr/57470-head-boom-jr-2024.html,active,true,,2026-09-22T18:19:50.604Z,2026-09-25T04:01:38.591Z,cc3a6f51-3bd4-4c4f-9f90-d32d30aded25,
a37fc755-3c02-49f2-ae93-037575394999,Short de tennis Adidas CLUB SW Homme Pure Orange,Adidas,textile,https://www.protennis.fr/45715-marketing_default/short-de-tennis-adidas-club-sw-homme-blanc.jpg,40.00,24.00,40,9bcb1729-926d-4462-b949-57f991e08673,https://www.protennis.fr/59541-short-de-tennis-adidas-club-sw-homme-blanc.html,active,true,,2026-09-22T18:20:19.157Z,2026-09-25T04:01:47.497Z,c32577c4-f72c-4460-b5a0-ff566ce8847a,Orange
a39c32e5-6572-4075-887d-fca61c506afb,Robe de tennis Femme Adidas Wow Climacool Pure Orange,Adidas,textile,https://www.protennis.fr/45700-marketing_default/robe-de-tennis-femme-adidas-wow-climacool-pure-orange.jpg,110.00,66.00,40,9bcb1729-926d-4462-b949-57f991e08673,https://www.protennis.fr/59551-robe-de-tennis-femme-adidas-wow-climacool-pure-orange.html,active,true,,2026-09-22T18:20:19.071Z,2026-09-25T04:01:47.476Z,ec5f18b2-8a1f-4879-8f4f-4d7b1e52bcf0,Orange
a3e081b7-bbe9-4ade-8148-f1b4d27d32a0,Raquette de tennis Babolat Boost Strike 2024,Babolat,raquettes,https://www.protennis.fr/30566-marketing_default/babolat-pure-strike-team-2024.jpg,110.00,77.00,30,9bcb1729-926d-4462-b949-57f991e08673,https://www.protennis.fr/57492-babolat-pure-strike-team-2024.html,active,true,,2026-09-22T18:19:48.252Z,2026-09-25T04:01:37.845Z,4a8d2e76-118d-4a50-9f8d-6e8a6ca8d76b,
a3f22d9d-76b6-4ae4-a91d-0b92721d9b44,Sac a dos Babolat Pure Strike Carbon,Babolat,accessoires,https://www.protennis.fr/41841-marketing_default/sac-a-dos-babolat-pure-strike-carbon-.jpg,89.95,53.97,40,9bcb1729-926d-4462-b949-57f991e08673,https://www.protennis.fr/59080-sac-a-dos-babolat-pure-strike-carbon-.html,active,true,,2026-09-22T18:20:39.810Z,2026-09-25T04:01:54.128Z,8adc4a71-a966-4928-93a1-004c5988c9ce,
a4c65df8-a333-4c2c-b4af-1a6451d8e9c9,Chaussures de tennis Nike Zoom Vapor 3 Terre Battue Homme Light Silver,Nike,chaussures,https://www.protennis.fr/47804-marketing_default/chaussures-de-tennis-nike-zoom-vapor-3-terre-battue-homme-light-silver.jpg,129.99,77.99,40,9bcb1729-926d-4462-b949-57f991e08673,https://www.protennis.fr/59791-chaussures-de-tennis-nike-zoom-vapor-3-terre-battue-homme-light-silver.html,active,true,,2026-09-22T18:20:07.478Z,2026-09-25T04:01:43.784Z,03c5afbd-4e85-4549-9058-9625de61d736,Argent
a4f61c62-b120-47a9-9ccc-bfd3141cbc2f,Chaussures de tennis Mizuno Wave Enforce Tour 2 Homme Blanc vert,Mizuno,chaussures,https://www.protennis.fr/40335-marketing_default/chaussures-de-tennis-mizuno-wave-enforce-tour-2-homme-blanc-vert.jpg,160.00,96.00,40,9bcb1729-926d-4462-b949-57f991e08673,https://www.protennis.fr/58902-chaussures-de-tennis-mizuno-wave-enforce-tour-2-homme-blanc-vert.html,active,true,,2026-09-22T18:20:10.548Z,2026-09-25T04:01:44.721Z,a194247c-48ba-40da-ad07-b64ed91a543e,Blanc Vert
a52d5d81-6638-4287-a94a-b21647aec426,Legging Asics Femme Vieux Rose AH24,Asics,textile,https://www.protennis.fr/33159-marketing_default/legging-asics-femme-vieux-rose-ah24.jpg,65.00,32.50,50,9bcb1729-926d-4462-b949-57f991e08673,https://www.protennis.fr/57887-legging-asics-femme-vieux-rose-ah24.html,active,true,,2026-09-22T18:20:22.860Z,2026-09-25T04:01:48.924Z,e2695ba7-5413-41a8-9a9d-ccb910276361,Rose
a53f97e3-ded4-48a1-9b72-06de9f296050,Raquette de tennis Wilson Clash 100 L V3 2025,Wilson,raquettes,https://www.protennis.fr/36123-marketing_default/raquette-de-tennis-wilson-clash-100-l-v3-2025.jpg,230.00,161.00,30,9bcb1729-926d-4462-b949-57f991e08673,https://www.protennis.fr/58370-raquette-de-tennis-wilson-clash-100-l-v3-2025.html,active,true,,2026-09-22T18:19:56.544Z,2026-09-25T04:01:40.384Z,56cd0444-42a0-4c7b-972c-7a0fb0030e8f,
a5618815-9b17-45d9-84b3-9f94d170359a,Cordage de tennis Babolat RPM Rough Noir 125 Bobine 200m,Babolat,cordages,https://www.protennis.fr/40148-marketing_default/cordage-de-tennis-babolat-rpm-rough-noir-125-bobine-200m.jpg,239.95,167.97,30,9bcb1729-926d-4462-b949-57f991e08673,https://www.protennis.fr/58887-cordage-de-tennis-babolat-rpm-rough-noir-125-bobine-200m.html,active,true,,2026-09-22T18:20:03.688Z,2026-09-25T04:01:42.672Z,826ae930-1924-43ff-a342-dfc3d50931a6,Noir
a597581e-6df6-476a-be78-49564889e3c1,Chaussures de tennis Adidas Ubersonic 5 Terre Battue Homme Jaune,Adidas,chaussures,https://www.protennis.fr/40114-marketing_default/chaussures-adidas-ubersonic-5-terre-battue-homme-jaune.jpg,150.00,90.00,40,9bcb1729-926d-4462-b949-57f991e08673,https://www.protennis.fr/58879-chaussures-adidas-ubersonic-5-terre-battue-homme-jaune.html,active,true,,2026-09-22T18:20:10.627Z,2026-09-25T04:01:44.743Z,7a450bf3-f468-4bca-bb5e-3816853c6b8c,Jaune
a6368be9-ed93-4282-a48f-d0ee2f8d4bb3,Chaussures de tennis Asics Court FF 3 Homme White And Foggy,Asics,chaussures,https://www.protennis.fr/49594-marketing_default/chaussures-de-tennis-asics-court-ff-3-homme-white-and-foggy.jpg,190.00,152.00,20,9bcb1729-926d-4462-b949-57f991e08673,https://www.protennis.fr/59963-chaussures-de-tennis-asics-court-ff-3-homme-white-and-foggy.html,active,true,,2026-09-22T18:20:06.224Z,2026-09-25T04:01:43.430Z,daa0d836-a15d-44a2-ad16-15b2ce3903d3,Blanc
a63ea43a-232f-413d-945a-5a2f87b5b863,Cordage de tennis Wilson Revolve 125 Orange Bobine 200m,Wilson,cordages,https://www.protennis.fr/15146-marketing_default/wilson-revolve-125-orange-bobine-200m.jpg,170.00,119.00,30,9bcb1729-926d-4462-b949-57f991e08673,https://www.protennis.fr/54652-wilson-revolve-125-orange-bobine-200m.html,active,true,,2026-09-22T18:20:00.513Z,2026-09-25T04:01:41.644Z,b72d71f1-61ec-4c31-b500-5fda6e10d64f,Orange
a64a7f77-0098-47f3-be98-41f0e51dfd9d,Raquette de tennis Head Speed Team 2024,Head,raquettes,https://www.protennis.fr/29222-marketing_default/head-speed-team-2024.jpg,250.00,149.00,40,9bcb1729-926d-4462-b949-57f991e08673,https://www.protennis.fr/57465-head-speed-team-2024.html,active,true,,2026-09-22T18:19:51.718Z,2026-09-25T04:01:38.934Z,18c3c6e8-cc3b-4c62-8934-b2b12a8a3a9d,
a67086eb-639a-4b41-b0a4-2870ee96e0fe,Sac de tennis Babolat Sac a dos Kids 3rd Generation Bleu Rouge 2024,Babolat,accessoires,https://www.protennis.fr/31901-marketing_default/babolat-sac-a-dos-kids-3rd-generation-bleu-rouge-2024.jpg,35.00,24.50,30,9bcb1729-926d-4462-b949-57f991e08673,https://www.protennis.fr/57821-babolat-sac-a-dos-kids-3rd-generation-bleu-rouge-2024.html,active,true,,2026-09-22T18:20:43.395Z,2026-09-25T04:01:55.163Z,be57c5dd-d7a4-469f-a3d6-bb4782f933d7,Bleu Rouge
a688bf71-6893-4826-9d9c-ad5902aae0be,Chaussures de tennis Wilson Intrigue Pro Femme Blanc marine rose,Wilson,chaussures,https://www.protennis.fr/38035-marketing_default/chaussures-de-tennis-wilson-intrigue-pro-femme-blanc-marine-rose.jpg,128.00,76.80,40,9bcb1729-926d-4462-b949-57f991e08673,https://www.protennis.fr/58588-chaussures-de-tennis-wilson-intrigue-pro-femme-blanc-marine-rose.html,active,true,,2026-09-22T18:20:11.547Z,2026-09-25T04:01:45.001Z,fc7fa9e3-9e45-4f39-8cee-621e7584851d,Blanc Marine Rose
a6d4c94e-ebb8-49ca-8d4a-ca3b5cef0041,Chaussures de tennis Asics Gel Resolution X Homme Gris vert,Asics,chaussures,https://www.protennis.fr/44842-marketing_default/chaussures-de-tennis-asics-gel-resolution-x-homme-gris-vert.jpg,160.00,96.00,40,9bcb1729-926d-4462-b949-57f991e08673,https://www.protennis.fr/59434-chaussures-de-tennis-asics-gel-resolution-x-homme-gris-vert.html,active,true,,2026-09-22T18:20:08.374Z,2026-09-25T04:01:44.075Z,c71f273d-e6c1-4cb2-b421-090b2fe0c733,Gris Vert
a741dcab-e34a-4f89-94fa-0ec1ccef3520,Jupe de tennis Lacoste Edition Roland Garros Femme Vert,Lacoste,textile,https://www.protennis.fr/49320-marketing_default/jupe-de-tennis-lacoste-edition-roland-garros-femme-vert.jpg,120.00,72.00,40,9bcb1729-926d-4462-b949-57f991e08673,https://www.protennis.fr/59933-jupe-de-tennis-lacoste-edition-roland-garros-femme-vert.html,active,true,,2026-09-22T18:20:24.143Z,2026-09-25T04:01:49.342Z,be20ce83-60df-4eb7-bdaa-1b3adcd3e3a3,Vert
a742c8f8-6d68-46e5-ad90-99ad761103d8,Chaussures de tennis Asics Solution Speed FF 3 Homme Cobalt,Asics,chaussures,https://www.protennis.fr/40829-marketing_default/chaussures-de-tennis-asics-solution-speed-ff-3-homme-cobalt.jpg,150.00,90.00,40,9bcb1729-926d-4462-b949-57f991e08673,https://www.protennis.fr/58939-chaussures-de-tennis-asics-solution-speed-ff-3-homme-cobalt.html,active,true,,2026-09-22T18:20:15.160Z,2026-09-25T04:01:46.005Z,ec06abb0-bca0-483e-8f0a-484b8988d6a9,
a74bf4de-ff18-4389-9b5c-fed8b670cb3a,Raquette de tennis Wilson Shift 99 V1 Roland Garros Night Session 2025,Wilson,raquettes,https://www.protennis.fr/39726-marketing_default/raquette-de-tennis-wilson-shift-99-v1-roland-garros-night-session-2025.jpg,270.00,170.10,37,9bcb1729-926d-4462-b949-57f991e08673,https://www.protennis.fr/58609-raquette-de-tennis-wilson-shift-99-v1-roland-garros-night-session-2025.html,active,true,,2026-09-22T18:19:56.204Z,2026-09-25T04:01:40.272Z,4d6fda04-6844-4ad0-86e3-81e375aa5a9a,
a75094f9-6a98-4996-8297-6c6b9b0dc980,Chaussures Asics Solution Speed FF 3 Homme Terre Battue Noir,Asics,chaussures,https://www.protennis.fr/40987-marketing_default/chaussures-asics-solution-speed-ff-3-homme-terre-battue-noir.jpg,150.00,90.00,40,9bcb1729-926d-4462-b949-57f991e08673,https://www.protennis.fr/58937-chaussures-asics-solution-speed-ff-3-homme-terre-battue-noir.html,active,true,,2026-09-22T18:20:15.237Z,2026-09-25T04:01:46.027Z,40081862-a444-466a-a283-af9b431b90c4,Noir
a7547649-5fc3-4ff6-bd31-c092ffc19138,Chaussettes de tennis NIKE DRY CUSH SOCKS 3 PAIRES HAUTES DRI-FIT BLANC / GRIS,Nike,textile,https://www.protennis.fr/498-marketing_default/nike-dry-cush-socks-3-paires-hautes-dri-fit-blanc-gris.jpg,23.00,20.70,10,9bcb1729-926d-4462-b949-57f991e08673,https://www.protennis.fr/43258-nike-dry-cush-socks-3-paires-hautes-dri-fit-blanc-gris.html,active,true,,2026-09-22T18:20:33.077Z,2026-09-25T04:01:52.055Z,3c806e54-900a-41e3-a545-cd2803161f49,Blanc Gris
a774f452-8653-4195-9b06-310f38edf562,Cordage de tennis Head Rip Control 125 Blanc Bobine 200 mètres,Head,cordages,https://www.protennis.fr/19969-marketing_default/head-rip-control-125-blanc-bobine-200-metres.jpg,160.00,89.00,44,9bcb1729-926d-4462-b949-57f991e08673,https://www.protennis.fr/55571-head-rip-control-125-blanc-bobine-200-metres.html,active,true,,2026-09-22T18:20:00.437Z,2026-09-25T04:01:41.623Z,c4e782f3-0ace-4e60-9bcc-55e5f13e3a01,Blanc
a78a4607-9e1f-495b-b2cf-846b0afb5259,Raquette de tennis Wilson Blade 100 L V10,Wilson,raquettes,https://www.protennis.fr/48346-marketing_default/raquette-de-tennis-wilson-blade-100-l-v10.jpg,250.00,200.00,20,9bcb1729-926d-4462-b949-57f991e08673,https://www.protennis.fr/59830-raquette-de-tennis-wilson-blade-100-l-v10.html,active,true,,2026-09-22T18:19:57.453Z,2026-09-25T04:01:40.800Z,9eb30335-c50f-472e-aeb6-92417bce9170,
a7cb19bd-d957-4fa3-8167-323d9ad31e1b,Raquette de tennis Wilson Pro Staff X V14 2023,Wilson,raquettes,https://www.protennis.fr/24594-marketing_default/wilson-pro-staff-x-v14-2023.jpg,300.00,150.00,50,9bcb1729-926d-4462-b949-57f991e08673,https://www.protennis.fr/56734-wilson-pro-staff-x-v14-2023.html,active,true,,2026-09-22T18:19:58.055Z,2026-09-25T04:01:40.957Z,d8975356-4859-4e81-9d04-d2b0e2716bd9,
a7d5e299-1f25-409d-81e1-b53ef1c6a7e9,Nike Slam Jupe New York Crème Femme Automne 2023,Nike,textile,https://www.protennis.fr/27853-marketing_default/nike-slam-jupe-new-york-creme-femme-automne-2023.jpg,95.00,47.50,50,9bcb1729-926d-4462-b949-57f991e08673,https://www.protennis.fr/57100-nike-slam-jupe-new-york-creme-femme-automne-2023.html,active,true,,2026-09-22T18:20:32.745Z,2026-09-25T04:01:51.945Z,24d10286-6d7c-451b-9edb-27cd2211d58b,
a7e5e7ca-1e2c-4673-86e8-9854552e5ad8,Antivibrateur de tennis HEAD SMARTSORB ROUGE,Head,accessoires,https://www.protennis.fr/38609-marketing_default/head-smartsorb-rouge.jpg,6.00,4.20,30,9bcb1729-926d-4462-b949-57f991e08673,https://www.protennis.fr/46323-head-smartsorb-rouge.html,active,true,,2026-09-22T18:20:36.173Z,2026-09-25T04:01:52.988Z,6e240f5d-b4dd-4f47-b111-b43b16e412cd,Rouge
a812713c-0efc-46d6-8cc5-022df37587d8,Sac à dos de tennis Tecnifibre Tour Endurance Kaki 2024,Tecnifibre,accessoires,https://www.protennis.fr/33731-marketing_default/sac-a-dos-de-tennis-tecnifibre-tour-endurance-kaki-2024.jpg,60.00,42.00,30,9bcb1729-926d-4462-b949-57f991e08673,https://www.protennis.fr/58088-sac-a-dos-de-tennis-tecnifibre-tour-endurance-kaki-2024.html,active,true,,2026-09-22T18:20:40.680Z,2026-09-25T04:01:54.404Z,b1506df4-e7ab-4855-86ba-6011ff21d573,Kaki
a8b77ffc-b2a5-4b9e-b2e3-2fad7af936ac,Raquette de tennis Head Boom Jr Alternate 2024,Head,raquettes,https://www.protennis.fr/30386-marketing_default/head-boom-jr-alternate-2024.jpg,130.00,91.00,30,9bcb1729-926d-4462-b949-57f991e08673,https://www.protennis.fr/57621-head-boom-jr-alternate-2024.html,active,true,,2026-09-22T18:19:50.685Z,2026-09-25T04:01:38.613Z,8f216da1-463b-438e-bd29-dff331b462f0,
a960d115-d424-4e10-b279-206d27d1008d,Raquette de tennis Babolat Pure Aero 98 Gen9,Babolat,raquettes,https://www.protennis.fr/46580-marketing_default/raquette-de-tennis-babolat-pure-aero-98-gen9.jpg,300.00,210.00,30,9bcb1729-926d-4462-b949-57f991e08673,https://www.protennis.fr/59634-raquette-de-tennis-babolat-pure-aero-98-gen9.html,active,true,,2026-09-22T18:19:47.281Z,2026-09-25T04:01:37.462Z,8e2ee1d1-9f97-47e7-ab65-5949f52148a7,
a960d8bc-3373-4be1-bc08-fb94159d419c,Debardeur de tennis Adidas Y Climacool femme White,Adidas,textile,https://www.protennis.fr/49209-marketing_default/debardeur-de-tennis-adidas-y-climacool-femme-white.jpg,55.00,33.00,40,9bcb1729-926d-4462-b949-57f991e08673,https://www.protennis.fr/59918-debardeur-de-tennis-adidas-y-climacool-femme-white.html,active,true,,2026-09-22T18:20:18.356Z,2026-09-25T04:01:47.229Z,8a7d5722-a925-4d19-afc0-08d151e9b379,Blanc
a9899377-0cb8-46f9-ae1c-a725a4a357ec,T-shirt de tennis Lacoste coton technique Ultra Dry Femme Navy,Lacoste,textile,https://www.protennis.fr/50343-marketing_default/t-shirt-de-tennis-lacoste-coton-technique-ultra-dry-femme-navy.jpg,60.00,51.00,15,9bcb1729-926d-4462-b949-57f991e08673,https://www.protennis.fr/60022-t-shirt-de-tennis-lacoste-coton-technique-ultra-dry-femme-navy.html,active,true,,2026-09-22T18:20:23.680Z,2026-09-25T04:01:49.193Z,0bd66898-20ca-447b-8e9c-6d4d4bcb72de,
a99909e9-f2a8-42f6-b016-25ea72979d97,Cordage de tennis Tecnifibre Razor Soft 130 Carbon Bobine 200m,Tecnifibre,cordages,https://www.protennis.fr/34450-marketing_default/cordage-de-tennis-tecnifibre-razor-soft-130-carbon-bobine-200m.jpg,200.00,140.00,30,9bcb1729-926d-4462-b949-57f991e08673,https://www.protennis.fr/58152-cordage-de-tennis-tecnifibre-razor-soft-130-carbon-bobine-200m.html,active,true,,2026-09-22T18:19:59.568Z,2026-09-25T04:01:41.326Z,02d56042-40db-444c-92c0-9fe17ae3becc,
a9bf337f-84c8-4eb5-8955-1e072fd1f583,Chaussures de tennis Asics Game FF Homme Violet Orange PE25,Asics,chaussures,https://www.protennis.fr/35637-marketing_default/chaussures-de-tennis-asics-game-ff-homme-violet-orange-pe25.jpg,90.00,54.00,40,9bcb1729-926d-4462-b949-57f991e08673,https://www.protennis.fr/58261-chaussures-de-tennis-asics-game-ff-homme-violet-orange-pe25.html,active,true,,2026-09-22T18:20:16.671Z,2026-09-25T04:01:46.395Z,9b90068b-aca5-4b62-8816-5992150855e4,Violet Orange
a9cb0f1a-5d6e-428d-b5e5-8f1d931ffc4b,Chaussures de tennis Adidas Ubersonic 5 Homme Jaune,Adidas,chaussures,https://www.protennis.fr/40198-marketing_default/chaussures-de-tennis-adidas-ubersonic-5-homme-jaune.jpg,150.00,90.00,40,9bcb1729-926d-4462-b949-57f991e08673,https://www.protennis.fr/58880-chaussures-de-tennis-adidas-ubersonic-5-homme-jaune.html,active,true,,2026-09-22T18:20:10.572Z,2026-09-25T04:01:44.732Z,4a1f2f9d-2ac3-47ff-be52-d1948078af2c,Jaune
a9d2c64c-f8ce-490c-9cd3-a488a7c2450e,Debardeur Femme Adidas Y Midi Aurora Vert,Adidas,textile,https://www.protennis.fr/42588-marketing_default/debardeur-femme-adidas-y-midi-aurora-vert.jpg,55.00,33.00,40,9bcb1729-926d-4462-b949-57f991e08673,https://www.protennis.fr/59123-debardeur-femme-adidas-y-midi-aurora-vert.html,active,true,,2026-09-22T18:20:19.796Z,2026-09-25T04:01:47.662Z,c593b614-d14d-47c1-98e7-1cf95e3a67ce,Vert
a9efe9e5-c073-4f62-9344-6e728857bb88,Raquette de tennis Babolat Pure Drive Wimbledon 2026,Babolat,raquettes,https://www.protennis.fr/49258-marketing_default/raquette-de-tennis-babolat-pure-drive-wimbledon-2026.jpg,279.95,251.96,10,9bcb1729-926d-4462-b949-57f991e08673,https://www.protennis.fr/59924-raquette-de-tennis-babolat-pure-drive-wimbledon-2026.html,active,true,,2026-09-22T18:19:47.636Z,2026-09-25T04:01:37.638Z,6beaa497-1c4e-4538-a522-12f3c7a1aac1,
aa1fac5a-7a91-4dc6-bb65-3f2d38a2b248,Polo de Tennis Le Coq Sportif Homme Blue Tide,Le Coq Sportif,textile,https://www.protennis.fr/45194-marketing_default/polo-de-tennis-le-coq-sportif-homme-blue-tide.jpg,90.00,54.00,40,9bcb1729-926d-4462-b949-57f991e08673,https://www.protennis.fr/59481-polo-de-tennis-le-coq-sportif-homme-blue-tide.html,active,true,,2026-09-22T18:20:25.908Z,2026-09-25T04:01:49.895Z,fec8ba78-ff8f-4155-bd57-e8bfd0e3b587,Bleu
aa313e61-afd3-46da-b2d1-be986dab568e,Debardeur de tennis Mizuno Femme Rose mulicolore,Mizuno,textile,https://www.protennis.fr/40390-marketing_default/debardeur-mizuno-femme-rose-mulicolore.jpg,45.00,27.00,40,9bcb1729-926d-4462-b949-57f991e08673,https://www.protennis.fr/58893-debardeur-mizuno-femme-rose-mulicolore.html,active,true,,2026-09-22T18:20:26.446Z,2026-09-25T04:01:50.050Z,85bbdce6-5c16-47a9-93b6-60c4e3be0907,Rose
aa439763-10a1-4c97-b6be-7803aac28051,Raquette de tennis Head Extreme MP 2024,Head,raquettes,https://www.protennis.fr/32927-marketing_default/raquette-de-tennis-head-extreme-mp-2024.jpg,260.00,182.00,30,9bcb1729-926d-4462-b949-57f991e08673,https://www.protennis.fr/57961-raquette-de-tennis-head-extreme-mp-2024.html,active,true,,2026-09-22T18:19:52.660Z,2026-09-25T04:01:39.233Z,2ddad4ac-a4aa-4be0-9df9-44be93905e31,
aa5e0c7a-993b-4376-abf2-5b036e8d75a2,Raquette de tennis Wilson Shift 99 Pro 315g,Wilson,raquettes,https://www.protennis.fr/28951-marketing_default/wilson-shift-99-315g.jpg,270.00,148.50,45,9bcb1729-926d-4462-b949-57f991e08673,https://www.protennis.fr/56524-wilson-shift-99-315g.html,active,true,,2026-09-22T18:19:56.112Z,2026-09-25T04:01:40.250Z,e0761b59-dfc3-4ac9-a0c9-e0c1d78c15fc,
aa9a93b9-b824-4bd1-b9f5-ad117f5a6a6e,Chaussures de tennis Nike Zoom GP Challenge Pro Homme Premium Beige Vert Printemps 2024,Nike,chaussures,https://www.protennis.fr/29924-marketing_default/nike-zoom-gp-challenge-pro-homme-premium-beige-vert-printemps-2024.jpg,120.00,60.00,50,9bcb1729-926d-4462-b949-57f991e08673,https://www.protennis.fr/57562-nike-zoom-gp-challenge-pro-homme-premium-beige-vert-printemps-2024.html,active,true,,2026-09-22T18:20:17.514Z,2026-09-25T04:01:46.631Z,c79c1fd1-14d3-4709-b36a-476b0d6ef240,Beige Vert
aa9fa301-9bcb-4aac-bd73-4af1fd11824a,Grip de tennis Wilson RF Cuir marron,Wilson,accessoires,https://www.protennis.fr/34262-marketing_default/grip-wilson-rf-cuir-marron.jpg,22.00,15.40,30,9bcb1729-926d-4462-b949-57f991e08673,https://www.protennis.fr/58131-grip-wilson-rf-cuir-marron.html,active,true,,2026-09-22T18:20:34.124Z,2026-09-25T04:01:52.405Z,300fe45e-cc31-49c0-bfd6-73a50cad7fb3,Marron
aaaaa140-d90e-4f4b-a244-4d1d5d276472,Short Asics Court 7 Homme Aurora green,Asics,textile,https://www.protennis.fr/44609-marketing_default/short-asics-court-7-homme-aurora-green.jpg,40.00,24.00,40,9bcb1729-926d-4462-b949-57f991e08673,https://www.protennis.fr/59372-short-asics-court-7-homme-aurora-green.html,active,true,,2026-09-22T18:20:22.357Z,2026-09-25T04:01:48.767Z,67505573-11f2-4c96-b015-8a116ca33856,Vert
aab91e4a-fb6e-4f13-8fd9-5f52379296f7,Cordage de tennis Luxilon Eco Power 125 Bobine 200m,Luxilon,cordages,https://www.protennis.fr/26806-marketing_default/muxilon-eco-power-125-bobine-200m.jpg,170.00,119.00,30,9bcb1729-926d-4462-b949-57f991e08673,https://www.protennis.fr/57015-muxilon-eco-power-125-bobine-200m.html,active,true,,2026-09-22T18:20:03.815Z,2026-09-25T04:01:42.716Z,88c565f2-bda6-48f6-a7dd-a378dd99f949,
aac46a84-708f-42ff-8f8a-97f538a139f8,T-shirt de tennis Enfant Nike Miller Blanc,Nike,textile,https://www.protennis.fr/36930-marketing_default/t-shirt-enfant-nike-miller-blanc.jpg,28.00,16.80,40,9bcb1729-926d-4462-b949-57f991e08673,https://www.protennis.fr/58408-t-shirt-enfant-nike-miller-blanc.html,active,true,,2026-09-22T18:20:32.029Z,2026-09-25T04:01:51.705Z,953f853c-9312-4baf-bb9e-fadc606eedab,Blanc
aade5a8b-0962-41ba-a711-f49d2920d945,Chaussettes de tennis Nike Multiplier Ankle 2 pack Chaussettes,Nike,textile,https://www.protennis.fr/14577-marketing_default/nike-multiplier-ankle-2-pack-chaussettes.jpg,23.00,19.09,17,9bcb1729-926d-4462-b949-57f991e08673,https://www.protennis.fr/54557-nike-multiplier-ankle-2-pack-chaussettes.html,active,true,,2026-09-22T18:20:33.204Z,2026-09-25T04:01:52.099Z,0e98c5bd-c839-4302-b86f-9688b68666dd,
aae01bc9-2cb8-4a14-a4ca-17e6c9e0ee9c,Chaussures de tennis Asics Gel Resolution X Femme Vieux rose PE25,Asics,chaussures,https://www.protennis.fr/35734-marketing_default/chaussures-de-tennis-asics-gel-resolution-x-femme-vieux-rose-pe25.jpg,160.00,96.00,40,9bcb1729-926d-4462-b949-57f991e08673,https://www.protennis.fr/58254-chaussures-de-tennis-asics-gel-resolution-x-femme-vieux-rose-pe25.html,active,true,,2026-09-22T18:20:16.771Z,2026-09-25T04:01:46.417Z,5f28392d-849c-43ca-aa90-de98a3577ff3,Rose
aae38f5b-4094-4b76-b420-5bd9fea59507,Chaussures de tennis Babolat Jet Tere 2 Homme Bleu roi,Babolat,chaussures,https://www.protennis.fr/31211-marketing_default/chaussures-de-tennis-babolat-jet-tere-2-homme-bleu-ah24.jpg,110.00,66.00,40,9bcb1729-926d-4462-b949-57f991e08673,https://www.protennis.fr/57705-chaussures-de-tennis-babolat-jet-tere-2-homme-bleu-ah24.html,active,true,,2026-09-22T18:20:12.201Z,2026-09-25T04:01:45.187Z,82f69a40-6f6f-4961-98df-e393c333bc89,Bleu
aaec5ae9-38b5-492a-97db-bf88f983be0d,Robe de tennis Adidas Dress Pro Aurora Ink,Adidas,textile,https://www.protennis.fr/50221-marketing_default/robe-de-tennis-adidas-dress-pro-aurora-ink.jpg,100.00,80.00,20,9bcb1729-926d-4462-b949-57f991e08673,https://www.protennis.fr/60010-robe-de-tennis-adidas-dress-pro-aurora-ink.html,active,true,,2026-09-22T18:20:18.230Z,2026-09-25T04:01:47.184Z,15aef1d8-d4dd-4f70-9f54-5bc240c17edd,
ab7876ee-c081-45a4-8938-9b5139f42299,T-shirt de tennis Nike Advantage Printed Striped Homme Bleu,Nike,textile,https://www.protennis.fr/43057-marketing_default/t-shirt-nike-advantage-printed-striped-homme-bleu.jpg,70.00,42.00,40,9bcb1729-926d-4462-b949-57f991e08673,https://www.protennis.fr/59226-t-shirt-nike-advantage-printed-striped-homme-bleu.html,active,true,,2026-09-22T18:20:30.185Z,2026-09-25T04:01:51.152Z,95932172-228c-4eff-87fa-0515f531f7e0,Bleu
ab930540-a6bb-4a33-9794-84fbc6bc8f47,Raquette de tennis Yonex Ezone Alpha 275g 2025,Yonex,raquettes,https://www.protennis.fr/37593-marketing_default/raquette-de-tennis-yonex-ezone-alpha-275g-2025.jpg,179.00,125.30,30,9bcb1729-926d-4462-b949-57f991e08673,https://www.protennis.fr/58540-raquette-de-tennis-yonex-ezone-alpha-275g-2025.html,active,true,,2026-09-22T18:19:58.289Z,2026-09-25T04:01:41.014Z,1d777f32-c8cd-49da-8500-1a0abd617a65,
abac3377-30f7-44be-96e7-1ae1c889508d,Sac à dos de tennis enfant Head Tour 14L Monstre 2024,Head,accessoires,https://www.protennis.fr/34290-marketing_default/sac-a-dos-enfant-head-tour-14l-monstre-2024.jpg,45.00,31.50,30,9bcb1729-926d-4462-b949-57f991e08673,https://www.protennis.fr/58111-sac-a-dos-enfant-head-tour-14l-monstre-2024.html,active,true,,2026-09-22T18:20:43.099Z,2026-09-25T04:01:55.064Z,fbb6fade-a7c2-4831-b078-4a7e4c853c63,
abd8f948-6269-4139-b966-a561483c340c,Cordage de tennis PRINCE PREMIER CONTROL 140 NOIR GARNITURE,Prince,cordages,https://www.protennis.fr/2429-marketing_default/prince-premier-control-140-noir-garniture.jpg,17.00,15.30,10,9bcb1729-926d-4462-b949-57f991e08673,https://www.protennis.fr/35067-prince-premier-control-140-noir-garniture.html,active,true,,2026-09-22T18:20:02.585Z,2026-09-25T04:01:42.300Z,1ad00938-89cd-45d9-82f1-7548afa986c8,Noir
ac03a19d-c078-497c-b0a4-f0e2abf26a30,Raquette de tennis Babolat Pure Aero Lite 2023,Babolat,raquettes,https://www.protennis.fr/23920-marketing_default/babolat-pure-aero-lite-2023.jpg,240.00,144.00,40,9bcb1729-926d-4462-b949-57f991e08673,https://www.protennis.fr/56308-babolat-pure-aero-lite-2023.html,active,true,,2026-09-22T18:19:48.508Z,2026-09-25T04:01:37.925Z,7265fdf1-f8d3-400c-826b-183634c93999,
ac1ddce5-b37d-4d66-933e-f2170b560d62,Sac de tennis Head Tour Racquet Bag L Vert fluo,Head,accessoires,https://www.protennis.fr/37183-marketing_default/sac-de-tennis-head-tour-racquet-bag-l-vert-fluo.jpg,100.00,70.00,30,9bcb1729-926d-4462-b949-57f991e08673,https://www.protennis.fr/58478-sac-de-tennis-head-tour-racquet-bag-l-vert-fluo.html,active,true,,2026-09-22T18:20:42.807Z,2026-09-25T04:01:54.964Z,90069751-dddd-444f-9fcc-ed3b82670238,Vert
ac239ed4-ccf2-4d2e-b6a2-9d5d3baceb5f,Manchon de tennis Floky No Strain Yellow x2,Floky,textile,https://www.protennis.fr/45494-marketing_default/manchon-de-tennis-floky-no-strain-yellow.jpg,36.90,33.21,10,9bcb1729-926d-4462-b949-57f991e08673,https://www.protennis.fr/59531-manchon-de-tennis-floky-no-strain-yellow.html,active,true,,2026-09-22T18:20:23.456Z,2026-09-25T04:01:49.115Z,f611be71-b7bd-4249-bd77-6dabad46abf9,Jaune
ac2b0fa2-5519-4623-bcd0-6f3485724299,Short de tennis Lacoste Édition Roland-Garros Homme Bleu Orange,Lacoste,textile,https://www.protennis.fr/48718-marketing_default/short-de-tennis-lacoste-djokovic-homme-orange.jpg,100.00,60.00,40,9bcb1729-926d-4462-b949-57f991e08673,https://www.protennis.fr/59867-short-de-tennis-lacoste-djokovic-homme-orange.html,active,true,,2026-09-22T18:20:24.269Z,2026-09-25T04:01:49.376Z,d7fa0103-f305-4302-aa26-4cfefb4676fe,Bleu Orange
ac357d7c-7eb4-460d-9006-6688874c6066,Chaussettes de tennis NIKE DRY LIGHTWEIGHT SOCKS X3 COURTES DRI-FIT NOIRES,Nike,textile,https://www.protennis.fr/2801-marketing_default/nike-dry-cush-socks-x3-courtes-dri-fit-noires.jpg,20.00,18.00,10,9bcb1729-926d-4462-b949-57f991e08673,https://www.protennis.fr/43260-nike-dry-cush-socks-x3-courtes-dri-fit-noires.html,active,true,,2026-09-22T18:20:32.999Z,2026-09-25T04:01:52.032Z,c32150aa-754d-4598-a2f3-ccc67f740d45,
ac6d62ab-6856-4fcd-8acc-e6d0b641bb08,Cordage de tennis Babolat Rpm Hurricane Jaune 120 Bobine 200m,Babolat,cordages,https://www.protennis.fr/40187-marketing_default/cordage-de-tennis-babolat-rpm-hurricane-jaune-120-bobine-200m.jpg,159.95,111.96,30,9bcb1729-926d-4462-b949-57f991e08673,https://www.protennis.fr/55577-cordage-de-tennis-babolat-rpm-hurricane-jaune-120-bobine-200m.html,active,true,,2026-09-22T18:20:00.413Z,2026-09-25T04:01:41.611Z,53ae769f-b32c-4e86-95c1-06373f8d5f70,Jaune
ac7ccea4-56aa-4eff-9e33-3074d71b9f25,Polo de tennis Nike Polo Advantage 1/2 Zip Homme Vert Pomme Ete 2023,Nike,textile,https://www.protennis.fr/26476-marketing_default/nike-polo-advantage-12-zip-homme-vert-pomme-ete-2023.jpg,65.00,32.50,50,9bcb1729-926d-4462-b949-57f991e08673,https://www.protennis.fr/56975-nike-polo-advantage-12-zip-homme-vert-pomme-ete-2023.html,active,true,,2026-09-22T18:20:32.794Z,2026-09-25T04:01:51.967Z,ab3da4ab-7f2b-4d0e-932d-20060918d177,Vert
acca5039-9241-48ad-b93c-e4cc0ab682d3,Surgrip de tennis HEAD XTREME SOFT Mix,Head,accessoires,https://www.protennis.fr/38866-marketing_default/surgrip-de-tennis-head-xtreme-soft-mix.jpg,7.00,4.90,30,9bcb1729-926d-4462-b949-57f991e08673,https://www.protennis.fr/58713-surgrip-de-tennis-head-xtreme-soft-mix.html,active,true,,2026-09-22T18:20:35.867Z,2026-09-25T04:01:52.867Z,016afb78-ce59-494c-9cf4-b8fb2d7812df,
acce7d3a-c552-4782-a4ca-e96950a7194f,Veste de tennis Lacoste Édition Roland-Garros Femme Vert sapin,Lacoste,textile,https://www.protennis.fr/48708-marketing_default/veste-de-tennis-lacoste-edition-roland-garros-femme-vert-sapin.jpg,190.00,114.00,40,9bcb1729-926d-4462-b949-57f991e08673,https://www.protennis.fr/59865-veste-de-tennis-lacoste-edition-roland-garros-femme-vert-sapin.html,active,true,,2026-09-22T18:20:24.350Z,2026-09-25T04:01:49.398Z,df32a224-3490-4a2d-af3f-459f779f0c44,Vert
acffda91-a0b0-4cb5-9e9c-c3287c7f4eca,Raquette de tennis Babolat Pure Drive Lite Gen11,Babolat,raquettes,https://www.protennis.fr/36371-marketing_default/raquette-de-tennis-babolat-pure-drive-lite-gen11.jpg,230.00,161.00,30,9bcb1729-926d-4462-b949-57f991e08673,https://www.protennis.fr/58395-raquette-de-tennis-babolat-pure-drive-lite-gen11.html,active,true,,2026-09-22T18:19:49.044Z,2026-09-25T04:01:38.095Z,7aa4e9ba-e2be-423b-8ad0-102becf6de61,
ad26a64f-60be-40b7-8a0f-2f9ecff79231,Chaussures de tennis Asics Gel Resolution X Femme Bleu,Asics,chaussures,https://www.protennis.fr/39483-marketing_default/chaussures-de-tennis-asics-gel-resolution-x-femme-bleu.jpg,160.00,96.00,40,9bcb1729-926d-4462-b949-57f991e08673,https://www.protennis.fr/58818-chaussures-de-tennis-asics-gel-resolution-x-femme-bleu.html,active,true,,2026-09-22T18:20:15.875Z,2026-09-25T04:01:46.194Z,354d5eb1-1be9-4d79-89de-59965356095a,Bleu
ad2a2c26-f5b1-4925-abb0-2bff9ce4a7e2,Chaussures de tennis Babolat Jet Tere 2 Homme Sunny Lime,Babolat,chaussures,https://www.protennis.fr/48279-marketing_default/chaussures-de-tennis-babolat-jet-tere-2-homme-sunny-lime.jpg,110.00,66.00,40,9bcb1729-926d-4462-b949-57f991e08673,https://www.protennis.fr/59824-chaussures-de-tennis-babolat-jet-tere-2-homme-sunny-lime.html,active,true,,2026-09-22T18:20:06.845Z,2026-09-25T04:01:43.613Z,b2a152e8-4381-4f7c-9d79-626ded7c1e7c,
ad3f3e28-bde8-4a87-9091-400088a4f000,Chaussures de tennis Adidas Barricade 14 Homme Blanc,Adidas,chaussures,https://www.protennis.fr/45771-marketing_default/chaussures-de-tennis-adidas-barricade-14-homme-blanc.jpg,160.00,89.00,44,9bcb1729-926d-4462-b949-57f991e08673,https://www.protennis.fr/59559-chaussures-de-tennis-adidas-barricade-14-homme-blanc.html,active,true,,2026-09-22T18:20:08.127Z,2026-09-25T04:01:43.998Z,f5ebea8b-1a48-42f7-bba9-dc7b261e5140,Blanc
ad3f7ad1-decb-48cc-b61a-131d005f51d2,Cordage de tennis Babolat Xalt 125 bobine 200m,Babolat,cordages,https://www.protennis.fr/40043-marketing_default/cordage-de-tennis-babolat-xalt-125-bobine-200m.jpg,349.95,244.97,30,9bcb1729-926d-4462-b949-57f991e08673,https://www.protennis.fr/58872-cordage-de-tennis-babolat-xalt-125-bobine-200m.html,active,true,,2026-09-22T18:19:59.363Z,2026-09-25T04:01:41.270Z,d6c97591-8017-44f2-b701-3b47d6758c54,
ad5afcd7-3645-47c5-92e6-0c536b63816b,Short de tennis Lacoste Ultra Dry Homme Bleu Gris,Lacoste,textile,https://www.protennis.fr/50353-marketing_default/short-de-tennis-lacoste-ultra-dry-homme-bleu-gris.jpg,90.00,76.50,15,9bcb1729-926d-4462-b949-57f991e08673,https://www.protennis.fr/60023-short-de-tennis-lacoste-ultra-dry-homme-bleu-gris.html,active,true,,2026-09-22T18:20:23.656Z,2026-09-25T04:01:49.182Z,af9425ac-b120-4584-8ac3-a87fb77c773d,Bleu Gris
ada5f8b0-ce70-4452-a2d0-11e1451e755c,Sac de tennis Yonex Percept Pro 6 Raquettes Vert foncé,Yonex,accessoires,https://www.protennis.fr/45215-marketing_default/sac-de-tennis-yonex-percept-pro-9-raquettes-vert-fonce.jpg,125.00,87.50,30,9bcb1729-926d-4462-b949-57f991e08673,https://www.protennis.fr/59483-sac-de-tennis-yonex-percept-pro-9-raquettes-vert-fonce.html,active,true,,2026-09-22T18:20:41.961Z,2026-09-25T04:01:54.721Z,634a95f5-9cf9-4fe7-bc9c-c24889242616,Vert
adcd0a7f-2ed7-4d94-ae13-e8f61516834a,Chaussures Asics Solution Speed FF 3 Femme Terre Battue Blanc rose,Asics,chaussures,https://www.protennis.fr/40693-marketing_default/chaussures-asics-solution-speed-ff-3-femme-terre-battue-blanc-rose.jpg,150.00,90.00,40,9bcb1729-926d-4462-b949-57f991e08673,https://www.protennis.fr/58923-chaussures-asics-solution-speed-ff-3-femme-terre-battue-blanc-rose.html,active,true,,2026-09-22T18:20:10.344Z,2026-09-25T04:01:44.654Z,31e34172-f0a5-4a42-bf2e-35665fbb138f,Blanc Rose
ae2e2b79-5290-410a-93b9-80a1406a75b2,Polo de tennis EA7 Polo Ventus7 Homme Vert PE24,EA7,textile,https://www.protennis.fr/30598-marketing_default/ea7-polo-ventus7-homme-vert-pe24.jpg,85.00,42.50,50,9bcb1729-926d-4462-b949-57f991e08673,https://www.protennis.fr/57646-ea7-polo-ventus7-homme-vert-pe24.html,active,true,,2026-09-22T18:20:23.325Z,2026-09-25T04:01:49.070Z,a081086a-9f67-483d-b222-717ea21bf405,Vert
ae5c74be-9608-4ff1-91c7-eb07158e2aa1,Surgrip de tennis PRINCE GRIP+ GEL ANTI-TRANSPIRANT,Prince,accessoires,https://www.protennis.fr/3659-marketing_default/prince-grip-gel-anti-transpirant.jpg,12.50,8.75,30,9bcb1729-926d-4462-b949-57f991e08673,https://www.protennis.fr/34227-prince-grip-gel-anti-transpirant.html,active,true,,2026-09-22T18:20:36.254Z,2026-09-25T04:01:53.010Z,1bec8a7a-309f-454e-b374-8441e1e104f6,
ae86a7f9-6f75-4090-b29a-48896291fe7d,Sac de tennis Head Tote bag 22L Palm Tree Crew,Head,accessoires,https://www.protennis.fr/41057-marketing_default/sac-de-tennis-head-tote-bag-22l-palm-tree-crew.jpg,90.00,63.00,30,9bcb1729-926d-4462-b949-57f991e08673,https://www.protennis.fr/58985-sac-de-tennis-head-tote-bag-22l-palm-tree-crew.html,active,true,,2026-09-22T18:20:40.047Z,2026-09-25T04:01:54.206Z,ea93823a-df9a-404c-b64c-3743d78665c9,
aeb703b4-cc75-4cda-b498-65a2457f995f,Chaussures de tennis Babolat Propulse Enfant Orange,Babolat,chaussures,https://www.protennis.fr/38464-marketing_default/chaussures-de-tennis-babolat-propulse-enfant-orange-.jpg,65.00,39.00,40,9bcb1729-926d-4462-b949-57f991e08673,https://www.protennis.fr/58648-chaussures-de-tennis-babolat-propulse-enfant-orange-.html,active,true,,2026-09-22T18:20:11.272Z,2026-09-25T04:01:44.911Z,52aaf51c-89e2-4a8f-9e0b-9f07632f72c9,Orange
aec057bc-a722-4be4-8431-b6d16c90275d,Chaussures de tennis Adidas Barricade 14 Homme White And Black,Adidas,chaussures,https://www.protennis.fr/50878-marketing_default/chaussures-de-tennis-adidas-barricade-14-homme-white-and-black.jpg,160.00,99.00,38,9bcb1729-926d-4462-b949-57f991e08673,https://www.protennis.fr/60075-chaussures-de-tennis-adidas-barricade-14-homme-white-and-black.html,active,true,,2026-09-22T18:20:04.380Z,2026-09-25T04:01:42.883Z,193db426-ac63-41be-80b5-1d0d2389e411,Blanc Noir
aedda17f-a3db-466b-a489-bbec4759dba3,Raquette de tennis Babolat Pure Drive Lite 2021,Babolat,raquettes,https://www.protennis.fr/15943-marketing_default/babolat-pure-drive-lite-2021.jpg,220.00,119.00,46,9bcb1729-926d-4462-b949-57f991e08673,https://www.protennis.fr/54776-babolat-pure-drive-lite-2021.html,active,true,,2026-09-22T10:32:42.795Z,2026-09-25T04:01:38.195Z,fb5fa441-7f50-4072-b997-f6b3f6c44a8f,
aeec40b5-da7b-411f-ab21-5bd1e4318660,Raquette de tennis Head Gravity Pro 2025,Head,raquettes,https://www.protennis.fr/36188-marketing_default/raquette-de-tennis-head-gravity-pro-2025.jpg,300.00,210.00,30,9bcb1729-926d-4462-b949-57f991e08673,https://www.protennis.fr/58383-raquette-de-tennis-head-gravity-pro-2025.html,active,true,,2026-09-22T18:19:50.785Z,2026-09-25T04:01:38.649Z,53cfc0d9-71f7-494e-a2a0-4f6eeaffb3b9,
af3701bf-6709-481b-9023-64e3cc6538af,Raquette de tennis Head Extreme MP L 2024,Head,raquettes,https://www.protennis.fr/32932-marketing_default/raquette-de-tennis-head-extreme-mp-l-2024.jpg,230.00,129.00,44,9bcb1729-926d-4462-b949-57f991e08673,https://www.protennis.fr/57960-raquette-de-tennis-head-extreme-mp-l-2024.html,active,true,,2026-09-22T18:19:52.706Z,2026-09-25T04:01:39.246Z,cd0397b3-37d7-4fd6-8555-0ffccb1686d9,
af503b89-c9db-4e69-b880-940cee7c88a9,Cordage de tennis Head Lynx Jaune 120 Garniture,Head,cordages,https://www.protennis.fr/12524-marketing_default/head-lynx-jaune-120-garniture.jpg,15.00,10.50,30,9bcb1729-926d-4462-b949-57f991e08673,https://www.protennis.fr/53757-head-lynx-jaune-120-garniture.html,active,true,,2026-09-22T18:20:00.845Z,2026-09-25T04:01:41.813Z,ba8a29cd-a176-4b4f-b185-c765e0291218,Jaune
af5bed96-9c97-42e5-a1d2-260984e66a53,Raquette de tennis Head Boom Jr 25 Alternate 2024,Head,raquettes,https://www.protennis.fr/30390-marketing_default/head-boom-jr-25-alternate-2024-.jpg,130.00,91.00,30,9bcb1729-926d-4462-b949-57f991e08673,https://www.protennis.fr/57622-head-boom-jr-25-alternate-2024-.html,active,true,,2026-09-22T18:19:50.375Z,2026-09-25T04:01:38.514Z,0722caf4-ac65-4575-ba7b-db816258bdb2,
af7ef7b2-374c-49b1-bf4a-4ba422f0833a,Gourde Thermo Sila x Waterdrop Novak Djokovic 1L Bleue 2024,Waterdrop,accessoires,https://www.protennis.fr/35527-marketing_default/gourde-thermo-sila-x-waterdrop-novak-djokovic-1l-bleue-2024.jpg,42.90,38.61,10,9bcb1729-926d-4462-b949-57f991e08673,https://www.protennis.fr/58300-gourde-thermo-sila-x-waterdrop-novak-djokovic-1l-bleue-2024.html,active,true,,2026-09-22T18:20:35.919Z,2026-09-25T04:01:52.878Z,73e11e37-a7cf-4cf3-b21e-0e4dae1dbe0e,Bleu
afec0090-5282-46d1-b1f7-7f72ace768b7,Chaussures de tennis Babolat Jet Mach 4 Homme Spectra,Babolat,chaussures,https://www.protennis.fr/50116-marketing_default/chaussures-de-tennis-babolat-jet-mach-4-homme-spectra.jpg,160.00,159.99,0,9bcb1729-926d-4462-b949-57f991e08673,https://www.protennis.fr/60001-chaussures-de-tennis-babolat-jet-mach-4-homme-spectra.html,active,true,,2026-09-22T18:20:05.772Z,2026-09-25T04:01:43.281Z,915daf56-2ed9-4b01-9c34-7ad08f022c2a,
b01214b0-658d-4e8c-949f-aafb41dc10ae,Raquette de tennis Head Radical Team 2023,Head,raquettes,https://www.protennis.fr/24353-marketing_default/head-radical-team-2023.jpg,250.00,149.00,40,9bcb1729-926d-4462-b949-57f991e08673,https://www.protennis.fr/56710-head-radical-team-2023.html,active,true,,2026-09-22T18:19:52.399Z,2026-09-25T04:01:39.133Z,d7791f6e-4ea0-45ff-be6f-15b8729ec1eb,
b039a100-5e5f-4930-b513-50ee8c854444,Cordage de tennis Tecnifibre TGV 140 Naturel Garniture,Tecnifibre,cordages,https://www.protennis.fr/20063-marketing_default/tecnifibre-tgv-140-naturel-garniture.jpg,23.00,17.25,25,9bcb1729-926d-4462-b949-57f991e08673,https://www.protennis.fr/14903-tecnifibre-tgv-140-naturel-garniture.html,active,true,,2026-09-22T18:20:04.223Z,2026-09-25T04:01:42.839Z,182df6f1-7894-46ba-802d-22a86e89c9d0,
b0540ae5-bfaa-44f3-9f0e-3402c05b97ce,"Short Adidas Club 7"" Homme Noir",Adidas,textile,https://www.protennis.fr/40109-marketing_default/short-adidas-club-7-homme-noir.jpg,40.00,24.00,40,9bcb1729-926d-4462-b949-57f991e08673,https://www.protennis.fr/58867-short-adidas-club-7-homme-noir.html,active,true,,2026-09-22T18:20:18.748Z,2026-09-25T04:01:47.365Z,779d71bc-ce9b-4861-9466-7fe452f515e8,Noir
b164708f-69d9-45df-802c-0d600c2b27f5,Raquette de tennis Head Speed Pro 2026,Head,raquettes,https://www.protennis.fr/45200-marketing_default/raquette-de-tennis-head-speed-pro-2026.jpg,300.00,210.00,30,9bcb1729-926d-4462-b949-57f991e08673,https://www.protennis.fr/59482-raquette-de-tennis-head-speed-pro-2026.html,active,true,,2026-09-22T18:19:51.194Z,2026-09-25T04:01:38.786Z,715e5ed0-43a8-49ae-978f-6c302f9362c5,
b181723d-0969-4a77-96db-b2d9b4380eb0,Cordage de tennis CORDAGE LUXILON ALU POWER SOFT 125 BOBINE 200m,Luxilon,cordages,https://www.protennis.fr/1806-marketing_default/cordage-luxilon-alu-power-soft-125-bobine-200m.jpg,330.00,231.00,30,9bcb1729-926d-4462-b949-57f991e08673,https://www.protennis.fr/35999-cordage-luxilon-alu-power-soft-125-bobine-200m.html,active,true,,2026-09-22T18:20:02.177Z,2026-09-25T04:01:42.212Z,a433364e-6af8-4105-b6ca-cd98def7705e,
b190d3b7-4027-4599-a35e-16fdd1e0d957,Surgrip de tennis Yonex 102 EX,Yonex,accessoires,https://www.protennis.fr/7900-marketing_default/yonex-surgrip-102-ex.jpg,8.00,5.60,30,9bcb1729-926d-4462-b949-57f991e08673,https://www.protennis.fr/53302-yonex-surgrip-102-ex.html,active,true,,2026-09-22T18:20:36.124Z,2026-09-25T04:01:52.966Z,d2d2ec89-b316-482d-83ab-7d40448bd463,
b1ef9afc-e8ba-4a4c-8337-592bdd0217a1,Chaussures de tennis Adidas Barricade Homme Noir Gris,Adidas,chaussures,https://www.protennis.fr/42548-marketing_default/chaussures-de-tennis-adidas-barricade-homme-noir-gris.jpg,150.00,89.00,41,9bcb1729-926d-4462-b949-57f991e08673,https://www.protennis.fr/59158-chaussures-de-tennis-adidas-barricade-homme-noir-gris.html,active,true,,2026-09-22T18:20:09.807Z,2026-09-25T04:01:44.509Z,2a6e476e-2e03-475b-b047-55b015988945,Noir Gris
b208b209-a8cd-4ad5-9ce6-ca0fa3c3e767,Raquette de tennis Tecnifibre T-Fight 315S 2025,Tecnifibre,raquettes,https://www.protennis.fr/35993-marketing_default/raquette-de-tennis-tecnifibre-t-fight-315s-2025.jpg,270.00,189.00,30,9bcb1729-926d-4462-b949-57f991e08673,https://www.protennis.fr/58358-raquette-de-tennis-tecnifibre-t-fight-315s-2025.html,active,true,,2026-09-22T18:19:55.062Z,2026-09-25T04:01:39.979Z,adcc3ec0-1537-416a-a480-1cc445de1de9,
b227caff-d727-442a-9145-cc442de5f2bd,Cordage de tennis Wilson Revolve 130 Orange Bobine 200m,Wilson,cordages,https://www.protennis.fr/15142-marketing_default/wilson-revolve-130-orange-bobine-200m.jpg,170.00,119.00,30,9bcb1729-926d-4462-b949-57f991e08673,https://www.protennis.fr/54651-wilson-revolve-130-orange-bobine-200m.html,active,true,,2026-09-22T18:20:00.538Z,2026-09-25T04:01:41.655Z,63465221-0f75-4a2a-898a-3a3501b770e6,Orange
b27b3818-bd08-4b79-8a88-4e0b0e7b4ec9,Short Enfant Adidas Y3 Violet,Adidas,textile,https://www.protennis.fr/42546-marketing_default/short-enfant-adidas-y3-violet.jpg,50.00,30.00,40,9bcb1729-926d-4462-b949-57f991e08673,https://www.protennis.fr/59102-short-enfant-adidas-y3-violet.html,active,true,,2026-09-22T18:20:19.867Z,2026-09-25T04:01:47.685Z,84aba73b-4de2-4997-8376-56ad757145e8,Violet
b288bbca-61dc-402c-8d5b-32e59a9b7a79,Raquette de tennis Wilson Defyer 100L V1,Wilson,raquettes,https://www.protennis.fr/50734-marketing_default/raquette-de-tennis-wilson-defyer-100l-v1.jpg,250.00,212.50,15,9bcb1729-926d-4462-b949-57f991e08673,https://www.protennis.fr/60063-raquette-de-tennis-wilson-defyer-100l-v1.html,active,true,,2026-09-22T18:19:55.701Z,2026-09-25T04:01:40.124Z,bedfdb0b-e6fb-4052-a55f-8b16f1692b45,
b2970985-de8e-4502-a66c-b40837306f07,Cordage de tennis Head Lynx Tour Garniture,Head,cordages,https://www.protennis.fr/13209-marketing_default/head-lynx-tour-125-garniture.jpg,15.00,10.50,30,9bcb1729-926d-4462-b949-57f991e08673,https://www.protennis.fr/54241-head-lynx-tour-125-garniture.html,active,true,,2026-09-22T18:20:03.899Z,2026-09-25T04:01:42.738Z,37894dcb-757a-446a-8ae1-7092e0eb7bed,
b2b91e3a-b41f-4121-b656-d41b5013d57b,Chaussures de tennis Adidas Solematch Control 2 Homme White And Black,Adidas,chaussures,https://www.protennis.fr/49979-marketing_default/chaussures-de-tennis-adidas-solematch-control-2-homme-white-and-black.jpg,130.00,104.00,20,9bcb1729-926d-4462-b949-57f991e08673,https://www.protennis.fr/59982-chaussures-de-tennis-adidas-solematch-control-2-homme-white-and-black.html,active,true,,2026-09-22T18:20:05.867Z,2026-09-25T04:01:43.316Z,2a4748dc-2d4f-47ab-a358-6fad14a7eb03,Blanc Noir
b2c13b2a-4e93-413a-8295-ff48fcc41160,Cordage de tennis HEAD LYNX ROUGE 130 BOBINE 200m,Head,cordages,https://www.protennis.fr/3368-marketing_default/head-lynx-rouge-130-bobine-200m.jpg,150.00,99.00,34,9bcb1729-926d-4462-b949-57f991e08673,https://www.protennis.fr/44035-head-lynx-rouge-130-bobine-200m.html,active,true,,2026-09-22T18:20:01.664Z,2026-09-25T04:01:42.047Z,8f12ce0f-d5e3-4677-b6ca-2e28ff37b8a9,Rouge
b2cc4a39-b5d0-4ac2-a1a4-cbdc0aad3664,Chaussures de tennis Asics Solution Speed FF 4 Homme Noir green,Asics,chaussures,https://www.protennis.fr/44818-marketing_default/chaussures-de-tennis-asics-solution-speed-ff-4-homme-noir-green.jpg,160.00,96.00,40,9bcb1729-926d-4462-b949-57f991e08673,https://www.protennis.fr/59424-chaussures-de-tennis-asics-solution-speed-ff-4-homme-noir-green.html,active,true,,2026-09-22T18:20:08.579Z,2026-09-25T04:01:45.531Z,9c75e966-3da7-4633-83e4-094a6579c51d,Noir Vert
b2e23976-c5bb-43f5-9fb6-a6be51e2f10b,Chaussures de tennis Adidas Ubersonic 5 Femme Rouge fluo PE25,Adidas,chaussures,https://www.protennis.fr/37072-marketing_default/chaussures-de-tennis-adidas-ubersonic-5-femme-rouge-fluo-pe25.jpg,150.00,90.00,40,9bcb1729-926d-4462-b949-57f991e08673,https://www.protennis.fr/58305-chaussures-de-tennis-adidas-ubersonic-5-femme-rouge-fluo-pe25.html,active,true,,2026-09-22T18:20:11.809Z,2026-09-25T04:01:45.086Z,3008b049-0bf8-4e38-a50b-4db121736d05,Rouge
b2ec45ec-798d-42dd-ae4a-ff0f2b460ad5,Sac a dos Babolat Court Lite Noir multicolore,Babolat,accessoires,https://www.protennis.fr/41791-marketing_default/sac-a-dos-babolat-court-lite-noir-multicolore.jpg,50.00,30.00,40,9bcb1729-926d-4462-b949-57f991e08673,https://www.protennis.fr/59075-sac-a-dos-babolat-court-lite-noir-multicolore.html,active,true,,2026-09-22T18:20:39.913Z,2026-09-25T04:01:54.162Z,0cb0c324-40fa-436a-b712-8bb5c6456718,Noir Multicolore
b2f6f399-a2c5-4577-8912-00de7b309f6d,Raquette de tennis Tecnifibre TF X1 V2 285 Cordée 2024,Tecnifibre,raquettes,https://www.protennis.fr/32036-marketing_default/tecnifibre-tf-x1-v2-285-2024.jpg,230.00,109.00,53,9bcb1729-926d-4462-b949-57f991e08673,https://www.protennis.fr/57835-tecnifibre-tf-x1-v2-285-2024.html,active,true,,2026-09-22T10:32:42.235Z,2026-09-25T04:01:39.878Z,889b0164-eaee-4e92-b1d6-240f9ce974e0,
b353e545-6e2a-4dd9-b600-91a047fee2f6,Chaussures de tennis K-swiss Ultrashot 3 Classic Homme PE23,K-swiss,chaussures,https://www.protennis.fr/25444-marketing_default/k-swiss-ultrashot-3-classic-homme-pe23.jpg,200.00,100.00,50,9bcb1729-926d-4462-b949-57f991e08673,https://www.protennis.fr/56836-k-swiss-ultrashot-3-classic-homme-pe23.html,active,true,,2026-09-22T18:20:12.381Z,2026-09-25T04:01:45.231Z,867a8d0b-ec57-482b-a5f6-1a5ee6a308c0,
b3613aaa-afe5-404b-bd20-a3d0e8fafee3,Chaussures Adidas Defiant Speed 2 Terre battue Homme Blanc Orange,Adidas,chaussures,https://www.protennis.fr/46002-marketing_default/chaussures-adidas-defiant-speed-2-terre-battue-homme-blanc-orange.jpg,120.00,72.00,40,9bcb1729-926d-4462-b949-57f991e08673,https://www.protennis.fr/59548-chaussures-adidas-defiant-speed-2-terre-battue-homme-blanc-orange.html,active,true,,2026-09-22T18:20:13.009Z,2026-09-25T04:01:45.421Z,dd5ebaab-3bc4-4f82-87d9-72d7a34b39c0,Blanc Orange
b36ae019-750f-4d74-a8b3-627fa32fa72e,Raquette de tennis Wilson Defyer 100UL V1,Wilson,raquettes,https://www.protennis.fr/50740-marketing_default/raquette-de-tennis-wilson-defyer-100ul-v1.jpg,240.00,204.00,15,9bcb1729-926d-4462-b949-57f991e08673,https://www.protennis.fr/60064-raquette-de-tennis-wilson-defyer-100ul-v1.html,active,true,,2026-09-22T18:19:55.676Z,2026-09-25T04:01:40.110Z,8f9c700d-ac5e-411b-8c18-41345244c19e,
b374b454-b6c5-429c-9ff1-29fd857e3832,Raquette de tennis Wilson Clash 26 V3 2025,Wilson,raquettes,https://www.protennis.fr/36143-marketing_default/raquette-de-tennis-wilson-clash-26-v3-2025.jpg,125.00,87.50,30,9bcb1729-926d-4462-b949-57f991e08673,https://www.protennis.fr/58367-raquette-de-tennis-wilson-clash-26-v3-2025.html,active,true,,2026-09-22T18:19:56.647Z,2026-09-25T04:01:40.424Z,7adfdbd1-9898-46a1-976a-59e5710bb972,
b3fcc905-a0ea-40dc-90cf-7a856e0c9ee7,Sac de tennis Prince x Smiley Tour 1 Comp Noir jaune,Prince,accessoires,https://www.protennis.fr/43843-marketing_default/sac-de-tennis-prince-x-smiley-tour-1-comp-noir-jaune.jpg,69.95,48.97,30,9bcb1729-926d-4462-b949-57f991e08673,https://www.protennis.fr/59333-sac-de-tennis-prince-x-smiley-tour-1-comp-noir-jaune.html,active,true,,2026-09-22T18:20:39.427Z,2026-09-25T04:01:54.007Z,e797f470-de35-4707-9cee-d54b56bc52ce,Noir Jaune
b3fe659b-e261-4130-aa35-f396cccc628c,T-shirt de tennis Asics Garçon Aurora Green,Asics,textile,https://www.protennis.fr/50974-marketing_default/t-shirt-de-tennis-asics-garcon-aurora-green.jpg,30.00,24.00,20,9bcb1729-926d-4462-b949-57f991e08673,https://www.protennis.fr/60089-t-shirt-de-tennis-asics-garcon-aurora-green.html,active,true,,2026-09-24T04:01:52.730Z,2026-09-25T04:01:48.555Z,6f8159f0-7d05-41c2-9e12-4eaf8096102b,
b402d3e8-a909-436f-aa2f-159c640e4a9e,Debardeur de tennis Adidas Y Climacool femme Pure Orange,Adidas,textile,https://www.protennis.fr/45649-marketing_default/debardeur-de-tennis-adidas-y-climacool-femme-pure-orange.jpg,55.00,33.00,40,9bcb1729-926d-4462-b949-57f991e08673,https://www.protennis.fr/59543-debardeur-de-tennis-adidas-y-climacool-femme-pure-orange.html,active,true,,2026-09-22T18:20:19.128Z,2026-09-25T04:01:47.486Z,c1c2fc92-7858-41bc-a6f6-2f3629a6161c,Orange
b422b3ae-9288-4025-8873-115c3fa09ee4,Sac à dos de tennis Head Tour Backpack 25L Navy,Head,accessoires,https://www.protennis.fr/38939-marketing_default/sac-a-dos-tennis-head-tour-backpack-25l-navy.jpg,80.00,56.00,30,9bcb1729-926d-4462-b949-57f991e08673,https://www.protennis.fr/58725-sac-a-dos-tennis-head-tour-backpack-25l-navy.html,active,true,,2026-09-22T18:20:42.678Z,2026-09-25T04:01:54.919Z,291965b3-e52d-41ae-ab06-9c2717a17193,
b449a1a1-ae08-4b59-9d24-c37f38f725db,Chaussures de tennis Asics Solution Speed FF 3 Terre Battue Femme Jaune,Asics,chaussures,https://www.protennis.fr/39532-marketing_default/chaussures-asics-solution-speed-ff-3-terre-battue-femme-jaune.jpg,150.00,90.00,40,9bcb1729-926d-4462-b949-57f991e08673,https://www.protennis.fr/58830-chaussures-asics-solution-speed-ff-3-terre-battue-femme-jaune.html,active,true,,2026-09-22T18:20:10.676Z,2026-09-25T04:01:44.766Z,2e3e150d-7779-468f-9ccd-5a3942b4ab06,Jaune
b47335ef-6140-430b-93f0-0eeabbfc874d,Raquette de tennis Wilson Blade 100 V10,Wilson,raquettes,https://www.protennis.fr/48370-marketing_default/raquette-de-tennis-wilson-blade-100-v10.jpg,280.00,224.00,20,9bcb1729-926d-4462-b949-57f991e08673,https://www.protennis.fr/59832-raquette-de-tennis-wilson-blade-100-v10.html,active,true,,2026-09-22T18:19:57.344Z,2026-09-25T04:01:40.778Z,a8da1d8b-618e-4283-9769-b701f22da05d,
b489ba42-2c1d-47a5-bb09-1e7e479f8079,Raquette de tennis Babolat Pure Drive Super Lite 2021,Babolat,raquettes,https://www.protennis.fr/15954-marketing_default/babolat-pure-drive-super-lite-2021.jpg,210.00,126.00,40,9bcb1729-926d-4462-b949-57f991e08673,https://www.protennis.fr/54779-babolat-pure-drive-super-lite-2021.html,active,true,,2026-09-22T18:19:49.330Z,2026-09-25T04:01:38.174Z,bd392111-ef7e-49c0-b614-1505bd8bb626,
b48f35c6-cd4d-4b1a-9e8d-37a5dfb8e853,Chaussures de tennis Mizuno Wave Enforce Tour 2 AC Homme,Mizuno,chaussures,https://www.protennis.fr/50141-marketing_default/chaussures-de-tennis-mizuno-wave-enforce-tour-ac-homme.jpg,160.00,136.00,15,9bcb1729-926d-4462-b949-57f991e08673,https://www.protennis.fr/59948-chaussures-de-tennis-mizuno-wave-enforce-tour-ac-homme.html,active,true,,2026-09-22T18:20:06.548Z,2026-09-25T04:01:43.515Z,aa36ff0b-e5d5-4f42-96f9-9445c8ee073e,
b49792c9-267d-430d-80fb-6ab452c64f1e,T-shirt de tennis Nike Trophy 23 Enfant Kaki,Nike,textile,https://www.protennis.fr/47493-marketing_default/t-shirt-enfant-nike-trophy-23-kaki.jpg,22.99,13.79,40,9bcb1729-926d-4462-b949-57f991e08673,https://www.protennis.fr/59752-t-shirt-enfant-nike-trophy-23-kaki.html,active,true,,2026-09-22T18:20:27.981Z,2026-09-25T04:01:50.531Z,e4b777e3-d47a-4396-93d8-12f3a15b49ec,Kaki
b4ba8b19-98cb-4120-9ad4-9870fc0e15e4,Sac à dos Tecnifibre Tour Endurance Blanc 2025,Tecnifibre,accessoires,https://www.protennis.fr/35969-marketing_default/sac-a-dos-tecnifibre-tour-endurance-blanc-2025.jpg,70.00,49.00,30,9bcb1729-926d-4462-b949-57f991e08673,https://www.protennis.fr/58346-sac-a-dos-tecnifibre-tour-endurance-blanc-2025.html,active,true,,2026-09-22T18:20:40.656Z,2026-09-25T04:01:54.392Z,480e0ded-09da-4f8a-9267-533c0d3bb467,Blanc
b4d93397-e827-4ee5-82f4-0da6b70ca618,Raquette de tennis Wilson Clash 100 V3 Reverse,Wilson,raquettes,https://www.protennis.fr/46878-marketing_default/raquette-de-tennis-wilson-clash-100-v3-reverse.jpg,250.00,175.00,30,9bcb1729-926d-4462-b949-57f991e08673,https://www.protennis.fr/59673-raquette-de-tennis-wilson-clash-100-v3-reverse.html,active,true,,2026-09-22T18:19:56.315Z,2026-09-25T04:01:40.296Z,c54c5ccd-d09b-44e3-a445-592117cae6cd,
b4ee6cb3-9786-452d-a2c9-72434d68043a,Antivibrateur de tennis Wilson Antivibrateur Pro feel Pro Staff,Wilson,accessoires,https://www.protennis.fr/31913-marketing_default/wilson-antivibrateur-pro-feel-pro-staff.jpg,8.00,5.60,30,9bcb1729-926d-4462-b949-57f991e08673,https://www.protennis.fr/57645-wilson-antivibrateur-pro-feel-pro-staff.html,active,true,,2026-09-22T18:20:34.306Z,2026-09-25T04:01:52.437Z,6e25759a-6bcd-4d61-90ed-716216cda810,
b5ad3737-af52-4407-80ce-5caf04e1e26e,Raquette de tennis Head Speed MP L 2024,Head,raquettes,https://www.protennis.fr/29227-marketing_default/head-speed-mp-2024.jpg,250.00,149.00,40,9bcb1729-926d-4462-b949-57f991e08673,https://www.protennis.fr/57466-head-speed-mp-2024.html,active,true,,2026-09-22T18:19:51.912Z,2026-09-25T04:01:39.002Z,1344d6f5-46e6-4f98-ac09-26c147bf625d,
b5b5a541-14d1-42c6-a8d3-a068cba929c2,Débardeur de tennis enfant Adidas Heat RDY PrimeBlue Debardeur Enfant PE21,Adidas,textile,https://www.protennis.fr/16607-marketing_default/adidas-heat-rdy-primeblue-debardeur-enfant-pe21.jpg,45.00,22.50,50,9bcb1729-926d-4462-b949-57f991e08673,https://www.protennis.fr/54861-adidas-heat-rdy-primeblue-debardeur-enfant-pe21.html,active,true,,2026-09-22T18:20:21.685Z,2026-09-25T04:01:48.498Z,f8162a2e-4e1b-4d33-9599-f54c3477248c,
b5ed9abf-280a-4720-ba4a-176b724bf4dc,Chaussures de tennis Nike GP Challenge 1 Femme Bleu,Nike,chaussures,https://www.protennis.fr/36799-marketing_default/chaussures-de-tennis-nike-gp-challenge-1-femme-bleu.jpg,150.00,90.00,40,9bcb1729-926d-4462-b949-57f991e08673,https://www.protennis.fr/58433-chaussures-de-tennis-nike-gp-challenge-1-femme-bleu.html,active,true,,2026-09-22T18:20:11.596Z,2026-09-25T04:01:45.023Z,3c83a7f3-4fa5-4757-bd54-5364bdc09430,Bleu
b5f29f24-6018-49a9-b545-a92738abc539,Short de tennis Asics Match Femme Violet PE25,Asics,textile,https://www.protennis.fr/35801-marketing_default/short-asics-match-femme-violet-pe25.jpg,70.00,42.00,40,9bcb1729-926d-4462-b949-57f991e08673,https://www.protennis.fr/58245-short-asics-match-femme-violet-pe25.html,active,true,,2026-09-22T18:20:22.812Z,2026-09-25T04:01:48.900Z,d03667ea-35a5-4daa-b73f-ac4088a84c6f,Violet
b61addd8-8ece-4a31-a478-6f341b246754,Chaussures de tennis Babolat Propulse Fury 3 Homme Bleu AH24,Babolat,chaussures,https://www.protennis.fr/31186-marketing_default/babolat-propulse-fury-3-homme-bleu-pe24.jpg,150.00,75.00,50,9bcb1729-926d-4462-b949-57f991e08673,https://www.protennis.fr/57707-babolat-propulse-fury-3-homme-bleu-pe24.html,active,true,,2026-09-22T18:20:17.283Z,2026-09-25T04:01:46.574Z,06c2a19c-d18a-4711-8093-1808f93e9907,Bleu
b668fc8b-1104-46c5-888c-233de03a0f93,Cordage de tennis Tecnifibre Razor Soft 125 Carbon Garniture,Tecnifibre,cordages,https://www.protennis.fr/34448-marketing_default/cordage-de-tennis-tecnifibre-razor-soft-125-carbon-garniture.jpg,20.00,14.00,30,9bcb1729-926d-4462-b949-57f991e08673,https://www.protennis.fr/58153-cordage-de-tennis-tecnifibre-razor-soft-125-carbon-garniture.html,active,true,,2026-09-22T18:20:03.765Z,2026-09-25T04:01:42.694Z,0a1bf3df-517d-40b7-b938-a99401b0d53f,
b69e2387-f02e-46da-b495-fb424616b434,Raquette de tennis Head Speed Team 2026,Head,raquettes,https://www.protennis.fr/45132-marketing_default/raquette-de-tennis-head-speed-team-2026.jpg,250.00,175.00,30,9bcb1729-926d-4462-b949-57f991e08673,https://www.protennis.fr/59473-raquette-de-tennis-head-speed-team-2026.html,active,true,,2026-09-22T18:19:51.375Z,2026-09-25T04:01:38.841Z,2317f3c7-9fe3-4f9f-87d7-e3dbc316067c,
b6a3cc5e-1974-4b9d-9e5d-f8e5fb992ed3,Cordage de tennis Babolat RPM Rough Rouge 130 Bobine 200m,Babolat,cordages,https://www.protennis.fr/40134-marketing_default/cordage-de-tennis-babolat-rpm-rough-rouge-130-bobine-200m.jpg,239.95,167.97,30,9bcb1729-926d-4462-b949-57f991e08673,https://www.protennis.fr/58882-cordage-de-tennis-babolat-rpm-rough-rouge-130-bobine-200m.html,active,true,,2026-09-22T18:19:59.080Z,2026-09-25T04:01:41.215Z,06c57340-4e7f-42a7-aad0-4d78616c90bd,Rouge
b6a7e8ec-7324-4314-a531-a5c09ae0605e,Débardeur de tennis femme BRASSIERE ADIDAS PHARRELL WILLIAMS NY MULTICOLORE AH17,Adidas,textile,https://www.protennis.fr/1141-marketing_default/brassiere-adidas-pharrell-williams-ny-multicolore-ah17.jpg,60.00,30.00,50,9bcb1729-926d-4462-b949-57f991e08673,https://www.protennis.fr/45795-brassiere-adidas-pharrell-williams-ny-multicolore-ah17.html,active,true,,2026-09-22T18:20:21.837Z,2026-09-25T04:01:48.531Z,819b122e-bca4-4042-b293-bfbeb26ae55d,Multicolore
b6f14acb-1ed8-4726-a585-e315769a13af,Chaussures de tennis Kswiss Ultra Shot 3 Bordeaux PE24,K-swiss,chaussures,https://www.protennis.fr/33254-marketing_default/chaussures-de-tennis-kswiss-ultra-shot-3-bordeaux-pe24.jpg,200.00,100.00,50,9bcb1729-926d-4462-b949-57f991e08673,https://www.protennis.fr/58006-chaussures-de-tennis-kswiss-ultra-shot-3-bordeaux-pe24.html,active,true,,2026-09-22T18:20:17.026Z,2026-09-25T04:01:46.496Z,a85a8998-f65e-4019-87e8-9902aee10dbb,Bordeaux
b6f2c7bb-62d6-46a5-8cba-30ea1deb82d5,T-shirt de tennis Nike Court Advantage Femme Pink,Nike,textile,https://www.protennis.fr/50549-marketing_default/t-shirt-de-tennis-nike-femme-court-advantage-pink.jpg,59.99,41.99,30,9bcb1729-926d-4462-b949-57f991e08673,https://www.protennis.fr/60044-t-shirt-de-tennis-nike-femme-court-advantage-pink.html,active,true,,2026-09-22T18:20:27.113Z,2026-09-25T04:01:50.264Z,b603b92c-d205-4092-96c8-7243cb8edca7,Rose
b79a62d8-d146-4696-9ab1-403e6329651c,Raquette de tennis Head Extreme Team 2024,Head,raquettes,https://www.protennis.fr/32935-marketing_default/raquette-de-tennis-head-extreme-team-2024.jpg,230.00,161.00,30,9bcb1729-926d-4462-b949-57f991e08673,https://www.protennis.fr/57959-raquette-de-tennis-head-extreme-team-2024.html,active,true,,2026-09-22T18:19:52.731Z,2026-09-25T04:01:39.258Z,7b6c852b-b5c6-4409-ba65-590df9888100,
b7f7ee86-87a0-4063-8ab9-984d15ef61d8,Grip de raquette de tennis TECNIFIBRE X-TRA FEEL GRIP ROUGE,Tecnifibre,accessoires,https://www.protennis.fr/44505-marketing_default/tecnifibre-x-tra-feel-grip-rouge.jpg,8.00,5.60,30,9bcb1729-926d-4462-b949-57f991e08673,https://www.protennis.fr/24238-tecnifibre-x-tra-feel-grip-rouge.html,active,true,,2026-09-22T18:20:36.432Z,2026-09-25T04:01:53.077Z,1decf119-868b-418b-8b74-7d9625861d4f,Rouge
b81bddc5-b325-465f-945c-8af5274110fe,Antivibrateur de tennis Wilson Antivibrateurs Roland Garros 2024,Wilson,accessoires,https://www.protennis.fr/31919-marketing_default/wilson-antivibrateurs-roland-garros-2024.jpg,8.00,5.60,30,9bcb1729-926d-4462-b949-57f991e08673,https://www.protennis.fr/57653-wilson-antivibrateurs-roland-garros-2024.html,active,true,,2026-09-22T18:20:36.047Z,2026-09-25T04:01:52.932Z,2182d4ab-3fc0-4ab4-b9ee-4619a0cd96fe,
b821877c-903d-4dc6-ae13-e327db3bcdab,Antivibrateur de tennis Head Zverev x2,Head,accessoires,https://www.protennis.fr/41952-marketing_default/head-antivibrateur-zverev-x2.jpg,6.00,4.20,30,9bcb1729-926d-4462-b949-57f991e08673,https://www.protennis.fr/53854-head-antivibrateur-zverev-x2.html,active,true,,2026-09-22T18:20:34.734Z,2026-09-25T04:01:52.549Z,ea527495-8cf9-4f0a-96a6-dd3b43070e7b,
b82654c4-9fc6-43d3-b28d-e01054ec654e,Short de tennis Adidas Pro Femme Legend Ink,Adidas,textile,https://www.protennis.fr/49227-marketing_default/short-de-tennis-adidas-pro-femme-legend-ink.jpg,65.00,39.00,40,9bcb1729-926d-4462-b949-57f991e08673,https://www.protennis.fr/59920-short-de-tennis-adidas-pro-femme-legend-ink.html,active,true,,2026-09-22T18:20:18.772Z,2026-09-25T04:01:47.376Z,f495012b-d6be-477f-a334-0510970c952a,
b84e92d2-7ea4-44c0-bdc3-626db302c94b,Balles de tennis Carton Dunlop Fort 18 Tubes de 4 balles,Dunlop,accessoires,https://www.protennis.fr/40779-marketing_default/carton-dunlop-fort-x4-18-tubes.jpg,161.82,149.95,7,9bcb1729-926d-4462-b949-57f991e08673,https://www.protennis.fr/29783-carton-dunlop-fort-x4-18-tubes.html,active,true,,2026-09-22T18:20:37.148Z,2026-09-25T04:01:53.306Z,57a79733-55e8-4bd1-b772-8b79cc8bc791,
b879a58d-299b-47c1-9dea-a10a26874edb,Raquette de tennis Tecnifibre TF X1 V2 305 2024,Tecnifibre,raquettes,https://www.protennis.fr/32046-marketing_default/tecnifibre-tf-x1-v2-305-2024.jpg,260.00,119.00,54,9bcb1729-926d-4462-b949-57f991e08673,https://www.protennis.fr/57837-tecnifibre-tf-x1-v2-305-2024.html,active,true,,2026-09-22T18:19:54.654Z,2026-09-25T04:01:39.856Z,f78fbe05-fd2d-4e23-8816-c213ef4255c0,
b88b3332-91f5-431a-8c6f-569b1df18a77,Wilson Rush Pro 4.5 Homme Noir AH24,Wilson,chaussures,https://www.protennis.fr/32000-marketing_default/wilson-rush-pro-45-homme-noir-ah24.jpg,150.00,90.00,40,9bcb1729-926d-4462-b949-57f991e08673,https://www.protennis.fr/57728-wilson-rush-pro-45-homme-noir-ah24.html,active,true,,2026-09-22T18:20:17.203Z,2026-09-25T04:01:46.552Z,4d7105eb-d9a7-449a-b10e-b4be721f55ce,Noir
b890443b-2cd1-4694-b577-3e1025c9c545,Chaussures de tennis Asics Game FF Homme Blanc marine,Asics,chaussures,https://www.protennis.fr/40672-marketing_default/chaussures-de-tennis-asics-game-ff-homme-blanc-marine.jpg,90.00,54.00,40,9bcb1729-926d-4462-b949-57f991e08673,https://www.protennis.fr/58932-chaussures-de-tennis-asics-game-ff-homme-blanc-marine.html,active,true,,2026-09-22T18:20:15.367Z,2026-09-25T04:01:46.071Z,f092bfcb-e762-492e-a15e-3c7649523505,Blanc Marine
b9046137-6a8e-4c4c-a798-e2b571e5d46e,T-Shirt Homme Adidas FreeLift Pro Y3 Gris,Adidas,textile,https://www.protennis.fr/42706-marketing_default/t-shirt-homme-adidas-freelift-pro-y3-gris.jpg,90.00,54.00,40,9bcb1729-926d-4462-b949-57f991e08673,https://www.protennis.fr/59164-t-shirt-homme-adidas-freelift-pro-y3-gris.html,active,true,,2026-09-22T18:20:19.238Z,2026-09-25T04:01:47.519Z,a8fd9d56-8542-49dd-aaec-d2806b126bd2,Gris
b9062bdb-572e-4f81-8a79-96003c7fc06e,Chaussures de tennis Nike GP Challenge 1 Femme Blanc Bordeau,Nike,chaussures,https://www.protennis.fr/41405-marketing_default/chaussures-de-tennis-nike-gp-challenge-1-femme-blanc-bordeau.jpg,150.00,90.00,40,9bcb1729-926d-4462-b949-57f991e08673,https://www.protennis.fr/59023-chaussures-de-tennis-nike-gp-challenge-1-femme-blanc-bordeau.html,active,true,,2026-09-22T18:20:10.012Z,2026-09-25T04:01:44.575Z,2491a0a6-28ca-44c6-bfa5-e38c0acb6a4c,Blanc
b912fee9-f32c-45e3-b27e-55670f860cb4,Chaussures de tennis Adidas Ubersonic 5 Enfant Dark Blue,Adidas,chaussures,https://www.protennis.fr/49051-marketing_default/chaussures-de-tennis-adidas-ubersonic-5-homme-dark-blue.jpg,60.00,36.00,40,9bcb1729-926d-4462-b949-57f991e08673,https://www.protennis.fr/59896-chaussures-de-tennis-adidas-ubersonic-5-homme-dark-blue.html,active,true,,2026-09-22T18:20:06.632Z,2026-09-25T04:01:43.538Z,88a07741-4f7b-43dc-974d-f60bd7a2945a,Bleu
b9a79583-b91e-4ddf-9809-1c455b94a5ee,Chaussures de tennis Nike Zoom GP Challenge Pro Homme White,Nike,chaussures,https://www.protennis.fr/47828-marketing_default/chaussures-de-tennis-nike-zoom-gp-challenge-pro-homme-white.jpg,99.99,59.99,40,9bcb1729-926d-4462-b949-57f991e08673,https://www.protennis.fr/59792-chaussures-de-tennis-nike-zoom-gp-challenge-pro-homme-white.html,active,true,,2026-09-22T18:20:07.454Z,2026-09-25T04:01:43.772Z,aeef6788-1f36-4bc8-a0d6-188f12bbf937,Blanc
b9d6b2fc-6435-450a-afb6-b99bfdd25bd0,Cordage de tennis HEAD RIP CONTROL 130 NOIR BOBINE 200m,Head,cordages,https://www.protennis.fr/2455-marketing_default/head-rip-control-130-noir-bobine-200m.jpg,160.00,89.00,44,9bcb1729-926d-4462-b949-57f991e08673,https://www.protennis.fr/46315-head-rip-control-130-noir-bobine-200m.html,active,true,,2026-09-22T18:20:01.518Z,2026-09-25T04:01:41.992Z,99aa4aa6-a3f8-47b6-8474-eb9728854729,Noir
b9d7dd59-7ed0-49f0-9d0b-19889c6e323a,Short de tennis EA7 Short Ventus7 Homme Navy PE24,EA7,textile,https://www.protennis.fr/30617-marketing_default/ea7-short-ventus7-homme-navy-pe24.jpg,80.00,40.00,50,9bcb1729-926d-4462-b949-57f991e08673,https://www.protennis.fr/57649-ea7-short-ventus7-homme-navy-pe24.html,active,true,,2026-09-22T18:20:23.247Z,2026-09-25T04:01:49.048Z,746b116c-75ef-4c02-8f5c-0cfc4be658e1,
b9fa724d-5a20-4086-b374-18aec11a7c87,Sac de tennis Head Tour Tote Bag 22L Noir,Head,accessoires,https://www.protennis.fr/43722-marketing_default/sac-de-tennis-head-tour-tote-bag-22l-noir.jpg,90.00,63.00,30,9bcb1729-926d-4462-b949-57f991e08673,https://www.protennis.fr/59262-sac-de-tennis-head-tour-tote-bag-22l-noir.html,active,true,,2026-09-22T18:20:39.630Z,2026-09-25T04:01:54.072Z,114af2c2-0a7e-458b-ab7e-939d89edc559,Noir
ba33e482-f632-4b4e-ac12-4916864b9672,Cordage de tennis Babolat RPM Rough Rouge 125 Bobine 200m,Babolat,cordages,https://www.protennis.fr/40132-marketing_default/cordage-de-tennis-babolat-rpm-rough-rouge-125-bobine-200m.jpg,239.95,167.97,30,9bcb1729-926d-4462-b949-57f991e08673,https://www.protennis.fr/58881-cordage-de-tennis-babolat-rpm-rough-rouge-125-bobine-200m.html,active,true,,2026-09-22T18:19:59.105Z,2026-09-25T04:01:41.226Z,6ce70687-e942-49b7-b94a-8692c0ae10e8,Rouge
ba3595a8-ecbe-4480-8230-cda6678ef1c4,Raquette de tennis Tecnifibre Tempo 270,Tecnifibre,raquettes,https://www.protennis.fr/41700-marketing_default/raquette-de-tennis-tecnifibre-tempo-270.jpg,209.99,79.00,62,9bcb1729-926d-4462-b949-57f991e08673,https://www.protennis.fr/58983-raquette-de-tennis-tecnifibre-tempo-270.html,active,true,,2026-09-22T10:32:42.055Z,2026-09-25T04:01:39.809Z,ae575544-bd29-4d88-b212-912ea0bb1e59,
ba4d5139-9a58-487b-be79-484e59775726,Raquette de tennis Babolat Pure Strike 100,Babolat,raquettes,https://www.protennis.fr/11245-marketing_default/babolat-pure-strike-100.jpg,230.00,115.00,50,9bcb1729-926d-4462-b949-57f991e08673,https://www.protennis.fr/53885-babolat-pure-strike-100.html,active,true,,2026-09-22T10:32:42.850Z,2026-09-25T04:01:37.902Z,6d84be2e-30b3-4ac8-8f59-bda8b49699a3,
ba594fa0-5c46-4e34-93e0-13b4fe037934,Sac de tennis Tecnifibre Tour Endurance Ultra Noir Standbag 2024,Tecnifibre,accessoires,https://www.protennis.fr/32015-marketing_default/tecnifibre-tour-endurance-ultra-noir-standbag-2024.jpg,100.00,70.00,30,9bcb1729-926d-4462-b949-57f991e08673,https://www.protennis.fr/57829-tecnifibre-tour-endurance-ultra-noir-standbag-2024.html,active,true,,2026-09-22T18:20:40.834Z,2026-09-25T04:01:54.448Z,0fdf6db3-3db1-473e-aeba-bf1c82065996,Noir
ba5caf68-9631-4c0f-9caa-a8c2817ed775,Raquette de tennis Head Boom Team L 2024,Head,raquettes,https://www.protennis.fr/30404-marketing_default/head-boom-team-l-2024.jpg,210.00,147.00,30,9bcb1729-926d-4462-b949-57f991e08673,https://www.protennis.fr/57472-head-boom-team-l-2024.html,active,true,,2026-09-22T18:19:50.556Z,2026-09-25T04:01:38.569Z,5f2e0e48-5622-4508-8343-983ea56fec93,
ba649160-c6f3-458b-8972-a9d6441ce956,T-shirt de tennis Adidas Melbourne Pro Enfant Blanc,Adidas,textile,https://www.protennis.fr/46071-marketing_default/t-shirt-de-tennis-adidas-melbourne-pro-enfant-blanc.jpg,50.00,30.00,40,9bcb1729-926d-4462-b949-57f991e08673,https://www.protennis.fr/59587-t-shirt-de-tennis-adidas-melbourne-pro-enfant-blanc.html,active,true,,2026-09-22T18:20:18.974Z,2026-09-25T04:01:47.442Z,8a67b0da-7081-464c-ae71-2ff22469d5da,Blanc
ba9f9a9b-631f-4a22-9046-641b27fefb29,T-shirt Femme Nike Advantage Noir,Nike,textile,https://www.protennis.fr/42974-marketing_default/t-shirt-femme-nike-advantage-noir.jpg,60.00,36.00,40,9bcb1729-926d-4462-b949-57f991e08673,https://www.protennis.fr/59209-t-shirt-femme-nike-advantage-noir.html,active,true,,2026-09-22T18:20:29.886Z,2026-09-25T04:01:51.054Z,d1f2a795-5ae8-4c9a-bf93-579183865618,Noir
bb2233fe-260d-4648-91f1-7c7a518bbc98,Jupe Mouratoglou avec Shorty intégré Melbourne Rose,Mouratoglou,textile,https://www.protennis.fr/37354-marketing_default/jupe-mouratoglou-avec-shorty-integre-melbourne-rose.jpg,45.00,27.00,40,9bcb1729-926d-4462-b949-57f991e08673,https://www.protennis.fr/58510-jupe-mouratoglou-avec-shorty-integre-melbourne-rose.html,active,true,,2026-09-22T18:20:26.830Z,2026-09-25T04:01:50.173Z,9926f72f-5387-4eaa-84df-f18fb845cc50,Rose
bb2372d9-aa0c-4fe9-8206-512ae33a79e4,Chaussures de tennis Nike Vapor Pro 3 Terre Battue Homme Bleu corail,Nike,chaussures,https://www.protennis.fr/46236-marketing_default/chaussures-nike-vapor-pro-3-terre-battue-homme-bleu-corail.jpg,130.00,78.00,40,9bcb1729-926d-4462-b949-57f991e08673,https://www.protennis.fr/59597-chaussures-nike-vapor-pro-3-terre-battue-homme-bleu-corail.html,active,true,,2026-09-22T18:20:12.882Z,2026-09-25T04:01:45.377Z,34baab2d-0f58-4834-9906-9d5a11ab5481,Bleu Corail
bb99ef74-6057-4153-b15a-dbf12469044b,Veste de tennis Homme Nike Heritage Noir,Nike,textile,https://www.protennis.fr/36749-marketing_default/veste-homme-nike-heritage-noir.jpg,80.00,48.00,40,9bcb1729-926d-4462-b949-57f991e08673,https://www.protennis.fr/58444-veste-homme-nike-heritage-noir.html,active,true,,2026-09-22T18:20:30.492Z,2026-09-25T04:01:51.240Z,88cd166f-ea7e-41b6-96a6-2abfe0bb7519,Noir
bbbb1fa4-77ce-4c62-9fe6-e06c78fb0acd,T-shirt de Tennis Le Coq Sportif Homme Graphique Marine,Le Coq Sportif,textile,https://www.protennis.fr/45373-marketing_default/t-shirt-de-tennis-le-coq-sportif-homme-graphique-marine.jpg,40.00,24.00,40,9bcb1729-926d-4462-b949-57f991e08673,https://www.protennis.fr/59499-t-shirt-de-tennis-le-coq-sportif-homme-graphique-marine.html,active,true,,2026-09-22T18:20:25.728Z,2026-09-25T04:01:49.838Z,2f9ed7f7-c166-420f-96ab-1e097d1238a3,Marine
bbbb6cda-9455-4eed-b074-bd77c9aa2ebc,Sac de tennis Head Tour Racquet Bag S Gris Bleu 2024,Head,accessoires,https://www.protennis.fr/30546-marketing_default/head-tour-racquet-bag-s-gris-bleu-2024.jpg,80.00,45.00,44,9bcb1729-926d-4462-b949-57f991e08673,https://www.protennis.fr/57627-head-tour-racquet-bag-s-gris-bleu-2024.html,active,true,,2026-09-22T18:20:43.500Z,2026-09-25T04:01:55.196Z,30b62c31-1a4f-4236-9205-0219470d23e5,Gris Bleu
bbd8f695-6b70-4f87-b445-9750c52eec6a,Raquette de tennis Tecnifibre Fire 255,Tecnifibre,raquettes,https://www.protennis.fr/47102-marketing_default/raquette-de-tennis-tecnifibre-fire-255.jpg,190.00,133.00,30,9bcb1729-926d-4462-b949-57f991e08673,https://www.protennis.fr/59709-raquette-de-tennis-tecnifibre-fire-255.html,active,true,,2026-09-22T18:19:54.473Z,2026-09-25T04:01:39.799Z,c7ac71e4-e4c4-4e1e-91b6-7b2ec343d2f8,
bbf07b32-d2cd-4e52-b75c-580692395157,Sac de tennis Babolat Sac a dos Kids 3rd Generation Blanc Rose 2024,Babolat,accessoires,https://www.protennis.fr/31905-marketing_default/babolat-sac-a-dos-kids-3rd-generation-blanc-rose-2024.jpg,35.00,24.50,30,9bcb1729-926d-4462-b949-57f991e08673,https://www.protennis.fr/57822-babolat-sac-a-dos-kids-3rd-generation-blanc-rose-2024.html,active,true,,2026-09-22T18:20:40.883Z,2026-09-25T04:01:54.469Z,146a6497-5b00-4e66-835a-e98917364ab7,Blanc Rose
bc0b4f7a-73f9-4864-b48c-85ab4d964b46,Raquette de tennis Yonex Ezone 08 100 L 2025,Yonex,raquettes,https://www.protennis.fr/35926-marketing_default/raquette-de-tennis-yonex-ezone-08-100-l-2025.jpg,289.00,231.20,20,9bcb1729-926d-4462-b949-57f991e08673,https://www.protennis.fr/58342-raquette-de-tennis-yonex-ezone-08-100-l-2025.html,active,true,,2026-09-22T18:19:58.486Z,2026-09-25T04:01:41.050Z,29311c84-6d92-46e7-845e-9f3b837bbb94,
bc146af7-5bb4-4599-9c93-006c2b2b0bdc,Jupe de tennis Nike Court Advantage Femme White,Nike,textile,https://www.protennis.fr/50753-marketing_default/jupe-de-tennis-nike-court-advantage-femme-white.jpg,74.99,52.49,30,9bcb1729-926d-4462-b949-57f991e08673,https://www.protennis.fr/60065-jupe-de-tennis-nike-court-advantage-femme-white.html,active,true,,2026-09-22T18:20:26.965Z,2026-09-25T04:01:50.219Z,1bb927ca-d086-4a64-8250-03cace72c27f,Blanc
bc308c1c-e7cf-4103-ae98-61d8aa4f3662,T-shirt de tennis Adidas Freelift Tee Homme Jaune fluo,Adidas,textile,https://www.protennis.fr/40159-marketing_default/t-shirt-adidas-freelift-tee-homme-jaune-fluo.jpg,60.00,36.00,40,9bcb1729-926d-4462-b949-57f991e08673,https://www.protennis.fr/58868-t-shirt-adidas-freelift-tee-homme-jaune-fluo.html,active,true,,2026-09-22T18:20:20.307Z,2026-09-25T04:01:47.925Z,013ebaeb-d156-4e94-a9ac-f9fcab6b5cc7,Jaune
bcf18f1b-b1a2-47f5-8e0b-9e3af9ebb067,Short Femme Club Aurora Vert,Adidas,textile,https://www.protennis.fr/42393-marketing_default/short-femme-club-aurora-vert.jpg,35.00,21.00,40,9bcb1729-926d-4462-b949-57f991e08673,https://www.protennis.fr/59121-short-femme-club-aurora-vert.html,active,true,,2026-09-22T18:20:20.002Z,2026-09-25T04:01:47.735Z,5e3b5c9a-6e8c-48f9-ae37-8d469b56aea1,Vert
bcf24784-7b9e-4cc8-9388-f1b0d6eb211a,Raquette de tennis Head Boom Jr 25 2024,Head,raquettes,https://www.protennis.fr/30382-marketing_default/head-boom-jr-25-2024.jpg,130.00,91.00,30,9bcb1729-926d-4462-b949-57f991e08673,https://www.protennis.fr/57471-head-boom-jr-25-2024.html,active,true,,2026-09-22T18:19:50.580Z,2026-09-25T04:01:38.580Z,5fd1908f-b507-4195-9515-50279880ea38,
bd05c090-2cb9-4702-bcab-e62f11393249,Chaussures Asics Gel Resolution X Homme Terre battue Bleu turquoise,Asics,chaussures,https://www.protennis.fr/40585-marketing_default/chaussures-asics-gel-resolution-x-homme-terre-battue-bleu-turquoise.jpg,160.00,96.00,40,9bcb1729-926d-4462-b949-57f991e08673,https://www.protennis.fr/58941-chaussures-asics-gel-resolution-x-homme-terre-battue-bleu-turquoise.html,active,true,,2026-09-22T18:20:15.082Z,2026-09-25T04:01:45.983Z,4502bc72-7fd3-4f48-85c1-b2dfe15d2010,Bleu Turquoise
bd879858-8d03-4351-a2f9-d9c44c72620e,Sac de tennis Wilson Ultra V5 Tour 12 raquettes,Wilson,accessoires,https://www.protennis.fr/40947-marketing_default/sac-de-tennis-wilson-ultra-v5-tour-12-raquettes-.jpg,115.00,80.50,30,9bcb1729-926d-4462-b949-57f991e08673,https://www.protennis.fr/58963-sac-de-tennis-wilson-ultra-v5-tour-12-raquettes-.html,active,true,,2026-09-22T18:20:40.118Z,2026-09-25T04:01:54.229Z,9db2f9a0-19eb-4cf4-a66f-4aab04d47703,
bd89a943-efd4-4ef1-84f8-1236521bdf00,Raquette de tennis Wilson Blade 98 16x19 V10,Wilson,raquettes,https://www.protennis.fr/48410-marketing_default/raquette-de-tennis-wilson-blade-98-16x19-v10.jpg,290.00,223.30,23,9bcb1729-926d-4462-b949-57f991e08673,https://www.protennis.fr/59835-raquette-de-tennis-wilson-blade-98-16x19-v10.html,active,true,,2026-09-22T18:19:57.212Z,2026-09-25T04:01:40.744Z,a9814cc2-e788-47dd-b7f7-fc6d00467ed2,
be72df12-de83-44c7-95fe-3b71adfa986d,Sac de tennis 12 Raquettes Head Pro X Racquet Bag XL Noir,Head,accessoires,https://www.protennis.fr/45112-marketing_default/sac-de-tennis-12-raquettes-head-pro-x-racquet-bag-xl-noir.jpg,170.00,119.00,30,9bcb1729-926d-4462-b949-57f991e08673,https://www.protennis.fr/59468-sac-de-tennis-12-raquettes-head-pro-x-racquet-bag-xl-noir.html,active,true,,2026-09-22T18:20:39.348Z,2026-09-25T04:01:53.985Z,9a0e13c0-9345-4e53-b5f5-77b024c45199,Noir
be840bee-0f75-44e3-9c5a-264a48863dda,Chaussures de tennis Adidas Adizero Cybersonic Homme Blanc Bleu AH24,Adidas,chaussures,https://www.protennis.fr/33190-marketing_default/chaussures-de-tennis-adidas-adizero-cybersonic-homme-blanc-bleu-ah24.jpg,180.00,90.00,50,9bcb1729-926d-4462-b949-57f991e08673,https://www.protennis.fr/57990-chaussures-de-tennis-adidas-adizero-cybersonic-homme-blanc-bleu-ah24.html,active,true,,2026-09-22T18:20:12.116Z,2026-09-25T04:01:45.164Z,b3e6780d-4c7d-41e6-abcb-58ac798d70d3,Blanc Bleu
be8d640e-a949-49c6-98ad-89b5d994d761,Raquette de tennis Head Radical Pro Cordée 2023,Head,raquettes,https://www.protennis.fr/24364-marketing_default/head-radical-pro-2023.jpg,300.00,119.00,60,9bcb1729-926d-4462-b949-57f991e08673,https://www.protennis.fr/56712-head-radical-pro-2023.html,active,true,,2026-09-22T10:32:42.475Z,2026-09-25T04:01:39.112Z,1e722925-f165-4754-831c-09571a1e36ad,
be8fe277-4c00-445a-b474-beb536feae6b,Chaussures Yonex Sonicage Terre battue Homme Bleu,Yonex,chaussures,https://www.protennis.fr/38333-marketing_default/chaussures-yonex-sonicage-terre-battue-homme-bleu.jpg,139.90,83.94,40,9bcb1729-926d-4462-b949-57f991e08673,https://www.protennis.fr/58636-chaussures-yonex-sonicage-terre-battue-homme-bleu.html,active,true,,2026-09-22T18:20:11.368Z,2026-09-25T04:01:44.945Z,a4f58b2b-47ed-4d57-93f2-22e991c4bacf,Bleu
beaee852-3aa1-46e7-a9c6-37fd7b1c37e6,Chaussures de tennis Adidas Ubersonic 5 Homme Rouge fluo PE25,Adidas,chaussures,https://www.protennis.fr/35849-marketing_default/chaussures-de-tennis-adidas-ubersonic-5-homme-rouge-fluo-pe25.jpg,150.00,90.00,40,9bcb1729-926d-4462-b949-57f991e08673,https://www.protennis.fr/58321-chaussures-de-tennis-adidas-ubersonic-5-homme-rouge-fluo-pe25.html,active,true,,2026-09-22T18:20:11.698Z,2026-09-25T04:01:45.046Z,613e2c1e-587e-4b44-9e7e-d64c8c447315,Rouge
bf734c43-d5ee-45bf-a0f5-0e55a930bc03,Chaussures Asics Gel Resolution X Femme Terre Battue Rose fluo,Asics,chaussures,https://www.protennis.fr/40707-marketing_default/chaussures-asics-gel-resolution-x-femme-terre-battue-rose-fluo.jpg,160.00,96.00,40,9bcb1729-926d-4462-b949-57f991e08673,https://www.protennis.fr/58926-chaussures-asics-gel-resolution-x-femme-terre-battue-rose-fluo.html,active,true,,2026-09-22T18:20:15.543Z,2026-09-25T04:01:46.115Z,0130d1e4-0115-40e9-8f7e-6e1410e930a6,Rose
bfd3081d-a0b1-4e9c-9f6a-763c5aa93728,Short de tennis enfant Adidas Short Club Enfant Noir AH24,Adidas,textile,https://www.protennis.fr/29657-marketing_default/short-de-tennis-enfant-adidas-short-club-enfant-noir-ah24.jpg,30.00,15.00,50,9bcb1729-926d-4462-b949-57f991e08673,https://www.protennis.fr/57371-short-de-tennis-enfant-adidas-short-club-enfant-noir-ah24.html,active,true,,2026-09-22T18:20:20.803Z,2026-09-25T04:01:48.259Z,78505790-80d4-4e7a-9852-191d8856cfd6,Noir
bff83f33-a60f-4089-a2f0-19b0d42a5e19,Raquette de tennis Tecnifibre T-Fight 295 Isoflex 2023,Tecnifibre,raquettes,https://www.protennis.fr/25423-marketing_default/tecnifibre-t-fight-295-isoflex-2023.jpg,240.00,125.00,48,9bcb1729-926d-4462-b949-57f991e08673,https://www.protennis.fr/56617-tecnifibre-t-fight-295-isoflex-2023.html,active,true,,2026-09-22T10:32:42.540Z,2026-09-25T04:01:40.056Z,2cf2149c-402c-4db2-ac56-90ce3f83d445,
c0015519-c2dc-40a8-8eab-c0dd78920558,Raquette de tennis Head Boom Team L Alternate 2024,Head,raquettes,https://www.protennis.fr/30408-marketing_default/head-boom-team-l-alternate-2024.jpg,210.00,147.00,30,9bcb1729-926d-4462-b949-57f991e08673,https://www.protennis.fr/57623-head-boom-team-l-alternate-2024.html,active,true,,2026-09-22T18:19:50.351Z,2026-09-25T04:01:38.503Z,21f9a869-634d-432c-bc28-c4d39a448019,
c02369e6-ff12-4e41-a7f4-ca9788ca554b,Debardeur de tennis Mizuno Mugen Printed Femme Bleu AH24,Mizuno,textile,https://www.protennis.fr/34339-marketing_default/debardeur-mizuno-mugen-printed-femme-bleu-ah24.jpg,45.00,22.50,50,9bcb1729-926d-4462-b949-57f991e08673,https://www.protennis.fr/58115-debardeur-mizuno-mugen-printed-femme-bleu-ah24.html,active,true,,2026-09-22T18:20:26.601Z,2026-09-25T04:01:50.096Z,47a57bad-44b7-41be-9e9a-c3bb61710084,Bleu
c02658cb-4333-44a3-9165-3e86b43f9013,T-shirt de tennis Asics Fille Lila,Asics,textile,https://www.protennis.fr/50927-marketing_default/t-shirt-de-tennis-asics-fille-lila.jpg,30.00,24.00,20,9bcb1729-926d-4462-b949-57f991e08673,https://www.protennis.fr/60081-t-shirt-de-tennis-asics-fille-lila.html,active,true,,2026-09-22T18:20:21.993Z,2026-09-25T04:01:48.649Z,7047bb9e-a936-4fc4-ae81-0806eb889fd6,
c02a0a41-6f97-4d00-ad83-743234be5c24,Short de tennis Nike Victory 7 Homme Noir,Nike,textile,https://www.protennis.fr/30013-marketing_default/short-de-tennis-nike-victory-short-7-homme-noir-hiver-2024.jpg,45.00,27.00,40,9bcb1729-926d-4462-b949-57f991e08673,https://www.protennis.fr/57540-short-de-tennis-nike-victory-short-7-homme-noir-hiver-2024.html,active,true,,2026-09-22T18:20:30.517Z,2026-09-25T04:01:51.252Z,b42f9244-23c1-41c6-8eac-2a2f8be906b0,Noir
c0361905-df34-40ca-a035-2bbdc8633626,Short Asics Homme Game 7 Cream,Asics,textile,https://www.protennis.fr/44960-marketing_default/short-asics-homme-game-7-cream-.jpg,55.00,33.00,40,9bcb1729-926d-4462-b949-57f991e08673,https://www.protennis.fr/59374-short-asics-homme-game-7-cream-.html,active,true,,2026-09-22T18:20:22.209Z,2026-09-25T04:01:48.718Z,09dba9ed-51bb-4adb-808e-addfd17920bd,
c0435fe4-5ee4-4a86-915d-89319e9dc830,Chaussures de tennis Mizuno Wave Enforce Court 2 AC Homme,Mizuno,chaussures,https://www.protennis.fr/50140-marketing_default/chaussures-de-tennis-mizuno-wave-enforce-court-2-ac-homme.jpg,110.00,93.50,15,9bcb1729-926d-4462-b949-57f991e08673,https://www.protennis.fr/60003-chaussures-de-tennis-mizuno-wave-enforce-court-2-ac-homme.html,active,true,,2026-09-22T18:20:05.711Z,2026-09-25T04:01:43.259Z,b79ab524-de07-4e71-bfa2-75d9e1c00c4b,
c05d0fdf-1b58-4610-b536-3c313536d0c8,Raquette de tennis Babolat Pure Strike 18x20 2024,Babolat,raquettes,https://www.protennis.fr/29353-marketing_default/babolat-pure-strike-18x20-2024.jpg,270.00,135.00,50,9bcb1729-926d-4462-b949-57f991e08673,https://www.protennis.fr/57495-babolat-pure-strike-18x20-2024.html,active,true,,2026-09-22T18:19:48.149Z,2026-09-25T04:01:37.811Z,28fed3bf-7d19-4e61-ab1b-b9136b0cd8e0,
c0de8687-4262-45b8-b050-ac4d3b4bd692,Chaussures de tennis Adidas Defiant Speed 2 Homme White Dark Blue,Adidas,chaussures,https://www.protennis.fr/49036-marketing_default/chaussures-adidas-defiant-speed-2-homme-white-dark-blue.jpg,120.00,72.00,40,9bcb1729-926d-4462-b949-57f991e08673,https://www.protennis.fr/59895-chaussures-adidas-defiant-speed-2-homme-white-dark-blue.html,active,true,,2026-09-22T18:20:06.659Z,2026-09-25T04:01:43.557Z,97f54c47-5d4b-4395-bb91-07be66771c29,Blanc Bleu
c0f8553b-46a4-41c1-ac0b-e2bf48f52a60,Antivibrateur de tennis Babolat Strike Damp,Babolat,accessoires,https://www.protennis.fr/38353-marketing_default/antivibrateur-de-tennis-babolat-strike-damp.jpg,8.50,5.95,30,9bcb1729-926d-4462-b949-57f991e08673,https://www.protennis.fr/58644-antivibrateur-de-tennis-babolat-strike-damp.html,active,true,,2026-09-22T18:20:33.903Z,2026-09-25T04:01:52.321Z,b55d8096-e8db-4428-b8ff-adc953228cb4,
c10e0c02-675f-4f4b-84d7-2dcd7219b2fe,Raquette de tennis Pure Strike Team Carbon,Babolat,raquettes,https://www.protennis.fr/41936-marketing_default/raquette-de-tennis-pure-strike-team-carbon.jpg,239.95,167.97,30,9bcb1729-926d-4462-b949-57f991e08673,https://www.protennis.fr/59085-raquette-de-tennis-pure-strike-team-carbon.html,active,true,,2026-09-22T18:19:47.933Z,2026-09-25T04:01:37.734Z,a164d785-3368-48bd-87ca-5aa090645e35,
c14a2704-c8ca-48b7-a727-facf9fb3cad3,Chaussures de tennis Head Revolt Evo 2.0 Homme Marine Lime,Head,chaussures,https://www.protennis.fr/45906-marketing_default/chaussures-de-tennis-head-revolt-evo-20-homme-marine-lime.jpg,130.00,49.00,62,9bcb1729-926d-4462-b949-57f991e08673,https://www.protennis.fr/59569-chaussures-de-tennis-head-revolt-evo-20-homme-marine-lime.html,active,true,,2026-09-22T18:20:07.964Z,2026-09-25T04:01:43.941Z,fb5a7c23-a70e-4b5e-9d84-42c8d8354979,Marine
c15d250d-33bf-480f-aa2d-404a1846f81f,Raquette de tennis Babolat Pure Drive Jr 25 Gen11 Darker blue,Babolat,raquettes,https://www.protennis.fr/36329-marketing_default/raquette-de-tennis-babolat-pure-drive-jr-25-gen11-darker-blue.jpg,120.00,84.00,30,9bcb1729-926d-4462-b949-57f991e08673,https://www.protennis.fr/58390-raquette-de-tennis-babolat-pure-drive-jr-25-gen11-darker-blue.html,active,true,,2026-09-22T18:19:49.171Z,2026-09-25T04:01:38.140Z,ed4fb376-5c19-45af-8bf2-11fb583dc422,Bleu
c1cd8887-ffc1-41ae-b68c-e47b733c9dff,TECNIFIBRE X-TRA FEEL GRIP BLANC,Tecnifibre,accessoires,https://www.protennis.fr/44507-marketing_default/tecnifibre-x-tra-feel-grip-blanc.jpg,7.00,4.90,30,9bcb1729-926d-4462-b949-57f991e08673,https://www.protennis.fr/24239-tecnifibre-x-tra-feel-grip-blanc.html,active,true,,2026-09-22T18:20:35.305Z,2026-09-25T04:01:52.693Z,0ca05e73-003d-4864-ae08-f47bb202ec73,Blanc
c1e0fdc6-0c04-408e-bae1-6277ad6c18e0,Raquettes de tennis Prince by Hydrogen Neon 305g 2024,Hydrogen,raquettes,https://www.protennis.fr/32969-marketing_default/raquettes-de-tennis-prince-by-hydrogen-neon-305g-2024.jpg,250.00,139.00,44,9bcb1729-926d-4462-b949-57f991e08673,https://www.protennis.fr/57855-raquettes-de-tennis-prince-by-hydrogen-neon-305g-2024.html,active,true,,2026-09-22T18:19:52.960Z,2026-09-25T04:01:39.336Z,66854143-d7b3-4a39-9de3-8d8a133e06ad,
c1faf986-a0a4-4c1b-a171-1575a3976534,Chaussures de tennis Homme Defiant Speed 2 Y3 Gris noir,Adidas,chaussures,https://www.protennis.fr/42713-marketing_default/chaussures-de-tennis-homme-defiant-speed-2-y3-gris-noir.jpg,200.00,120.00,40,9bcb1729-926d-4462-b949-57f991e08673,https://www.protennis.fr/59165-chaussures-de-tennis-homme-defiant-speed-2-y3-gris-noir.html,active,true,,2026-09-22T18:20:09.730Z,2026-09-25T04:01:44.487Z,1c35ae89-dd3e-4010-89ee-f537a5ba1f13,Gris Noir
c2200596-f070-4739-86ef-91b880fead5c,Chaussures de tennis Head Sprint Team 3.5 Homme Noir,Head,chaussures,https://www.protennis.fr/27313-marketing_default/head-sprint-team-35-homme-noir.jpg,110.00,39.90,64,9bcb1729-926d-4462-b949-57f991e08673,https://www.protennis.fr/57172-head-sprint-team-35-homme-noir.html,active,true,,2026-09-22T18:20:17.753Z,2026-09-25T04:01:46.741Z,5e02d42d-90fc-41fb-9ba9-cbe5455e2462,Noir
c221d8df-5e9f-4f7c-a7b4-2e06a3523d20,Chaussures de tennis Asics Gel Dedicate 8 Enfant Rose clair,Asics,chaussures,https://www.protennis.fr/45025-marketing_default/chaussures-de-tennis-asics-gel-dedicate-8-enfant-rose-clair.jpg,60.00,36.00,40,9bcb1729-926d-4462-b949-57f991e08673,https://www.protennis.fr/59376-chaussures-de-tennis-asics-gel-dedicate-8-enfant-rose-clair.html,active,true,,2026-09-22T18:20:13.702Z,2026-09-25T04:01:45.623Z,a44c5d1a-3eca-4be3-b70f-7fe847ccabb5,Rose
c344e63e-e51f-446e-a599-00c8a53cfe2f,Cordage de tennis Babolat RPM Rough Noir 130 Bobine 200m,Babolat,cordages,https://www.protennis.fr/40150-marketing_default/cordage-de-tennis-babolat-rpm-rough-noir-130-bobine-200m.jpg,239.95,167.97,30,9bcb1729-926d-4462-b949-57f991e08673,https://www.protennis.fr/58888-cordage-de-tennis-babolat-rpm-rough-noir-130-bobine-200m.html,active,true,,2026-09-22T18:19:58.977Z,2026-09-25T04:01:41.181Z,a0097a82-7678-4777-a3b8-240a6519423a,Noir
c373061c-e760-469a-90ff-adc5637dd4d7,Raquette de tennis Babolat Pure Drive Spectra Gen11,Babolat,raquettes,https://www.protennis.fr/50081-marketing_default/raquette-de-tennis-babolat-pure-drive-spectra-gen11.jpg,279.95,279.94,0,9bcb1729-926d-4462-b949-57f991e08673,https://www.protennis.fr/59998-raquette-de-tennis-babolat-pure-drive-spectra-gen11.html,active,true,,2026-09-22T18:19:48.816Z,2026-09-25T04:01:38.239Z,e353e5f4-81c7-4261-b35d-4dcf49b25e67,
c3b9f75c-e098-4f29-b78c-9eeabcf4a5c1,Cordage de tennis CORDAGE HEAD LYNX GRIS 130 BOBINE 200m,Head,cordages,https://www.protennis.fr/3631-marketing_default/cordage-head-lynx-gris-130-bobine-200m.jpg,150.00,99.00,34,9bcb1729-926d-4462-b949-57f991e08673,https://www.protennis.fr/44032-cordage-head-lynx-gris-130-bobine-200m.html,active,true,,2026-09-22T18:20:01.768Z,2026-09-25T04:01:42.080Z,d19a69ef-5616-4fbc-abe4-e63763e7e2ff,Gris
c40b9e39-9324-4e21-8df3-c8345eed289d,Short de tennis Le Coq Sportif Homme Bleu,Le Coq Sportif,textile,https://www.protennis.fr/45090-marketing_default/short-de-tennis-le-coq-sportif-homme-bleu.jpg,60.00,36.00,40,9bcb1729-926d-4462-b949-57f991e08673,https://www.protennis.fr/59467-short-de-tennis-le-coq-sportif-homme-bleu.html,active,true,,2026-09-22T18:20:25.831Z,2026-09-25T04:01:49.872Z,74b15a70-23e4-43a9-ad8f-7ac336c20a74,Bleu
c42683c4-1b4e-4fd6-8ce7-ff6665cc1e0a,Legging de tennis Adidas Match Tight Femme Noir,Adidas,textile,https://www.protennis.fr/45550-marketing_default/legging-de-tennis-adidas-match-tight-femme-noir.jpg,70.00,42.00,40,9bcb1729-926d-4462-b949-57f991e08673,https://www.protennis.fr/59538-legging-de-tennis-adidas-match-tight-femme-noir.html,active,true,,2026-09-22T18:20:18.720Z,2026-09-25T04:01:47.354Z,d99836f2-2148-469a-9f36-544caa0446dd,Noir
c4471cc5-15c7-4da1-9b3c-b2576b6aa497,Raquette de tennis Babolat Pure Drive Gen11,Babolat,raquettes,https://www.protennis.fr/36382-marketing_default/raquette-de-tennis-babolat-pure-drive-gen11.jpg,270.00,189.00,30,9bcb1729-926d-4462-b949-57f991e08673,https://www.protennis.fr/58399-raquette-de-tennis-babolat-pure-drive-gen11.html,active,true,,2026-09-22T18:19:48.918Z,2026-09-25T04:01:38.049Z,8f911f3e-d4e4-493f-a24f-041a9aeb0e25,
c44d140e-07c5-4666-a7d6-5ee8a9788bda,Raquette de tennis Head Speed MP UL 2026,Head,raquettes,https://www.protennis.fr/45137-marketing_default/raquette-de-tennis-head-speed-mp-ul-2026.jpg,230.00,161.00,30,9bcb1729-926d-4462-b949-57f991e08673,https://www.protennis.fr/59474-raquette-de-tennis-head-speed-mp-ul-2026.html,active,true,,2026-09-22T18:19:51.338Z,2026-09-25T04:01:38.830Z,ec4f579f-6ba2-4273-8ce2-c5f561893600,
c4e008d0-60f5-4cac-8a6d-4a91e14d1ca4,Sac de tennis 6 raquettes Wilson Pro Staff Classic,Wilson,accessoires,https://www.protennis.fr/46860-marketing_default/wilson-super-tour-sac-9-raquettes-pro-staff-v14-2023.jpg,110.00,77.00,30,9bcb1729-926d-4462-b949-57f991e08673,https://www.protennis.fr/59675-wilson-super-tour-sac-9-raquettes-pro-staff-v14-2023.html,active,true,,2026-09-22T18:20:41.679Z,2026-09-25T04:01:54.635Z,90e396e4-f63e-4f61-9f3c-537a10731fa1,
c5183088-6e69-4bf4-9bcc-2c9f104c2e63,Chaussures de tennis Adidas Barricade 13 Homme Cuir Blanc vert,Adidas,chaussures,https://www.protennis.fr/42382-marketing_default/chaussures-de-tennis-adidas-barricade-13-homme-cuir-blanc-vert.jpg,150.00,90.00,40,9bcb1729-926d-4462-b949-57f991e08673,https://www.protennis.fr/59159-chaussures-de-tennis-adidas-barricade-13-homme-cuir-blanc-vert.html,active,true,,2026-09-22T18:20:09.754Z,2026-09-25T04:01:44.498Z,82d4219b-ee64-473b-9461-5cd17f0db69c,Blanc Vert
c52e9c03-fd72-4a60-b5b4-4ad8f1c77f28,Chaussures de tennis Adidas Solematch Control Homme Bleu AH23,Adidas,chaussures,https://www.protennis.fr/28329-marketing_default/adidas-solematch-control-homme-bleu-ah23.jpg,120.00,60.00,50,9bcb1729-926d-4462-b949-57f991e08673,https://www.protennis.fr/57228-adidas-solematch-control-homme-bleu-ah23.html,active,true,,2026-09-22T18:20:17.729Z,2026-09-25T04:01:46.708Z,5309e4db-5c7b-41d8-94b7-22cce7287b2b,Bleu
c548db5f-35a2-41d6-b99a-d13ee7076831,Balles de tennis Carton Tecnifibre X One 36 Tubes de 4 balles,Tecnifibre,accessoires,https://www.protennis.fr/39583-marketing_default/carton-tecnifibre-x-one-36-tubes-de-4-balles.jpg,342.00,309.60,9,9bcb1729-926d-4462-b949-57f991e08673,https://www.protennis.fr/29780-carton-tecnifibre-x-one-36-tubes-de-4-balles.html,active,true,,2026-09-22T18:20:37.173Z,2026-09-25T04:01:53.317Z,67660c1b-ffc6-4976-a381-932cff07dfc6,
c5914c7f-8a5f-4af4-82ae-dd1d957b3a9f,Chaussures Asics Solution Speed FF 4 Terre Battue Femme Bleu ciel Rouge,Asics,chaussures,https://www.protennis.fr/44919-marketing_default/chaussures-asics-solution-speed-ff-4-terre-battue-femme-bleu-ciel-rouge.jpg,150.00,90.00,40,9bcb1729-926d-4462-b949-57f991e08673,https://www.protennis.fr/59413-chaussures-asics-solution-speed-ff-4-terre-battue-femme-bleu-ciel-rouge.html,active,true,,2026-09-22T18:20:08.789Z,2026-09-25T04:01:44.189Z,7252cecb-76d9-4a51-a6f0-0f5c29e82273,Bleu Rouge
c5dfd703-f176-4875-b62f-ebd3d454348a,Raquette de tennis Tecnifibre TF X1 V2 300 Non Cordée 2024,Tecnifibre,raquettes,https://www.protennis.fr/32041-marketing_default/tecnifibre-tf-x1-v2-300-2024.jpg,250.00,99.00,60,9bcb1729-926d-4462-b949-57f991e08673,https://www.protennis.fr/57836-tecnifibre-tf-x1-v2-300-2024.html,active,true,,2026-09-22T10:32:42.175Z,2026-09-25T04:01:39.867Z,76f8060e-0d99-49a5-a0da-0fc019cae28e,
c63fd3a9-7d6e-4264-a39f-ae7958c520b1,Manchon de tennis Floky No Strain White x1,Floky,textile,https://www.protennis.fr/49371-marketing_default/manchon-de-tennis-floky-no-strain-white-x1.jpg,25.90,23.31,10,9bcb1729-926d-4462-b949-57f991e08673,https://www.protennis.fr/59940-manchon-de-tennis-floky-no-strain-white-x1.html,active,true,,2026-09-22T18:20:23.373Z,2026-09-25T04:01:49.091Z,e9e42aab-69aa-490c-98ca-715bc9834209,Blanc
c6429f0f-bbd0-4fcb-9054-73935151e777,Balles de tennis Babolat Green Tube de 3 Balles,Babolat,accessoires,https://www.protennis.fr/38430-marketing_default/babolat-green-tube-de-3-balles.jpg,6.95,6.20,11,9bcb1729-926d-4462-b949-57f991e08673,https://www.protennis.fr/9262-babolat-green-tube-de-3-balles.html,active,true,,2026-09-22T18:20:37.402Z,2026-09-25T04:01:53.395Z,e789f41e-18a9-494d-8718-3a1b2513bd9b,Vert
c650b246-c3a3-4531-9e9c-54e759aca1e4,Raquette de tennis Wilson Pro Staff 97 Classic,Wilson,raquettes,https://www.protennis.fr/46839-marketing_default/raquette-de-tennis-wilson-pro-staff-97-classic.jpg,260.00,182.00,30,9bcb1729-926d-4462-b949-57f991e08673,https://www.protennis.fr/59679-raquette-de-tennis-wilson-pro-staff-97-classic.html,active,true,,2026-09-22T18:19:57.865Z,2026-09-25T04:01:40.901Z,e8887db9-8d57-4456-b65d-c7766d84e613,
c67c5beb-0bab-4a6e-90f8-d47e37572349,Cordage de tennis BABOLAT VS TOUCH 135,Babolat,cordages,https://www.protennis.fr/15911-marketing_default/babolat-vs-touch-135.jpg,65.00,45.50,30,9bcb1729-926d-4462-b949-57f991e08673,https://www.protennis.fr/14900-babolat-vs-touch-135.html,active,true,,2026-09-22T18:20:03.484Z,2026-09-25T04:01:42.605Z,4aa0f9bd-f323-4dc5-863c-8b46d3747032,
c6983f03-7ff3-4c07-9ba1-9d8612cbf2fb,Raquette de tennis Yonex Ezone 08 98 L 2025,Yonex,raquettes,https://www.protennis.fr/37615-marketing_default/raquette-de-tennis-yonex-ezone-08-98-l-2025.jpg,289.00,202.30,30,9bcb1729-926d-4462-b949-57f991e08673,https://www.protennis.fr/58340-raquette-de-tennis-yonex-ezone-08-98-l-2025.html,active,true,,2026-09-22T18:19:58.658Z,2026-09-25T04:01:41.087Z,8fb55522-53a5-4e94-bca1-89b8b8143bfb,
c6992457-1a20-424d-9621-ed80a9e0e1b6,Chaussures de tennis Mizuno Wave Enforce Court AC Homme,Mizuno,chaussures,https://www.protennis.fr/45319-marketing_default/chaussures-de-tennis-mizuno-wave-enforce-court-ac-homme.jpg,110.00,66.00,40,9bcb1729-926d-4462-b949-57f991e08673,https://www.protennis.fr/59488-chaussures-de-tennis-mizuno-wave-enforce-court-ac-homme.html,active,true,,2026-09-22T18:20:13.130Z,2026-09-25T04:01:45.454Z,8d159cd5-27aa-4b17-9ad3-a97244cb5b1c,
c6bedb1c-d6b6-499c-b326-6f3ca6a20ece,Chaussures de tennis Asics Gel Resolution X Femme Terre Battue Night Energy,Asics,chaussures,https://www.protennis.fr/50479-marketing_default/chaussures-asics-gel-resolution-x-femme-terre-battue-night-energy.jpg,160.00,128.00,20,9bcb1729-926d-4462-b949-57f991e08673,https://www.protennis.fr/60038-chaussures-asics-gel-resolution-x-femme-terre-battue-night-energy.html,active,true,,2026-09-22T18:20:05.050Z,2026-09-25T04:01:43.053Z,18f54513-b729-4806-92c8-be59135cd8cf,
c6c7c088-4af4-476d-8ba0-e32eaa52970d,Chaussures de tennis Yonex Power Cushion Eclipsion 5 Terre Battue Homme Silver Orange,Yonex,chaussures,https://www.protennis.fr/47924-marketing_default/chaussures-de-tennis-yonex-power-cushion-eclipsion-5-terre-battue-homme-silver-orange.jpg,189.00,132.30,30,9bcb1729-926d-4462-b949-57f991e08673,https://www.protennis.fr/59803-chaussures-de-tennis-yonex-power-cushion-eclipsion-5-terre-battue-homme-silver-orange.html,active,true,,2026-09-22T18:20:07.350Z,2026-09-25T04:01:43.736Z,a83390fa-960f-4504-a3c5-9f77daaddd83,Argent Orange
c6f126a7-f598-42fa-bfe1-216aff723cf5,Chaussures de tennis Adidas Courtflash Enfant Lucid ray and Blue,Adidas,chaussures,https://www.protennis.fr/49928-marketing_default/chaussures-de-tennis-adidas-courtflash-enfant-lucid-ray-and-blue.jpg,50.00,40.00,20,9bcb1729-926d-4462-b949-57f991e08673,https://www.protennis.fr/59979-chaussures-de-tennis-adidas-courtflash-enfant-lucid-ray-and-blue.html,active,true,,2026-09-22T18:20:05.964Z,2026-09-25T04:01:43.351Z,84f4a09b-fffe-479d-9462-978123e3faa4,Bleu
c712f7de-0f70-474c-850c-510303a0e7d6,Short de tennis Mizuno Amplify 8 Homme Blanc,Mizuno,textile,https://www.protennis.fr/40346-marketing_default/short-mizuno-amplify-8-homme-blanc.jpg,55.00,33.00,40,9bcb1729-926d-4462-b949-57f991e08673,https://www.protennis.fr/58899-short-mizuno-amplify-8-homme-blanc.html,active,true,,2026-09-22T18:20:26.397Z,2026-09-25T04:01:50.028Z,31ec47db-2a8c-49b9-9ada-a50cdf4c1e5c,Blanc
c71c28cd-4d37-49bf-a4d2-890a7c2f35fb,Sac de tennis 12 Raquettes Head Tour Racquet Bag XL Bleu canard,Head,accessoires,https://www.protennis.fr/45619-marketing_default/sac-de-tennis-12-raquettes-head-tour-racquet-bag-xl-bleu-canard.jpg,130.00,91.00,30,9bcb1729-926d-4462-b949-57f991e08673,https://www.protennis.fr/59524-sac-de-tennis-12-raquettes-head-tour-racquet-bag-xl-bleu-canard.html,active,true,,2026-09-22T18:20:38.847Z,2026-09-25T04:01:53.818Z,ceefe585-433c-4b2c-bb1b-ee53491cea28,Bleu
c7315163-047f-41a0-9e67-f6184fee6053,Chaussures de tennis Asics Gel Resolution X Homme Blanc Noir,Asics,chaussures,https://www.protennis.fr/35686-marketing_default/chaussures-de-tennis-asics-gel-resolution-x-homme-blanc-noir.jpg,160.00,128.00,20,9bcb1729-926d-4462-b949-57f991e08673,https://www.protennis.fr/58269-chaussures-de-tennis-asics-gel-resolution-x-homme-blanc-noir.html,active,true,,2026-09-22T18:20:11.880Z,2026-09-25T04:01:45.108Z,ae4f6c74-c292-40e3-b8d4-3d7557835677,Blanc Noir
c761bef2-84b5-47e4-8fab-cfc1b2407404,Casquette de tennis Nike Advantage Club Vieux rose,Nike,textile,https://www.protennis.fr/47448-marketing_default/casquette-de-tennis-nike-advantage-club-casquette-vieux-rose.jpg,32.99,19.79,40,9bcb1729-926d-4462-b949-57f991e08673,https://www.protennis.fr/59739-casquette-de-tennis-nike-advantage-club-casquette-vieux-rose.html,active,true,,2026-09-22T18:20:28.390Z,2026-09-25T04:01:50.663Z,2e40b7b4-01ce-45b8-bb67-affe0c26b3c0,Rose
c768aad7-e3e8-4042-b3c6-ba290e2980d4,Polo de tennis Nike Slam Homme Strippe Olive,Nike,textile,https://www.protennis.fr/45963-marketing_default/polo-homme-nike-slam-strippe-olive.jpg,105.00,63.00,40,9bcb1729-926d-4462-b949-57f991e08673,https://www.protennis.fr/59577-polo-homme-nike-slam-strippe-olive.html,active,true,,2026-09-22T18:20:29.059Z,2026-09-25T04:01:50.864Z,f73414c7-3546-4ff3-8fda-0beaf39c4f0a,
c76b89bf-28fb-4911-ba3e-f417b1a6c26d,Short de tennis Nike Slam Homme Lime vert,Nike,textile,https://www.protennis.fr/45977-marketing_default/short-homme-nike-slam-lime-vert.jpg,90.00,54.00,40,9bcb1729-926d-4462-b949-57f991e08673,https://www.protennis.fr/59583-short-homme-nike-slam-lime-vert.html,active,true,,2026-09-22T18:20:28.905Z,2026-09-25T04:01:50.819Z,a01a3b23-fb8c-480b-9646-434265ebc1a4,Vert
c778b8c3-a83f-4f94-ba66-392e4c926911,Short de tennis Nike Victory 9 Homme AOP Carreau Rouille,Nike,textile,https://www.protennis.fr/39758-marketing_default/short-nike-victory-9-homme-aop-carreau-rouille.jpg,50.00,30.00,40,9bcb1729-926d-4462-b949-57f991e08673,https://www.protennis.fr/58777-short-nike-victory-9-homme-aop-carreau-rouille.html,active,true,,2026-09-22T18:20:31.464Z,2026-09-25T04:01:51.549Z,1808c5de-eb8d-458b-a2dc-26d0d1d80d9e,
c78ccb94-ea78-4b8d-ba09-e640b9b3979d,Antivibrateur de tennis Tecnifibre Fire,Tecnifibre,accessoires,https://www.protennis.fr/47077-marketing_default/antivibrateur-de-tennis-tecnifibre-fire.jpg,6.50,5.85,10,9bcb1729-926d-4462-b949-57f991e08673,https://www.protennis.fr/59706-antivibrateur-de-tennis-tecnifibre-fire.html,active,true,,2026-09-22T18:20:33.511Z,2026-09-25T04:01:52.201Z,3953c589-a990-4986-8e7e-92b3b1aa3642,
c79091f8-9eac-4cdd-b1ff-26d499d347fa,Surgrip de tennis TOURNA GRIP SURGRIP ORIGINAL X10,Tourna grip,accessoires,https://www.protennis.fr/4786-marketing_default/tourna-grip-surgrip-original-x10.jpg,22.00,15.40,30,9bcb1729-926d-4462-b949-57f991e08673,https://www.protennis.fr/29144-tourna-grip-surgrip-original-x10.html,active,true,,2026-09-22T18:20:36.378Z,2026-09-25T04:01:53.065Z,15c19251-23e4-460f-b116-c07bde00eeab,
c7c08c02-295a-4ede-a3e0-6fb63fc5cc68,Raquette de tennis Wilson Shift 99 L V1 US Open,Wilson,raquettes,https://www.protennis.fr/43287-marketing_default/raquette-de-tennis-wilson-shift-99-l-v1-us-open.jpg,250.00,175.00,30,9bcb1729-926d-4462-b949-57f991e08673,https://www.protennis.fr/59256-raquette-de-tennis-wilson-shift-99-l-v1-us-open.html,active,true,,2026-09-22T18:19:56.039Z,2026-09-25T04:01:40.227Z,1805c53f-172a-4c7a-a26d-a95ab0a1af92,
c7f87707-45f0-4a9e-b16a-801cd0b09109,SURGRIPS TECNIFIBRE PRO CONTACT X12 BLANC,Tecnifibre,accessoires,https://www.protennis.fr/5283-marketing_default/surgrips-tecnifibre-pro-contact-x12-blanc.jpg,27.99,19.59,30,9bcb1729-926d-4462-b949-57f991e08673,https://www.protennis.fr/52605-surgrips-tecnifibre-pro-contact-x12-blanc.html,active,true,,2026-09-22T18:20:34.828Z,2026-09-25T04:01:52.572Z,40376c37-f7c0-4973-bde8-37129fb8dd11,Blanc
c820513d-b916-42ea-9344-2338c802a997,Short de tennis Adidas Pro Enfant Bordeaux PE25,Adidas,textile,https://www.protennis.fr/37051-marketing_default/short-adidas-pro-enfant-bordeaux-pe25.jpg,45.00,27.00,40,9bcb1729-926d-4462-b949-57f991e08673,https://www.protennis.fr/58283-short-adidas-pro-enfant-bordeaux-pe25.html,active,true,,2026-09-22T18:20:20.504Z,2026-09-25T04:01:48.168Z,89047885-da82-42f2-b892-af4f412bb7a1,Bordeaux
c8725034-e870-4043-9944-26741f5322fe,Chaussures de tennis Nike Vapor Lite 3 Premium Femme Blanc Rouge fluo,Nike,chaussures,https://www.protennis.fr/42998-marketing_default/chaussures-de-tennis-nike-vapor-lite-3-premium-femme-blanc-rouge-fluo.jpg,85.00,51.00,40,9bcb1729-926d-4462-b949-57f991e08673,https://www.protennis.fr/59212-chaussures-de-tennis-nike-vapor-lite-3-premium-femme-blanc-rouge-fluo.html,active,true,,2026-09-22T18:20:14.267Z,2026-09-25T04:01:45.755Z,95813cde-94a0-4ef2-bda6-7c2f3f291496,Blanc Rouge
c8bce199-2749-4ef1-8770-4774c38204c2,Cordage de tennis Prince Synthetic Gut Duraflex 130 Limited Edition Rainbow,Prince,cordages,https://www.protennis.fr/32053-marketing_default/prince-synthetic-gut-duraflex-130-limited-edition-rainbow-.jpg,270.00,189.00,30,9bcb1729-926d-4462-b949-57f991e08673,https://www.protennis.fr/57843-prince-synthetic-gut-duraflex-130-limited-edition-rainbow-.html,active,true,,2026-09-22T18:20:03.791Z,2026-09-25T04:01:42.705Z,3d48e9bc-aa6d-41f0-9e88-7510d4a359b5,
c8ce5c9c-8159-407f-8eab-ced195c6e154,T-shirt de tennis Lacoste Ultra Dry Édition Roland-Garros Homme Orange,Lacoste,textile,https://www.protennis.fr/48698-marketing_default/t-shirt-de-tennis-lacoste-ultra-dry-edition-roland-garros-homme-orange.jpg,75.00,45.00,40,9bcb1729-926d-4462-b949-57f991e08673,https://www.protennis.fr/59864-t-shirt-de-tennis-lacoste-ultra-dry-edition-roland-garros-homme-orange.html,active,true,,2026-09-22T18:20:24.375Z,2026-09-25T04:01:49.409Z,727fca06-2cf7-49f7-b58d-307328a1a48b,Orange
c8e81f3b-8474-45ee-99f7-78b9e0cf7721,Short de tennis Nike Heritage Femme Noir,Nike,textile,https://www.protennis.fr/42964-marketing_default/short-nike-heritage-femme-noir.jpg,60.00,36.00,40,9bcb1729-926d-4462-b949-57f991e08673,https://www.protennis.fr/59207-short-nike-heritage-femme-noir.html,active,true,,2026-09-22T18:20:29.936Z,2026-09-25T04:01:51.076Z,067fdea5-c5b8-4caa-9f3b-8482b66ef6b1,Noir
c976fd7d-4d8a-4882-9ad1-e3c9d4eb2cd2,Raquette de tennis Wilson Ultra 100 L V5,Wilson,raquettes,https://www.protennis.fr/40908-marketing_default/raquette-de-tennis-wilson-ultra-100-l-v5.jpg,220.00,154.00,30,9bcb1729-926d-4462-b949-57f991e08673,https://www.protennis.fr/58968-raquette-de-tennis-wilson-ultra-100-l-v5.html,active,true,,2026-09-22T18:19:56.953Z,2026-09-25T04:01:40.556Z,8d083e78-1c5b-42cc-b0e3-60185ecd36b9,
c98d9d64-eac2-401d-b8dd-390489ba7cda,T-shirt de tennis Lacoste Gros Logo Homme Bleu roi PE24,Lacoste,textile,https://www.protennis.fr/35143-marketing_default/t-shirt-lacoste-gros-logo-homme-bleu-roi-pe24.jpg,70.00,35.00,50,9bcb1729-926d-4462-b949-57f991e08673,https://www.protennis.fr/58223-t-shirt-lacoste-gros-logo-homme-bleu-roi-pe24.html,active,true,,2026-09-22T18:20:25.507Z,2026-09-25T04:01:49.771Z,40fab168-2fa5-46de-843a-5e6c70d272cb,Bleu
c9c7601d-9a03-486d-8eeb-1fcb5cac23a2,Chaussures de tennis Nike Vapor Lite 3 Femme Vert clair,Nike,chaussures,https://www.protennis.fr/47627-marketing_default/chaussures-de-tennis-nike-vapor-lite-3-femme-vert-clair.jpg,84.99,50.99,40,9bcb1729-926d-4462-b949-57f991e08673,https://www.protennis.fr/59765-chaussures-de-tennis-nike-vapor-lite-3-femme-vert-clair.html,active,true,,2026-09-22T18:20:12.699Z,2026-09-25T04:01:45.321Z,d7aa1446-f42f-4f08-ad40-09c69552bf76,Vert
c9d0e023-3353-4edb-9b52-1cfb4400ada1,T-Shirt de tennis Adidas Tee Pro Homme Maroon,Adidas,textile,https://www.protennis.fr/50996-marketing_default/t-shirt-de-tennis-adidas-tee-pro-homme-maroon.jpg,60.00,48.00,20,9bcb1729-926d-4462-b949-57f991e08673,https://www.protennis.fr/60092-t-shirt-de-tennis-adidas-tee-pro-homme-maroon.html,active,true,,2026-09-25T04:01:47.034Z,2026-09-25T04:01:47.034Z,9dbeaf85-802f-46e7-849d-9186f8d74cc0,
c9fc73a0-2dee-4e22-a408-d65ceccb66dc,Chaussures de tennis Nike GP Challenge 1.5 Femme Blanc volt,Nike,chaussures,https://www.protennis.fr/45935-marketing_default/chaussures-de-tennis-nike-gp-challenge-15-femme-blanc-volt.jpg,150.00,90.00,40,9bcb1729-926d-4462-b949-57f991e08673,https://www.protennis.fr/59571-chaussures-de-tennis-nike-gp-challenge-15-femme-blanc-volt.html,active,true,,2026-09-22T18:20:07.894Z,2026-09-25T04:01:43.919Z,7045eb95-223a-431c-b182-bb3ab045fcc0,Blanc
ca002cca-1881-49d8-9007-592ae755b843,Chaussettes de tennis Nike Everyday Max Cushioned x3 Chaussettes Invisible,Nike,textile,https://www.protennis.fr/18339-marketing_default/nike-everyday-max-cushioned-x3-chaussettes-invisible.jpg,15.00,13.50,10,9bcb1729-926d-4462-b949-57f991e08673,https://www.protennis.fr/55225-nike-everyday-max-cushioned-x3-chaussettes-invisible.html,active,true,,2026-09-22T18:20:33.315Z,2026-09-25T04:01:52.132Z,88dbc0b0-22cd-458e-ba0a-f8ed7e457271,
ca449de4-790d-4cbd-b309-544463ab7f7b,Debardeur de tennis Nike Advantage Femme Noir,Nike,textile,https://www.protennis.fr/47613-marketing_default/debardeur-de-tennis-nike-advantage-femme-noir.jpg,59.99,35.99,40,9bcb1729-926d-4462-b949-57f991e08673,https://www.protennis.fr/59759-debardeur-de-tennis-nike-advantage-femme-noir.html,active,true,,2026-09-22T18:20:27.884Z,2026-09-25T04:01:50.498Z,77586556-e81e-445c-a7ee-314827e27c70,Noir
ca4b3966-2a5e-4147-9733-38a004b1710b,Short de tennis Nike Court Advantage Homme Kaki clair,Nike,textile,https://www.protennis.fr/46055-marketing_default/short-homme-nike-court-advantage-kaki-clair.jpg,65.00,39.00,40,9bcb1729-926d-4462-b949-57f991e08673,https://www.protennis.fr/59575-short-homme-nike-court-advantage-kaki-clair.html,active,true,,2026-09-22T18:20:29.083Z,2026-09-25T04:01:50.875Z,20e65df2-0156-41b3-a9d4-547f062e4847,Kaki
ca5be573-1a7b-4a09-8f5a-6526ec50e9bb,Chaussures de tennis Lacoste AG-LT Ultra All Medvedev Homme Jaune et Noir,Lacoste,chaussures,https://www.protennis.fr/44374-marketing_default/chaussures-de-tennis-lacoste-ag-lt-ultra-all-medvedev-homme-jaune-et-noir.jpg,170.00,102.00,40,9bcb1729-926d-4462-b949-57f991e08673,https://www.protennis.fr/59392-chaussures-de-tennis-lacoste-ag-lt-ultra-all-medvedev-homme-jaune-et-noir.html,active,true,,2026-09-22T18:20:13.596Z,2026-09-25T04:01:45.587Z,32b016f0-8434-4035-8912-ea431ff98e3e,Jaune Noir
ca94baa9-4a0f-40a1-ae31-1a875288a14c,Cordage de tennis Tecnifibre Ice Code 130 Bobine 200m,Tecnifibre,cordages,https://www.protennis.fr/22130-marketing_default/tecnifibre-ice-code-130-bobine-200m.jpg,150.00,105.00,30,9bcb1729-926d-4462-b949-57f991e08673,https://www.protennis.fr/56203-tecnifibre-ice-code-130-bobine-200m.html,active,true,,2026-09-22T18:19:59.929Z,2026-09-25T04:01:41.455Z,b513ccc3-9bac-4e71-bd23-82bf101b641d,
cac7c3e7-bdc1-4178-950e-9507e62d7ef1,Raquette de tennis Babolat Pure Aero Rafa 2023,Babolat,raquettes,https://www.protennis.fr/25610-marketing_default/babolat-pure-aero-rafa-2023.jpg,300.00,210.00,30,9bcb1729-926d-4462-b949-57f991e08673,https://www.protennis.fr/56892-babolat-pure-aero-rafa-2023.html,active,true,,2026-09-22T18:19:47.611Z,2026-09-25T04:01:37.626Z,a7a35aaa-4d5f-4790-b809-242b5869a35f,
cace119a-1b56-4bfd-9383-71ee61d67924,Sac de tennis Wilson Shift Duffle Artic Ice 2023,Wilson,accessoires,https://www.protennis.fr/27360-marketing_default/wilson-shift-duffle-artic-ice-2023.jpg,65.00,39.00,40,9bcb1729-926d-4462-b949-57f991e08673,https://www.protennis.fr/57177-wilson-shift-duffle-artic-ice-2023.html,active,true,,2026-09-22T18:20:41.246Z,2026-09-25T04:01:54.513Z,2ae42f27-b15f-492d-9ea0-203464599769,
cb079d57-f1df-407f-a730-6eb75f5dd17e,Raquette de tennis Wilson Clash Team 103 V3 2025,Wilson,raquettes,https://www.protennis.fr/36138-marketing_default/raquette-de-tennis-wilson-clash-team-103-v3-2025.jpg,170.00,119.00,30,9bcb1729-926d-4462-b949-57f991e08673,https://www.protennis.fr/58368-raquette-de-tennis-wilson-clash-team-103-v3-2025.html,active,true,,2026-09-22T18:19:56.622Z,2026-09-25T04:01:40.408Z,24784d79-1bdf-4c67-9180-03c3d19763b5,
cba1dc4f-7911-4a67-877a-3a926fea332e,Chaussures de tennis Nike Vapor Lite 3 Femme Blanc Mint,Nike,chaussures,https://www.protennis.fr/41447-marketing_default/chaussures-de-tennis-nike-vapor-lite-3-femme-blanc-mint.jpg,85.00,51.00,40,9bcb1729-926d-4462-b949-57f991e08673,https://www.protennis.fr/59019-chaussures-de-tennis-nike-vapor-lite-3-femme-blanc-mint.html,active,true,,2026-09-22T18:20:14.656Z,2026-09-25T04:01:45.868Z,848d601d-734f-4f22-ad0b-ac06b62a03c2,Blanc
cbdc8f66-65bf-4fd7-b524-ce44face992b,Jupe de tennis Adidas Climacool Pro Enfant Blanc,Adidas,textile,https://www.protennis.fr/45659-marketing_default/jupe-de-tennis-adidas-climacool-pro-enfant-blanc.jpg,50.00,30.00,40,9bcb1729-926d-4462-b949-57f991e08673,https://www.protennis.fr/59544-jupe-de-tennis-adidas-climacool-pro-enfant-blanc.html,active,true,,2026-09-22T18:20:18.647Z,2026-09-25T04:01:47.331Z,d568a979-2d73-4ea7-b398-17730023d4fc,Blanc
cc2970ff-7000-416e-b49f-c2edd0f11474,Cordage de tennis LUXILON 4G SOFT 125 BOBINE 200m,Luxilon,cordages,https://www.protennis.fr/1686-marketing_default/luxilon-4g-soft-125-bobine-200m.jpg,350.00,245.00,30,9bcb1729-926d-4462-b949-57f991e08673,https://www.protennis.fr/36003-luxilon-4g-soft-125-bobine-200m.html,active,true,,2026-09-22T18:20:04.003Z,2026-09-25T04:01:42.761Z,914bdbca-0685-458b-b061-6c834232ffbb,
cc3897d9-c61e-4337-807c-f5c6e712808e,Chaussures de tennis Wilson Intrigue Tour OZ Femme Blanc jaune,Wilson,chaussures,https://www.protennis.fr/38024-marketing_default/chaussures-de-tennis-wilson-intrigue-tour-oz-femme-blanc-jaune.jpg,158.00,94.80,40,9bcb1729-926d-4462-b949-57f991e08673,https://www.protennis.fr/58587-chaussures-de-tennis-wilson-intrigue-tour-oz-femme-blanc-jaune.html,active,true,,2026-09-22T18:20:11.572Z,2026-09-25T04:01:45.012Z,f62ec872-cc51-41ab-abf0-ea059f9c34a8,Blanc Jaune
cc876868-7ee0-4c33-9f7c-d9cb739f6567,Adidas Y Debardeur Femme Noir Bleu AH21,Adidas,textile,https://www.protennis.fr/19022-marketing_default/adidas-y-debardeur-femme-ah21.jpg,60.00,30.00,50,9bcb1729-926d-4462-b949-57f991e08673,https://www.protennis.fr/55302-adidas-y-debardeur-femme-ah21.html,active,true,,2026-09-22T18:20:21.601Z,2026-09-25T04:01:48.475Z,d2da2275-f1be-4716-8552-424dde25fd19,Noir Bleu
ccb8ff5e-7f75-4a29-b008-e22643b70a93,T-shirt de tennis Lacoste Gros Logo Homme Vert Blanc,Lacoste,textile,https://www.protennis.fr/38682-marketing_default/t-shirt-lacoste-gros-logo-homme-vert-blanc.jpg,70.00,42.00,40,9bcb1729-926d-4462-b949-57f991e08673,https://www.protennis.fr/58694-t-shirt-lacoste-gros-logo-homme-vert-blanc.html,active,true,,2026-09-22T18:20:25.065Z,2026-09-25T04:01:49.633Z,49d0a079-ec60-4ba3-9d46-029ff237ac5c,Vert Blanc
ccbb4260-0a88-42c5-9f10-4350889b5f03,Cordage de tennis BABOLAT XCEL 135 BOBINE 200m,Babolat,cordages,https://www.protennis.fr/40774-marketing_default/babolat-xcel-135-bobine-200m.jpg,320.00,224.00,30,9bcb1729-926d-4462-b949-57f991e08673,https://www.protennis.fr/15662-babolat-xcel-135-bobine-200m.html,active,true,,2026-09-22T18:20:03.405Z,2026-09-25T04:01:42.583Z,c519ccac-0d23-47a1-9e43-9c197d63b9f1,
ccd9d554-4420-45ff-8abb-951ab824b252,Chaussures de tennis Mizuno Wave Enforce Court CC Homme,Mizuno,chaussures,https://www.protennis.fr/45340-marketing_default/chaussures-de-tennis-mizuno-wave-enforce-court-cc-homme.jpg,110.00,66.00,40,9bcb1729-926d-4462-b949-57f991e08673,https://www.protennis.fr/59496-chaussures-de-tennis-mizuno-wave-enforce-court-cc-homme.html,active,true,,2026-09-22T18:20:13.035Z,2026-09-25T04:01:45.432Z,4e9b4ff6-70ed-41da-9834-a7035d5159f7,
cd1c6e4d-4d9a-41e4-b8f6-9890b93649f6,Gourde de tennis Thermo Waterdrop ATP Tour Officiel 600ml Blanche 2024,Waterdrop,accessoires,https://www.protennis.fr/35761-marketing_default/gourde-thermo-waterdrop-atp-tour-officiel-600ml-blanche-2024.jpg,37.90,34.11,10,9bcb1729-926d-4462-b949-57f991e08673,https://www.protennis.fr/58330-gourde-thermo-waterdrop-atp-tour-officiel-600ml-blanche-2024.html,active,true,,2026-09-22T18:20:34.076Z,2026-09-25T04:01:52.379Z,7d79d391-b6ab-4dd6-969a-e3ebee56da66,Blanc
cd30d467-6753-4316-9c6d-bebdbe02c0d4,Sac à dos Wilson Ultra V5 Tour,Wilson,accessoires,https://www.protennis.fr/40953-marketing_default/sac-a-dos-wilson-ultra-v5-tour.jpg,80.00,56.00,30,9bcb1729-926d-4462-b949-57f991e08673,https://www.protennis.fr/58961-sac-a-dos-wilson-ultra-v5-tour.html,active,true,,2026-09-22T18:20:40.167Z,2026-09-25T04:01:54.250Z,e4b13dd0-ea1e-4844-b312-393084e398c6,
cd7b4389-5930-4789-a3e3-93fd67252c7f,Sac à dos de tennis Babolat Court Hero Noir,Babolat,accessoires,https://www.protennis.fr/43895-marketing_default/sac-a-dos-de-tennis-babolat-court-hero-noir.jpg,64.95,45.47,30,9bcb1729-926d-4462-b949-57f991e08673,https://www.protennis.fr/59283-sac-a-dos-de-tennis-babolat-court-hero-noir.html,active,true,,2026-09-22T18:20:39.606Z,2026-09-25T04:01:54.061Z,859f429b-ef7c-428f-b276-9fe57bd3834e,Noir
cd955943-4932-4327-8757-c859e85cf681,Antivibrateur de tennis Babolat Pure Drive,Babolat,accessoires,https://www.protennis.fr/36314-marketing_default/antivibrateur-de-tennis-babolat-pure-drive.jpg,8.50,5.95,30,9bcb1729-926d-4462-b949-57f991e08673,https://www.protennis.fr/58386-antivibrateur-de-tennis-babolat-pure-drive.html,active,true,,2026-09-22T18:20:34.023Z,2026-09-25T04:01:52.368Z,d67ccc80-f249-493b-9051-f4879bbb2bc0,
cdcdb817-03a2-4ac7-9e5a-fa9bebc18862,Chaussures de tennis Adidas Ubersonic 5 Homme White,Adidas,chaussures,https://www.protennis.fr/50203-marketing_default/chaussures-de-tennis-adidas-ubersonic-5-homme-white.jpg,150.00,120.00,20,9bcb1729-926d-4462-b949-57f991e08673,https://www.protennis.fr/60009-chaussures-de-tennis-adidas-ubersonic-5-homme-white.html,active,true,,2026-09-22T18:20:05.507Z,2026-09-25T04:01:43.190Z,d8ecb433-e702-49e1-add7-612207072284,Blanc
cdead7fa-ba66-4a80-883f-5efd8f6e2c49,Cordage de tennis Head Lynx Tour 130 Bobine 200m Orange,Head,cordages,https://www.protennis.fr/22060-marketing_default/head-lynx-tour-130-bobine-200m-orange.jpg,150.00,105.00,30,9bcb1729-926d-4462-b949-57f991e08673,https://www.protennis.fr/56066-head-lynx-tour-130-bobine-200m-orange.html,active,true,,2026-09-22T18:20:00.309Z,2026-09-25T04:01:41.577Z,723a2abc-7c0e-4407-bf50-6b0aa1223887,Orange
ce18958d-f8c1-40ee-9325-fbaae76e97f7,Chaussures de tennis Nike Vapor Pro 3 Femme Jaune,Nike,chaussures,https://www.protennis.fr/45884-marketing_default/chaussures-de-tennis-nike-vapor-pro-3-femme-jaune.jpg,130.00,78.00,40,9bcb1729-926d-4462-b949-57f991e08673,https://www.protennis.fr/59567-chaussures-de-tennis-nike-vapor-pro-3-femme-jaune.html,active,true,,2026-09-22T18:20:12.931Z,2026-09-25T04:01:45.399Z,10579584-c04d-4d4c-bcb3-18b658ba3b2e,Jaune
ce348c30-9aab-4c56-8603-762bc8dd5f73,Short de tennis Adidas Club Femme Noir,Adidas,textile,https://www.protennis.fr/37020-marketing_default/short-adidas-club-femme-noir-pe25.jpg,35.00,21.00,40,9bcb1729-926d-4462-b949-57f991e08673,https://www.protennis.fr/58290-short-adidas-club-femme-noir-pe25.html,active,true,,2026-09-22T18:20:19.182Z,2026-09-25T04:01:47.508Z,244a94c4-e5ca-4ac8-907f-eeccd0edbe21,Noir
ce42d36f-62ed-415b-afe0-fe27286ed797,Polo de tennis Adidas FreeLift Polo Homme Rouge PE25,Adidas,textile,https://www.protennis.fr/36977-marketing_default/polo-adidas-freelift-polo-homme-rouge-pe25.jpg,70.00,42.00,40,9bcb1729-926d-4462-b949-57f991e08673,https://www.protennis.fr/58333-polo-adidas-freelift-polo-homme-rouge-pe25.html,active,true,,2026-09-22T18:20:20.405Z,2026-09-25T04:01:48.134Z,1f4d655a-83b3-4bf6-83dd-d2afbd945b26,Rouge
cf4ad9cc-7874-417f-8dc8-a882970da04a,Cordage de tennis Tecnifibre Triax 133 Bobine (200m),Tecnifibre,cordages,https://www.protennis.fr/20096-marketing_default/tecnifibre-triax-133-bobine-200m.jpg,360.00,252.00,30,9bcb1729-926d-4462-b949-57f991e08673,https://www.protennis.fr/54602-tecnifibre-triax-133-bobine-200m.html,active,true,,2026-09-22T18:20:00.641Z,2026-09-25T04:01:41.688Z,317cbc57-0768-4e5a-b210-dc73de3021b6,
cf970ee4-d3bf-44ab-8998-947d540d2aa0,Cordage de tennis BABOLAT M7 140 BOBINE 200m,Babolat,cordages,https://www.protennis.fr/4476-marketing_default/babolat-m7-140-bobine-200m.jpg,250.00,175.00,30,9bcb1729-926d-4462-b949-57f991e08673,https://www.protennis.fr/36129-babolat-m7-140-bobine-200m.html,active,true,,2026-09-22T18:20:02.080Z,2026-09-25T04:01:42.179Z,bd2fff52-f009-49d9-893e-840758433361,
cfad7aa2-0037-453f-a805-acd01f5640fb,Raquette de tennis Pure Strike Lite Carbon,Babolat,raquettes,https://www.protennis.fr/41941-marketing_default/raquette-de-tennis-pure-strike-lite-carbon.jpg,229.95,160.97,30,9bcb1729-926d-4462-b949-57f991e08673,https://www.protennis.fr/59084-raquette-de-tennis-pure-strike-lite-carbon.html,active,true,,2026-09-22T18:19:47.995Z,2026-09-25T04:01:37.745Z,a0c87906-13e8-433d-aa33-de69ee352270,
cfe73bf1-dc7d-42f1-8529-1a1b3e4c2924,Robe Femme Nike Slam London Blanc,Nike,textile,https://www.protennis.fr/41719-marketing_default/robe-femme-nike-slam-london-blanc.jpg,130.00,78.00,40,9bcb1729-926d-4462-b949-57f991e08673,https://www.protennis.fr/59063-robe-femme-nike-slam-london-blanc.html,active,true,,2026-09-22T18:20:30.542Z,2026-09-25T04:01:51.263Z,01d5aa81-6cbd-45ed-84c5-d206a06d340b,Blanc
cffc7678-4e55-44f6-8736-acc6a74b2d42,Cordage de tennis BABOLAT RPM TEAM 125 BOBINE 200m,Babolat,cordages,https://www.protennis.fr/2015-marketing_default/babolat-rpm-team-125-bobine-200m.jpg,200.00,140.00,30,9bcb1729-926d-4462-b949-57f991e08673,https://www.protennis.fr/27708-babolat-rpm-team-125-bobine-200m.html,active,true,,2026-09-22T18:20:03.255Z,2026-09-25T04:01:42.527Z,387306ad-472b-404d-8693-d57403fb2943,
d02d7284-4e0b-4d57-82b2-d3e50dbb31d9,Chaussures de tennis Asics Gel Resolution 9 Homme Marine Jaune AH24,Asics,chaussures,https://www.protennis.fr/32569-marketing_default/chaussures-de-tennis-asics-gel-resolution-9-homme-marine-jaune-ah24.jpg,150.00,75.00,50,9bcb1729-926d-4462-b949-57f991e08673,https://www.protennis.fr/57910-chaussures-de-tennis-asics-gel-resolution-9-homme-marine-jaune-ah24.html,active,true,,2026-09-22T18:20:17.136Z,2026-09-25T04:01:46.530Z,2bd4378e-7e46-4c62-bacd-ebb16981f3c0,Marine Jaune
d034fd6a-87c1-4574-baf8-2d5b52d0bcf6,T-shirt de tennis Nike Femme Victory Noir,Nike,textile,https://www.protennis.fr/47024-marketing_default/t-shirt-nike-femme-victory-noir.jpg,50.00,30.00,40,9bcb1729-926d-4462-b949-57f991e08673,https://www.protennis.fr/59698-t-shirt-nike-femme-victory-noir.html,active,true,,2026-09-22T18:20:28.757Z,2026-09-25T04:01:50.764Z,0f4ef7ff-9488-445b-aa54-0b50ddcbae37,Noir
d0744b6b-0ebd-4b7e-b4a0-274b992be247,Chaussettes de tennis Lacoste Lot de 3 paires basses Noir,Lacoste,textile,https://www.protennis.fr/44124-marketing_default/chaussettes-de-tennis-lot-de-3-paires-basses-noir.jpg,25.00,15.00,40,9bcb1729-926d-4462-b949-57f991e08673,https://www.protennis.fr/59356-chaussettes-de-tennis-lot-de-3-paires-basses-noir.html,active,true,,2026-09-22T18:20:24.655Z,2026-09-25T04:01:49.500Z,f34362b3-e7d9-4e02-ad99-d6b297c18611,Noir
d09025ea-9201-4e44-94d7-f33e3284168f,Surgrip de tennis Babolat Lot Syntec Pro + Vs Original Blanc,Babolat,accessoires,https://www.protennis.fr/31102-marketing_default/babolat-lot-syntec-pro-vs-original-blanc.jpg,15.00,10.50,30,9bcb1729-926d-4462-b949-57f991e08673,https://www.protennis.fr/57735-babolat-lot-syntec-pro-vs-original-blanc.html,active,true,,2026-09-22T18:20:35.967Z,2026-09-25T04:01:52.910Z,c5c7c63f-5a95-4e6b-aab4-8e7f022cfbf0,Blanc
d0a9faa1-481c-4cf4-aca6-91cf171aaca3,Chaussettes de tennis Nike Everyday Lightweight X3 Black,Nike,textile,https://www.protennis.fr/50562-marketing_default/chaussettes-de-tennis-nike-everyday-lightweight-x3-black.jpg,15.99,11.19,30,9bcb1729-926d-4462-b949-57f991e08673,https://www.protennis.fr/60045-chaussettes-de-tennis-nike-everyday-lightweight-x3-black.html,active,true,,2026-09-22T18:20:27.060Z,2026-09-25T04:01:50.253Z,0e822206-c82b-4dd0-8769-725b8a849f2d,Noir
d0d1beb3-4b47-4883-9a9d-5172b7b36d0c,Sac à dos Wilson Super Tour Rouge 2025,Wilson,accessoires,https://www.protennis.fr/39601-marketing_default/sac-a-dos-wilson-super-tour-rouge-2025.jpg,95.00,66.50,30,9bcb1729-926d-4462-b949-57f991e08673,https://www.protennis.fr/58837-sac-a-dos-wilson-super-tour-rouge-2025.html,active,true,,2026-09-22T18:20:40.346Z,2026-09-25T04:01:54.305Z,2ee65688-bb69-4851-b5c4-a65451a25e73,Rouge
d0fc155d-a186-4a0a-8d02-ef71c25b724d,Lot de deux Raquettes de tennis Babolat Pure Drive 98 Gen11,Babolat,raquettes,https://www.protennis.fr/36393-marketing_default/lot-de-deux-raquettes-de-tennis-babolat-pure-drive-98-gen11.jpg,600.00,420.00,30,9bcb1729-926d-4462-b949-57f991e08673,https://www.protennis.fr/58401-lot-de-deux-raquettes-de-tennis-babolat-pure-drive-98-gen11.html,active,true,,2026-09-22T18:19:48.840Z,2026-09-25T04:01:38.026Z,d649dba8-9866-4ba2-9254-a6c5e54ec63c,
d112293b-90fd-4a5b-8512-ab379c3e6372,Cordage de tennis Babolat Xalt 125 garniture,Babolat,cordages,https://www.protennis.fr/40079-marketing_default/cordage-de-tennis-babolat-xalt-125-garniture.jpg,23.95,16.77,30,9bcb1729-926d-4462-b949-57f991e08673,https://www.protennis.fr/58876-cordage-de-tennis-babolat-xalt-125-garniture.html,active,true,,2026-09-22T18:19:59.265Z,2026-09-25T04:01:41.248Z,45cd55a5-447d-4dab-a5ae-caecd31aa706,
d1293b80-79ff-4ab7-9178-819708b35467,T-shirt de tennis Asics Game Homme Greige,Asics,textile,https://www.protennis.fr/50968-marketing_default/t-shirt-de-tennis-asics-game-homme-greige.jpg,55.00,44.00,20,9bcb1729-926d-4462-b949-57f991e08673,https://www.protennis.fr/60088-t-shirt-de-tennis-asics-game-homme-greige.html,active,true,,2026-09-24T04:01:52.743Z,2026-09-25T04:01:48.567Z,a5577206-3f9d-4552-b1c3-9c708195f7c1,
d177bcff-9c72-4f18-825d-03c7fc2b8a4a,Jupe de tennis Nike Slam USO Femme Bleu gris,Nike,textile,https://www.protennis.fr/41629-marketing_default/jupe-femme-nike-slam-uso-bleu-gris.jpg,80.00,48.00,40,9bcb1729-926d-4462-b949-57f991e08673,https://www.protennis.fr/59005-jupe-femme-nike-slam-uso-bleu-gris.html,active,true,,2026-09-22T18:20:31.240Z,2026-09-25T04:01:51.484Z,e4d92b89-9973-4f3f-a182-cfc14ada02dd,Bleu Gris
d20540fe-0090-4f3a-a94d-703a47563fe4,Raquette de tennis Babolat Pure Strike 98 16x19 2024,Babolat,raquettes,https://www.protennis.fr/29359-marketing_default/babolat-pure-strike-16x19-2024.jpg,270.00,134.50,50,9bcb1729-926d-4462-b949-57f991e08673,https://www.protennis.fr/57496-babolat-pure-strike-16x19-2024.html,active,true,,2026-09-22T10:32:42.295Z,2026-09-25T04:01:37.799Z,3bce463a-1648-49b4-b413-33dcdd5db23c,
d2e47d56-0c35-40b4-b11d-16d6602d0806,Chaussures de tennis Asics Court FF 3 Femme Rose clair,Asics,chaussures,https://www.protennis.fr/44681-marketing_default/chaussures-de-tennis-asics-court-ff-3-femme-rose-clair.jpg,190.00,114.00,40,9bcb1729-926d-4462-b949-57f991e08673,https://www.protennis.fr/59415-chaussures-de-tennis-asics-court-ff-3-femme-rose-clair.html,active,true,,2026-09-22T18:20:08.733Z,2026-09-25T04:01:44.178Z,bb81d6fe-e377-4efb-9477-556f7400024e,Rose
d333dddf-2ad5-4c45-b639-c58b41e40799,Chaussures de tennis Mizuno Wave Enforce Court Terre Battue Femme Blanc Bleu,Mizuno,chaussures,https://www.protennis.fr/34377-marketing_default/chaussures-de-tennis-mizuno-wave-enforce-tour-femme-blanc-bleu-ah24.jpg,110.00,66.00,40,9bcb1729-926d-4462-b949-57f991e08673,https://www.protennis.fr/58122-chaussures-de-tennis-mizuno-wave-enforce-tour-femme-blanc-bleu-ah24.html,active,true,,2026-09-22T18:20:11.991Z,2026-09-25T04:01:45.130Z,3e27b1cb-e5c8-493c-aa9c-d6f47826511f,Blanc Bleu
d34bacb0-c94c-4456-80e7-2d1b58eab348,Cordage de tennis BABOLAT RPM BLAST 130 GARNITURE,Babolat,cordages,https://www.protennis.fr/15991-marketing_default/babolat-rpm-blast-130-garniture.jpg,21.00,14.70,30,9bcb1729-926d-4462-b949-57f991e08673,https://www.protennis.fr/14898-babolat-rpm-blast-130-garniture.html,active,true,,2026-09-22T18:20:03.567Z,2026-09-25T04:01:42.628Z,7fafdb13-b9dd-4fb8-81cd-8d6b563124eb,
d3822de1-0076-4c43-8139-ce389b417083,Raquette de tennis Wilson Blade 25 V9 2024,Wilson,raquettes,https://www.protennis.fr/29456-marketing_default/wilson-blade-25-v9-2024.jpg,125.00,81.25,35,9bcb1729-926d-4462-b949-57f991e08673,https://www.protennis.fr/57504-wilson-blade-25-v9-2024.html,active,true,,2026-09-22T18:19:57.751Z,2026-09-25T04:01:40.868Z,7badc135-f5d5-40b4-b87d-92e07dfd9df8,
d39e8b95-c978-409f-8915-880600257667,Polo de tennis Nike Slam Polo NY Homme Corail Automne 2023,Nike,textile,https://www.protennis.fr/27738-marketing_default/nike-slam-polo-ny-homme-corail-automne-2023.jpg,95.00,47.50,50,9bcb1729-926d-4462-b949-57f991e08673,https://www.protennis.fr/57126-nike-slam-polo-ny-homme-corail-automne-2023.html,active,true,,2026-09-22T18:20:32.565Z,2026-09-25T04:01:51.885Z,1405c512-c853-4fad-9d17-ebc5a8384e27,Corail
d3a4450d-c654-41b8-9bda-9b13cf0c5b99,Sac de tennis Wilson RF Practice Racquet Bag 6PK Black 2024,Wilson,accessoires,https://www.protennis.fr/32824-marketing_default/sac-de-tennis-wilson-rf-practice-racquet-bag-6pk-black-2024.jpg,140.00,98.00,30,9bcb1729-926d-4462-b949-57f991e08673,https://www.protennis.fr/57949-sac-de-tennis-wilson-rf-practice-racquet-bag-6pk-black-2024.html,active,true,,2026-09-22T18:20:43.243Z,2026-09-25T04:01:55.119Z,71d0459e-997d-445d-b9be-10e3f6cc7173,Noir
d3b9b2f3-13d3-449f-a75c-c35f97c7776a,Sac a dos Wilson RF Laver Cup Noir,Wilson,accessoires,https://www.protennis.fr/43317-marketing_default/sac-a-dos-wilson-rf-laver-cup-noir.jpg,110.00,77.00,30,9bcb1729-926d-4462-b949-57f991e08673,https://www.protennis.fr/59257-sac-a-dos-wilson-rf-laver-cup-noir.html,active,true,,2026-09-22T18:20:42.223Z,2026-09-25T04:01:54.799Z,afd3bbbe-e5a6-4621-887e-340bdd8922c9,Noir
d3ff8b75-9651-4f6b-946f-6effb707eb7c,Grip de Tennis Babolat Syntec Team Blanc,Babolat,accessoires,https://www.protennis.fr/38345-marketing_default/grip-de-tennis-babolat-synthec-team-blanc.jpg,7.95,5.57,30,9bcb1729-926d-4462-b949-57f991e08673,https://www.protennis.fr/58642-grip-de-tennis-babolat-synthec-team-blanc.html,active,true,,2026-09-22T18:20:33.974Z,2026-09-25T04:01:52.345Z,fb1f354c-52d2-4f27-b47f-9f4059efeaff,Blanc
d41d882f-2202-4bc9-8028-21c77e7146fe,Balles de tennis Babolat Team Clay Carton de 18 Tubes de 4 Balles,Babolat,accessoires,https://www.protennis.fr/38537-marketing_default/babolat-team-clay-carton-de-18-tubes-de-4-balles.jpg,189.00,156.60,17,9bcb1729-926d-4462-b949-57f991e08673,https://www.protennis.fr/55524-babolat-team-clay-carton-de-18-tubes-de-4-balles.html,active,true,,2026-09-22T18:20:36.951Z,2026-09-25T04:01:53.240Z,93857f2f-1559-452f-aad4-75f1f5e41930,
d436a6f8-3f9c-4779-8c3a-b9a08f56aca1,Chaussures de tennis Asics Solution Speed FF 3 Femme Jaune,Asics,chaussures,https://www.protennis.fr/39558-marketing_default/chaussures-asics-solution-speed-ff-3-femme-jaune.jpg,150.00,90.00,40,9bcb1729-926d-4462-b949-57f991e08673,https://www.protennis.fr/58832-chaussures-asics-solution-speed-ff-3-femme-jaune.html,active,true,,2026-09-22T18:20:10.652Z,2026-09-25T04:01:44.754Z,6efb98de-3884-43bf-9854-782e0efa9aa0,Jaune
d4798650-09af-4972-ad44-47150d918e3f,Chaussures de tennis Babolat Jet Tere 2 Homme Bleu clair,Babolat,chaussures,https://www.protennis.fr/38504-marketing_default/chaussures-de-tennis-babolat-jet-tere-2-homme-bleu-clair.jpg,110.00,66.00,40,9bcb1729-926d-4462-b949-57f991e08673,https://www.protennis.fr/58657-chaussures-de-tennis-babolat-jet-tere-2-homme-bleu-clair.html,active,true,,2026-09-22T18:20:10.882Z,2026-09-25T04:01:44.833Z,21ebd4e8-3fdc-48db-856d-fdfef82cf8d9,Bleu
d547b10e-670b-41ac-b4ea-dee324dbe5ac,Short de tennis Le Coq Sportif Bleu Enfant AH24,Le Coq Sportif,textile,https://www.protennis.fr/33419-marketing_default/short-le-coq-sportif-bleu-enfant-ah24.jpg,50.00,25.00,50,9bcb1729-926d-4462-b949-57f991e08673,https://www.protennis.fr/57996-short-le-coq-sportif-bleu-enfant-ah24.html,active,true,,2026-09-22T18:20:26.089Z,2026-09-25T04:01:49.950Z,cedb6fcc-df25-47c9-b804-671ec7c5d2c8,Bleu
d58606bb-7249-47c6-88e0-754fc6fa465e,Debardeur de tennis Nike Slam USO Femme Bleu roi,Nike,textile,https://www.protennis.fr/41616-marketing_default/debardeur-femme-nike-slam-uso-bleu-roi.jpg,70.00,42.00,40,9bcb1729-926d-4462-b949-57f991e08673,https://www.protennis.fr/59006-debardeur-femme-nike-slam-uso-bleu-roi.html,active,true,,2026-09-22T18:20:31.209Z,2026-09-25T04:01:51.472Z,8181c753-bfcf-4cf5-81f1-7e80189c5777,Bleu
d58fd255-a5d1-4c32-a694-a83e5ae57e19,Lot de 2 petits poignets Adidas Y3 Gris,Adidas,textile,https://www.protennis.fr/42724-marketing_default/lot-de-2-petits-poignets-adidas-y3-gris.jpg,20.00,12.00,40,9bcb1729-926d-4462-b949-57f991e08673,https://www.protennis.fr/59112-lot-de-2-petits-poignets-adidas-y3-gris.html,active,true,,2026-09-22T18:20:19.843Z,2026-09-25T04:01:47.674Z,5306f95e-0ee4-4ea0-8fff-5de505ea452b,Gris
d5b30d53-d018-479c-b192-340ef4a9116d,Cordage de tennis Tecnifibre Razor Soft 130 Carbon Garniture,Tecnifibre,cordages,https://www.protennis.fr/34477-marketing_default/cordage-de-tennis-tecnifibre-razor-soft-130-carbon-garniture.jpg,20.00,14.00,30,9bcb1729-926d-4462-b949-57f991e08673,https://www.protennis.fr/58155-cordage-de-tennis-tecnifibre-razor-soft-130-carbon-garniture.html,active,true,,2026-09-22T18:19:59.499Z,2026-09-25T04:01:41.304Z,043efdf2-3794-453c-b9dc-237541b1a814,
d5dc9bf2-91ea-4603-aa1d-5c84cb70f7d6,Chaussures de tennis Babolat Jet Tere 2 Femme Terra Cotta,Babolat,chaussures,https://www.protennis.fr/43919-marketing_default/chaussures-de-tennis-babolat-jet-tere-2-femme-terra-cotta.jpg,110.00,66.00,40,9bcb1729-926d-4462-b949-57f991e08673,https://www.protennis.fr/59290-chaussures-de-tennis-babolat-jet-tere-2-femme-terra-cotta.html,active,true,,2026-09-22T18:20:09.223Z,2026-09-25T04:01:44.327Z,93e7a1c0-0afa-440b-b2a2-277cc765e0aa,
d5de5a10-3cac-4545-8d05-5cd0009c1f70,Chaussures de tennis Adidas Defiant Speed 2 Homme Blanc AH24,Adidas,chaussures,https://www.protennis.fr/34132-marketing_default/chaussures-de-tennis-adidas-defiant-speed-2-homme-blanc-ah24.jpg,120.00,79.00,34,9bcb1729-926d-4462-b949-57f991e08673,https://www.protennis.fr/58106-chaussures-de-tennis-adidas-defiant-speed-2-homme-blanc-ah24.html,active,true,,2026-09-22T18:20:12.059Z,2026-09-25T04:01:45.141Z,fa73d88f-f431-462d-9340-0a5c5afc4f3c,Blanc
d5fd4f28-a164-4e53-9875-3950d92f4e5b,Chaussures de tennis Wilson Intrigue Tour Femme Blanc marine rose,Wilson,chaussures,https://www.protennis.fr/38013-marketing_default/chaussures-de-tennis-wilson-intrigue-tour-femme-blanc-marine-rose.jpg,158.00,94.80,40,9bcb1729-926d-4462-b949-57f991e08673,https://www.protennis.fr/58589-chaussures-de-tennis-wilson-intrigue-tour-femme-blanc-marine-rose.html,active,true,,2026-09-22T18:20:11.503Z,2026-09-25T04:01:44.990Z,7b7e7c2d-2c1e-44b1-b20b-69a453f39fe6,Blanc Marine Rose
d6374d29-683c-489c-9a72-92d7977ffe44,Cordage de tennis TECNIFIBRE RAZOR CODE 125 BLEU GARNITURE,Tecnifibre,cordages,https://www.protennis.fr/20080-marketing_default/tecnifibre-razor-code-125-bleu-garniture.jpg,20.00,14.00,30,9bcb1729-926d-4462-b949-57f991e08673,https://www.protennis.fr/30090-tecnifibre-razor-code-125-bleu-garniture.html,active,true,,2026-09-22T18:20:02.894Z,2026-09-25T04:01:42.399Z,946052fd-0a30-4188-9c4d-11ea50d63ea6,Bleu
d63983e9-6453-4e32-aeb3-c84176e37932,Sac de tennis Babolat 9 raquettes Pure Drive Spectra Gen11,Babolat,accessoires,https://www.protennis.fr/50108-marketing_default/sac-de-tennis-9-raquettes-babolat-pure-drive-spectra-gen11.jpg,164.95,164.94,0,9bcb1729-926d-4462-b949-57f991e08673,https://www.protennis.fr/60000-sac-de-tennis-9-raquettes-babolat-pure-drive-spectra-gen11.html,active,true,,2026-09-22T18:20:37.608Z,2026-09-25T04:01:53.460Z,b198fea8-5923-4576-be4f-68ab83816327,
d6660584-bc83-4453-98fc-f01e930dbc9f,Raquette de tennis Tecnifibre T-Fight 285 2025,Tecnifibre,raquettes,https://www.protennis.fr/37601-marketing_default/raquette-de-tennis-tecnifibre-t-fight-285-2025.jpg,230.00,161.00,30,9bcb1729-926d-4462-b949-57f991e08673,https://www.protennis.fr/58354-raquette-de-tennis-tecnifibre-t-fight-285-2025.html,active,true,,2026-09-22T18:19:55.307Z,2026-09-25T04:01:40.023Z,24f3ae05-b3f8-433b-9cfe-7876f85ab2f4,
d71bfc3c-1086-429f-ab72-33acf45770ca,T-shirt de tennis Adidas Pro Rouge fluo Enfant PE25,Adidas,textile,https://www.protennis.fr/37052-marketing_default/t-shirt-adidas-pro-rouge-fluo-enfant-pe25.jpg,50.00,30.00,40,9bcb1729-926d-4462-b949-57f991e08673,https://www.protennis.fr/58284-t-shirt-adidas-pro-rouge-fluo-enfant-pe25.html,active,true,,2026-09-22T18:20:20.687Z,2026-09-25T04:01:48.215Z,92d22e37-1130-465f-8efe-d94e8394edf8,Rouge
d75ee01e-2a10-4c10-9af7-206be784a833,Robe de tennis Nike Slam Robe Femme Graphic Violet Ete 2023,Nike,textile,https://www.protennis.fr/27236-marketing_default/nike-slam-robe-femme-graphic-violet-ete-2023.jpg,130.00,65.00,50,9bcb1729-926d-4462-b949-57f991e08673,https://www.protennis.fr/56960-nike-slam-robe-femme-graphic-violet-ete-2023.html,active,true,,2026-09-22T18:20:32.872Z,2026-09-25T04:01:51.989Z,9274f88b-fada-4b42-8a93-f274d1ab3291,Violet
d7915ce3-8d72-4c16-ab6e-bd118d2e45b4,Raquette de tennis Head Prestige Pro 2023,Head,raquettes,https://www.protennis.fr/28976-marketing_default/head-prestige-pro-2023.jpg,320.00,208.00,35,9bcb1729-926d-4462-b949-57f991e08673,https://www.protennis.fr/57449-head-prestige-pro-2023.html,active,true,,2026-09-22T18:19:52.098Z,2026-09-25T04:01:39.046Z,fbdbe80f-f67d-441b-91d8-5f93d0022929,
d7a80c2f-62ad-46b6-9f56-ff0353d1ca74,Sac à dos de tennis Wilson Roland Garros 2026 Session de soirée,Wilson,accessoires,https://www.protennis.fr/48974-marketing_default/sac-a-dos-de-tennis-wilson-roland-garros-2026-session-de-soiree.jpg,95.00,66.50,30,9bcb1729-926d-4462-b949-57f991e08673,https://www.protennis.fr/59890-sac-a-dos-de-tennis-wilson-roland-garros-2026-session-de-soiree.html,active,true,,2026-09-22T18:20:37.968Z,2026-09-25T04:01:53.571Z,caba9449-9b8b-407e-a40f-9da681921861,
d7fd7372-bb7d-4dc7-9bb1-09fff93dfe8e,T-shirt de tennis Asics Match Jacquard Homme Aubergine,Asics,textile,https://www.protennis.fr/50906-marketing_default/t-shirt-de-tennis-asics-match-jacquard-homme-aubergine.jpg,70.00,56.00,20,9bcb1729-926d-4462-b949-57f991e08673,https://www.protennis.fr/60078-t-shirt-de-tennis-asics-match-jacquard-homme-aubergine.html,active,true,,2026-09-22T18:20:22.095Z,2026-09-25T04:01:48.683Z,5b1dfe26-0a34-4364-b283-3836eb594da3,
d837edac-b174-4080-8b94-d7384047cbcd,Antivibrateur de tennis Babolat Custom Damp,Babolat,accessoires,https://www.protennis.fr/38367-marketing_default/babolat-custom-damp.jpg,8.00,5.60,30,9bcb1729-926d-4462-b949-57f991e08673,https://www.protennis.fr/54114-babolat-custom-damp.html,active,true,,2026-09-22T18:20:34.394Z,2026-09-25T04:01:52.459Z,99276538-3c4a-4158-958a-d6c26bf4d0ea,
d872b940-6503-4eeb-8a63-330d2c22767a,Chaussures de tennis Nike Vapor X Enfant Noir vert,Nike,chaussures,https://www.protennis.fr/42915-marketing_default/chaussures-de-tennis-nike-vapor-x-enfant-noir-vert.jpg,85.00,59.00,31,9bcb1729-926d-4462-b949-57f991e08673,https://www.protennis.fr/59201-chaussures-de-tennis-nike-vapor-x-enfant-noir-vert.html,active,true,,2026-09-22T18:20:09.549Z,2026-09-25T04:01:44.443Z,2a88ed04-0b1f-4bc9-89ea-10e9170abecd,Noir Vert
d892e000-97d1-4c27-b81e-dbb700632a87,Raquette de tennis Head Speed Elite 2026,Head,raquettes,https://www.protennis.fr/45127-marketing_default/raquette-de-tennis-head-speed-elite-2026.jpg,160.00,112.00,30,9bcb1729-926d-4462-b949-57f991e08673,https://www.protennis.fr/59472-raquette-de-tennis-head-speed-elite-2026.html,active,true,,2026-09-22T18:19:51.402Z,2026-09-25T04:01:38.853Z,d41b4e6e-e115-4ffb-a540-614322e13e63,
d89b7603-6e92-43eb-9f6e-7d561aa0080c,T-shirt de tennis Mizuno Shadow Sleeve Homme Blanc Orange,Mizuno,textile,https://www.protennis.fr/46478-marketing_default/t-shirt-de-tennis-mizuno-shadow-sleeve-homme-blanc-orange.jpg,55.00,33.00,40,9bcb1729-926d-4462-b949-57f991e08673,https://www.protennis.fr/59637-t-shirt-de-tennis-mizuno-shadow-sleeve-homme-blanc-orange.html,active,true,,2026-09-22T18:20:26.523Z,2026-09-25T04:01:50.072Z,16565e44-cc21-4961-a40b-f1f6d16fadbe,Blanc Orange
d8b42f32-a76b-4eb1-bfeb-a402d80f8740,Sac de tennis Head Tour Racquet Bag XL Navy,Head,accessoires,https://www.protennis.fr/44439-marketing_default/sac-de-tennis-head-tour-racquet-bag-xl-navy.jpg,130.00,75.00,42,9bcb1729-926d-4462-b949-57f991e08673,https://www.protennis.fr/59398-sac-de-tennis-head-tour-racquet-bag-xl-navy.html,active,true,,2026-09-22T18:20:42.062Z,2026-09-25T04:01:54.743Z,253ca3d7-f2bc-4b96-b03f-768bf04d440a,
d8ec8071-23ba-4d5a-9fb8-2eba4f1e049d,Pantalon de tennis Heritage Nike Femme Bleu gris Hiver 2024,Nike,textile,https://www.protennis.fr/35043-marketing_default/pantalon-heritage-nike-femme-bleu-gris-hiver-2024-.jpg,80.00,40.00,50,9bcb1729-926d-4462-b949-57f991e08673,https://www.protennis.fr/58148-pantalon-heritage-nike-femme-bleu-gris-hiver-2024-.html,active,true,,2026-09-22T18:20:32.233Z,2026-09-25T04:01:51.770Z,a0b89ef0-b243-4246-b507-01fa275b394c,Bleu Gris
d9216278-0f64-411b-805d-43cf9e1325c3,Cordage de tennis HEAD SONIC PRO 125 BLANC BOBINE 200m,Head,cordages,https://www.protennis.fr/3587-marketing_default/head-sonic-pro-125-blanc-bobine-200m.jpg,100.00,69.00,31,9bcb1729-926d-4462-b949-57f991e08673,https://www.protennis.fr/44043-head-sonic-pro-125-blanc-bobine-200m.html,active,true,,2026-09-22T18:20:01.569Z,2026-09-25T04:01:42.014Z,22bca780-f20e-4506-ab31-f63e9070d339,Blanc
d947d834-eb90-4db7-8554-1420dd9c8d4f,Sac à dos de tennis enfant Head Tour 14L Hibou 2024,Head,accessoires,https://www.protennis.fr/34293-marketing_default/sac-a-dos-enfant-head-tour-14l-hibou-2024.jpg,45.00,31.50,30,9bcb1729-926d-4462-b949-57f991e08673,https://www.protennis.fr/58110-sac-a-dos-enfant-head-tour-14l-hibou-2024.html,active,true,,2026-09-22T18:20:43.123Z,2026-09-25T04:01:55.075Z,9c6c8e21-03d8-4fe5-9db1-36acb8021465,
d9682328-1f98-453f-b969-d0aa52eccc10,Sac de tennis Wilson Defyer Sac 15 Raquettes,Wilson,accessoires,https://www.protennis.fr/49501-marketing_default/sac-de-tennis-wilson-defyer-sac-15-raquettes.jpg,150.00,149.99,0,9bcb1729-926d-4462-b949-57f991e08673,https://www.protennis.fr/59951-sac-de-tennis-wilson-defyer-sac-15-raquettes.html,active,true,,2026-09-22T18:20:41.296Z,2026-09-25T04:01:54.536Z,c9c79c2a-e04a-4bdd-be22-e807ebfcc006,
d982c8cd-eec5-4f00-b43e-70e498fc0e9b,Raquette de tennis Wilson Ultra 99 Pro V5,Wilson,raquettes,https://www.protennis.fr/40928-marketing_default/raquette-de-tennis-wilson-ultra-99-pro-v5.jpg,260.00,182.00,30,9bcb1729-926d-4462-b949-57f991e08673,https://www.protennis.fr/58970-raquette-de-tennis-wilson-ultra-99-pro-v5.html,active,true,,2026-09-22T18:19:56.861Z,2026-09-25T04:01:40.514Z,d2776416-64b4-4823-bba0-c6d46716a552,
d998f3b8-6e70-4277-9e9a-ac3bd2b6fa4c,Short de tennis Nike Slam Homme Noir vert,Nike,textile,https://www.protennis.fr/45973-marketing_default/short-homme-nike-slam-noir-vert.jpg,90.00,54.00,40,9bcb1729-926d-4462-b949-57f991e08673,https://www.protennis.fr/59582-short-homme-nike-slam-noir-vert.html,active,true,,2026-09-22T18:20:28.958Z,2026-09-25T04:01:50.831Z,ed3f6a6e-5b41-4dec-a45c-7a40f9c8aff0,Noir Vert
d9b91557-bc60-409c-ad03-44a566862885,Cordage de tennis BABOLAT RPM BLAST 130 BOBINE 200m,Babolat,cordages,https://www.protennis.fr/15986-marketing_default/babolat-rpm-blast-130-bobine-200m.jpg,220.00,154.00,30,9bcb1729-926d-4462-b949-57f991e08673,https://www.protennis.fr/29165-babolat-rpm-blast-130-bobine-200m.html,active,true,,2026-09-22T18:20:03.104Z,2026-09-25T04:01:42.481Z,feb4ca93-0ff6-4bef-8466-28e7fd79adba,
d9c67e02-9092-4584-9d2b-841db66b93e6,Chaussures de tennis Asics Solution Speed FF 3 Femme Blanc rose,Asics,chaussures,https://www.protennis.fr/40700-marketing_default/chaussures-de-tennis-asics-solution-speed-ff-3-femme-blanc-rose.jpg,150.00,90.00,40,9bcb1729-926d-4462-b949-57f991e08673,https://www.protennis.fr/58924-chaussures-de-tennis-asics-solution-speed-ff-3-femme-blanc-rose.html,active,true,,2026-09-22T18:20:10.219Z,2026-09-25T04:01:44.643Z,8039b8eb-0257-43f0-8018-0e7cc7f4d6f5,Blanc Rose
d9cef956-3673-49b5-a7f6-4d714ab2eab4,Raquette de tennis Head Extreme Pro 2024,Head,raquettes,https://www.protennis.fr/32924-marketing_default/raquette-de-tennis-head-extreme-pro-2024.jpg,260.00,182.00,30,9bcb1729-926d-4462-b949-57f991e08673,https://www.protennis.fr/57962-raquette-de-tennis-head-extreme-pro-2024.html,active,true,,2026-09-22T18:19:52.628Z,2026-09-25T04:01:39.222Z,0f1aa015-322b-4f82-996c-f9333a06a2f9,
da04ea8a-0653-4614-9f7d-d09cb1e6696e,Chaussures de tennis Nike Vapor X Enfant Jaune fluo,Nike,chaussures,https://www.protennis.fr/45787-marketing_default/chaussures-de-tennis-nike-vapor-x-enfant-jaune-fluo.jpg,85.00,51.00,40,9bcb1729-926d-4462-b949-57f991e08673,https://www.protennis.fr/59560-chaussures-de-tennis-nike-vapor-x-enfant-jaune-fluo.html,active,true,,2026-09-22T18:20:12.984Z,2026-09-25T04:01:45.410Z,13136b61-7027-407b-9632-aaf615c359cf,Jaune
da0958ff-e423-45f8-aa0f-2703ea1e2e56,Chaussures de tennis Asics Gel Challenger 15 Homme White & Cherry,Asics,chaussures,https://www.protennis.fr/50848-marketing_default/chaussures-de-tennis-asics-gel-challenger-15-homme-white-cherry.jpg,120.00,96.00,20,9bcb1729-926d-4462-b949-57f991e08673,https://www.protennis.fr/60072-chaussures-de-tennis-asics-gel-challenger-15-homme-white-cherry.html,active,true,,2026-09-22T18:20:04.429Z,2026-09-25T04:01:42.908Z,af828b65-3856-4190-8c42-e5e8a737e290,Blanc
da0c11c0-266e-4ede-b345-d610db30d8c4,Raquette de tennis Head Speed Jr 25 2026,Head,raquettes,https://www.protennis.fr/45117-marketing_default/raquette-de-tennis-head-speed-jr-25-2026.jpg,120.00,84.00,30,9bcb1729-926d-4462-b949-57f991e08673,https://www.protennis.fr/59470-raquette-de-tennis-head-speed-jr-25-2026.html,active,true,,2026-09-22T18:19:51.430Z,2026-09-25T04:01:38.864Z,805b4435-22cb-4e77-8691-748a05510b1f,
da340c67-e5c2-48b4-a53b-2a24507a5ff5,Cordage de tennis Head Lynx 120 Bobine 200m Vert,Head,cordages,https://www.protennis.fr/30444-marketing_default/head-lynx-120-bobine-200m-vert.jpg,150.00,105.00,30,9bcb1729-926d-4462-b949-57f991e08673,https://www.protennis.fr/56072-head-lynx-120-bobine-200m-vert.html,active,true,,2026-09-22T18:20:00.181Z,2026-09-25T04:01:41.531Z,4acd4bd8-314a-4abc-ab76-f23c0b96e752,Vert
da68c05a-7f02-4f66-8167-b7a08b759bc8,Jupe de tennis Lacoste Ultra Dry shorty intégré Femme Blanc,Lacoste,textile,https://www.protennis.fr/44303-marketing_default/jupe-de-tennis-lacoste-ultra-dry-shorty-integre-femme-blanc.jpg,90.00,54.00,40,9bcb1729-926d-4462-b949-57f991e08673,https://www.protennis.fr/59385-jupe-de-tennis-lacoste-ultra-dry-shorty-integre-femme-blanc.html,active,true,,2026-09-22T18:20:24.963Z,2026-09-25T04:01:49.600Z,b0083b60-5c18-4d18-8518-5314e8d8ca22,Blanc
da7bb620-1a72-4e32-98c9-b8f41ed21a68,Raquette de tennis RAQUETTE WILSON SIX ONE LITE 102,Wilson,raquettes,https://www.protennis.fr/34-marketing_default/raquette-wilson-six-one-lite-102.jpg,150.00,99.90,33,9bcb1729-926d-4462-b949-57f991e08673,https://www.protennis.fr/52606-raquette-wilson-six-one-lite-102.html,active,true,,2026-09-22T18:19:56.291Z,2026-09-25T04:01:40.284Z,0740f64e-b8c5-41ea-9091-10e556e47e37,
daa95120-6037-41bc-b55f-021fd3431ccd,Raquette de tennis Head Gravity Jr 25 2023,Head,raquettes,https://www.protennis.fr/25672-marketing_default/head-gravity-jr-25-2023.jpg,100.00,50.00,50,9bcb1729-926d-4462-b949-57f991e08673,https://www.protennis.fr/56884-head-gravity-jr-25-2023.html,active,true,,2026-09-22T18:19:51.117Z,2026-09-25T04:01:38.764Z,f30288dc-b20d-4e05-8f0b-e1d486000845,
dac91c71-28d1-4ccc-a423-fc12815d2328,Sac de tennis 6 Raquettes Wilson Super Tour Rouge 2025,Wilson,accessoires,https://www.protennis.fr/38900-marketing_default/sac-de-tennis-6-raquettes-wilson-super-tour-rouge-2025.jpg,110.00,77.00,30,9bcb1729-926d-4462-b949-57f991e08673,https://www.protennis.fr/58715-sac-de-tennis-6-raquettes-wilson-super-tour-rouge-2025.html,active,true,,2026-09-22T18:20:40.371Z,2026-09-25T04:01:54.316Z,353fab61-136c-4bc2-ac34-1ffaed7408b3,Rouge
db0d44c9-bcb3-4aba-bfb2-ba1329bac385,Cordage de tennis Babolat RPM Rough Jaune 130 Bobine 200m,Babolat,cordages,https://www.protennis.fr/40142-marketing_default/cordage-de-tennis-babolat-rpm-rough-jaune-130-bobine-200m.jpg,239.95,167.97,30,9bcb1729-926d-4462-b949-57f991e08673,https://www.protennis.fr/58885-cordage-de-tennis-babolat-rpm-rough-jaune-130-bobine-200m.html,active,true,,2026-09-22T18:19:59.001Z,2026-09-25T04:01:41.193Z,6e21e57c-f120-45b8-9ea9-72091701e9b7,Jaune
db1b447a-9087-445d-a261-9ae287c5308f,Raquette de tennis Wilson Clash 100 UL V3 2025,Wilson,raquettes,https://www.protennis.fr/36130-marketing_default/raquette-de-tennis-wilson-clash-100-ul-v3-2025.jpg,210.00,147.00,30,9bcb1729-926d-4462-b949-57f991e08673,https://www.protennis.fr/58369-raquette-de-tennis-wilson-clash-100-ul-v3-2025.html,active,true,,2026-09-22T18:19:56.598Z,2026-09-25T04:01:40.396Z,9be8a927-ff7e-45bc-aacd-6d5e414a6045,
db29f3da-ecbd-45f7-9bb6-2cdcf75a90b1,Chaussures de tennis Lacoste AG-LT Ultra All Femme Blanc,Lacoste,chaussures,https://www.protennis.fr/46575-marketing_default/chaussures-de-tennis-lacoste-ag-lt-ultra-all-femme-blanc.jpg,150.00,90.00,40,9bcb1729-926d-4462-b949-57f991e08673,https://www.protennis.fr/59644-chaussures-de-tennis-lacoste-ag-lt-ultra-all-femme-blanc.html,active,true,,2026-09-22T18:20:07.712Z,2026-09-25T04:01:43.862Z,80d36b68-82e5-4600-9d40-1ec7d6932797,Blanc
db51b481-2a58-4f12-970d-0850d494ced4,Chaussures de tennis Nike Vapor Lite 3 Femme Blanc Heritage,Nike,chaussures,https://www.protennis.fr/36811-marketing_default/chaussures-de-tennis-nike-vapor-lite-2-femme-blanc-heritage.jpg,85.00,51.00,40,9bcb1729-926d-4462-b949-57f991e08673,https://www.protennis.fr/58429-chaussures-de-tennis-nike-vapor-lite-2-femme-blanc-heritage.html,active,true,,2026-09-22T18:20:16.524Z,2026-09-25T04:01:46.360Z,4392d8bd-aa9b-43a7-b32a-af208301e4f5,Blanc
db78bad5-a1bc-40d3-b247-ebd1138f8b40,Raquette de tennis Tecnifibre T-Fight 300 2025,Tecnifibre,raquettes,https://www.protennis.fr/37594-marketing_default/raquette-de-tennis-tecnifibre-t-fight-300-2025.jpg,250.00,175.00,30,9bcb1729-926d-4462-b949-57f991e08673,https://www.protennis.fr/58355-raquette-de-tennis-tecnifibre-t-fight-300-2025.html,active,true,,2026-09-22T18:19:55.164Z,2026-09-25T04:01:40.012Z,ede57a14-2863-4874-bac9-5793f5211acf,
dba3480f-3d06-41e1-a397-9d8d39421934,Lot de 3 Paires de chaussettes Courtes Nike Everyday Elevated Noir,Nike,textile,https://www.protennis.fr/47463-marketing_default/lot-de-3-paires-de-chaussettes-courtes-nike-everyday-elevated-noir.jpg,19.99,17.99,10,9bcb1729-926d-4462-b949-57f991e08673,https://www.protennis.fr/59743-lot-de-3-paires-de-chaussettes-courtes-nike-everyday-elevated-noir.html,active,true,,2026-09-22T18:20:33.102Z,2026-09-25T04:01:52.066Z,0b29d407-1d27-438f-b74b-f956de58d2f0,Noir
dc4789dc-ba65-40d7-9581-0369731763be,T-shirt de Tennis Le Coq Sportif Homme Rose,Le Coq Sportif,textile,https://www.protennis.fr/45170-marketing_default/t-shirt-de-tennis-le-coq-sportif-homme-rose.jpg,80.00,48.00,40,9bcb1729-926d-4462-b949-57f991e08673,https://www.protennis.fr/59479-t-shirt-de-tennis-le-coq-sportif-homme-rose.html,active,true,,2026-09-22T18:20:25.781Z,2026-09-25T04:01:49.850Z,284a4fa2-6cef-410c-99ec-5f84bc86291a,Rose
dc5abc4c-b6f0-4965-b540-2b7a015e4325,Raquette de tennis Head Radical Team 2025,Head,raquettes,https://www.protennis.fr/38220-marketing_default/raquette-de-tennis-head-radical-team-2025.jpg,249.95,174.97,30,9bcb1729-926d-4462-b949-57f991e08673,https://www.protennis.fr/58613-raquette-de-tennis-head-radical-team-2025.html,active,true,,2026-09-22T18:19:52.222Z,2026-09-25T04:01:39.079Z,ff6db54f-ac38-4e1c-a2ca-e45b4f38ea2b,
dc69f4d9-a933-490a-a554-db4992afff21,Raquette de tennis Head Boom MP L 2024,Head,raquettes,https://www.protennis.fr/30400-marketing_default/head-boom-mp-l-2024.jpg,230.00,161.00,30,9bcb1729-926d-4462-b949-57f991e08673,https://www.protennis.fr/57474-head-boom-mp-l-2024.html,active,true,,2026-09-22T18:19:50.478Z,2026-09-25T04:01:38.547Z,1d2b45f0-0f4f-4732-81f6-c70eff5ce531,
dc6d5b6e-2f18-45ce-b27e-4bd9001b83f6,Sac de tennis Tecnifibre Tour Endurance Sac a dos Beige,Tecnifibre,accessoires,https://www.protennis.fr/41782-marketing_default/sac-de-tennis-tecnifibre-tour-endurance-sac-a-dos-beige.jpg,70.00,49.00,30,9bcb1729-926d-4462-b949-57f991e08673,https://www.protennis.fr/59069-sac-de-tennis-tecnifibre-tour-endurance-sac-a-dos-beige.html,active,true,,2026-09-22T18:20:39.962Z,2026-09-25T04:01:54.184Z,b4958e14-ad1d-48ae-b4fe-320675b1bb74,Beige
dc9fb26b-1ecd-48a5-8db9-cd59dcad422e,Chaussures de tennis Asics Gel Resolution X Femme Noir Rouge,Asics,chaussures,https://www.protennis.fr/44723-marketing_default/chaussures-de-tennis-asics-gel-resolution-x-femme-noir-rouge.jpg,160.00,96.00,40,9bcb1729-926d-4462-b949-57f991e08673,https://www.protennis.fr/59408-chaussures-de-tennis-asics-gel-resolution-x-femme-noir-rouge.html,active,true,,2026-09-22T18:20:08.887Z,2026-09-25T04:01:44.223Z,15315a7f-9e83-456b-9ae6-0869e9ef0da0,Noir Rouge
dcc9e918-2b40-4e4b-a5d5-321ebc90a0f2,Sac de tennis Wilson Super Tour Small Duffel Rouge 2025,Wilson,accessoires,https://www.protennis.fr/39607-marketing_default/sac-de-tennis-wilson-super-tour-small-duffel-rouge-2025.jpg,65.00,45.50,30,9bcb1729-926d-4462-b949-57f991e08673,https://www.protennis.fr/58838-sac-de-tennis-wilson-super-tour-small-duffel-rouge-2025.html,active,true,,2026-09-22T18:20:40.322Z,2026-09-25T04:01:54.294Z,25880d24-db70-462d-a466-a3f46b3350c1,Rouge
dcd3de4a-df21-4886-8a06-60745449352e,Sac de tennis Prince Tour 1 Comp Noir Bleu,Prince,accessoires,https://www.protennis.fr/40174-marketing_default/sac-de-tennis-prince-tour-1-comp-noir-rose.jpg,55.95,39.17,30,9bcb1729-926d-4462-b949-57f991e08673,https://www.protennis.fr/58852-sac-de-tennis-prince-tour-1-comp-noir-rose.html,active,true,,2026-09-22T18:20:40.221Z,2026-09-25T04:01:54.261Z,b61d8a84-3f8e-46cf-8c61-69e710973bf6,Noir Bleu
dcdbc93f-d419-4cbf-89ac-fdc386a87713,Chaussures de tennis Yonex Eclipsion 5 Homme White/Brown,Yonex,chaussures,https://www.protennis.fr/43731-marketing_default/chaussures-de-tennis-yonex-eclipsion-5-homme-whitebrown.jpg,189.90,99.00,48,9bcb1729-926d-4462-b949-57f991e08673,https://www.protennis.fr/59319-chaussures-de-tennis-yonex-eclipsion-5-homme-whitebrown.html,active,true,,2026-09-22T18:20:09.114Z,2026-09-25T04:01:44.293Z,25f061a0-1fa1-4cd6-94a5-e2222dc4637b,Blanc Marron
dcdd3720-f2c1-45d6-8b09-457c7d7ab445,Short de tennis Blanc Homme Le Coq Sportif Equipe de France Paris 2024,Le Coq Sportif,textile,https://www.protennis.fr/33444-marketing_default/short-blanc-homme-le-coq-sportif-equipe-de-france-paris-2024.jpg,60.00,30.00,50,9bcb1729-926d-4462-b949-57f991e08673,https://www.protennis.fr/58004-short-blanc-homme-le-coq-sportif-equipe-de-france-paris-2024.html,active,true,,2026-09-22T18:20:25.987Z,2026-09-25T04:01:49.917Z,720ba5c2-bb25-4206-8fbb-4c45d2c382a9,Blanc
dcf4f40b-e023-4552-af69-fc0019014641,Chaussures de tennis Asics Gel Game Enfant Foggy,Asics,chaussures,https://www.protennis.fr/50825-marketing_default/chaussures-de-tennis-asics-gel-game-enfant-foggy.jpg,70.00,56.00,20,9bcb1729-926d-4462-b949-57f991e08673,https://www.protennis.fr/60070-chaussures-de-tennis-asics-gel-game-enfant-foggy.html,active,true,,2026-09-22T18:20:04.603Z,2026-09-25T04:01:42.931Z,83393a4c-80d1-4df2-a773-9d0f48202db9,
dcf57b21-b5bb-4deb-b4a5-5392fcb3ce28,Raquette de tennis Tecnifibre T-Fight 280 Isoflex 2023,Tecnifibre,raquettes,https://www.protennis.fr/25279-marketing_default/tecnifibre-t-fight-280-isoflex-2023.jpg,220.00,109.00,50,9bcb1729-926d-4462-b949-57f991e08673,https://www.protennis.fr/56616-tecnifibre-t-fight-280-isoflex-2023.html,active,true,,2026-09-22T10:32:42.595Z,2026-09-25T04:01:40.067Z,b66265e6-6c5f-4372-8d25-dbd6ec2385a5,
dd127d21-fd65-4708-841d-0c0299bfd84e,Short de tennis Adidas SH & Tight Homme White,Adidas,textile,https://www.protennis.fr/50261-marketing_default/short-de-tennis-adidas-sh-tight-homme-white.jpg,75.00,60.00,20,9bcb1729-926d-4462-b949-57f991e08673,https://www.protennis.fr/60013-short-de-tennis-adidas-sh-tight-homme-white.html,active,true,,2026-09-22T18:20:18.127Z,2026-09-25T04:01:47.150Z,5c3e7b99-5908-4c23-bc81-beec9c4397de,Blanc
dd24f2bc-fbdc-409c-a2b3-22d701858067,Debardeur de tennis Adidas Match Pro Climacool femme Aurora Ink,Adidas,textile,https://www.protennis.fr/50298-marketing_default/debardeur-de-tennis-adidas-match-pro-climacool-femme-aurora-ink.jpg,50.00,40.00,20,9bcb1729-926d-4462-b949-57f991e08673,https://www.protennis.fr/60017-debardeur-de-tennis-adidas-match-pro-climacool-femme-aurora-ink.html,active,true,,2026-09-22T18:20:17.999Z,2026-09-25T04:01:47.106Z,88f7bfa4-9b23-4a69-804a-08b905005f31,
dd26f4c8-b5db-45de-969c-29ede242ec48,Chaussures de tennis Asics Solution Speed FF 3 Homme Orange Fluo PE25,Asics,chaussures,https://www.protennis.fr/35672-marketing_default/chaussures-de-tennis-asics-solution-speed-ff-3-homme-orange-fluo-pe25.jpg,150.00,90.00,40,9bcb1729-926d-4462-b949-57f991e08673,https://www.protennis.fr/58265-chaussures-de-tennis-asics-solution-speed-ff-3-homme-orange-fluo-pe25.html,active,true,,2026-09-22T18:20:16.616Z,2026-09-25T04:01:46.384Z,169570aa-8011-468f-8a6f-632f4e8046d9,Orange
dd44594b-e2f2-4c7e-94a6-e33548ebee39,Chaussures de tennis Adidas Avacourt 3 Femme Blanc Orange,Adidas,chaussures,https://www.protennis.fr/46302-marketing_default/chaussures-de-tennis-adidas-avacourt-3-femme-blanc-orange.jpg,150.00,90.00,40,9bcb1729-926d-4462-b949-57f991e08673,https://www.protennis.fr/59609-chaussures-de-tennis-adidas-avacourt-3-femme-blanc-orange.html,active,true,,2026-09-22T18:20:07.784Z,2026-09-25T04:01:43.885Z,c5826b55-16b8-43bb-ac49-eb2d2a6ffde5,Blanc Orange
dd8bc592-49fc-4e49-a0bd-84aba4fbb55d,Pantalon de tennis Nike Fleece Heritage Homme Rouille,Nike,textile,https://www.protennis.fr/41713-marketing_default/pantalon-homme-nike-fleece-heritage-rouille-.jpg,85.00,51.00,40,9bcb1729-926d-4462-b949-57f991e08673,https://www.protennis.fr/59044-pantalon-homme-nike-fleece-heritage-rouille-.html,active,true,,2026-09-22T18:20:31.005Z,2026-09-25T04:01:51.407Z,ee9f81b1-8608-4033-b18f-fa9b8957636a,
dda2be3a-2acc-45e9-a939-07555ae61c35,Raquette de tennis Head Radical Junior 26 2025,Head,raquettes,https://www.protennis.fr/38201-marketing_default/raquette-de-tennis-head-radical-junior-26-2025.jpg,120.00,84.00,30,9bcb1729-926d-4462-b949-57f991e08673,https://www.protennis.fr/58612-raquette-de-tennis-head-radical-junior-26-2025.html,active,true,,2026-09-22T18:19:52.246Z,2026-09-25T04:01:39.090Z,c301c4f0-9f9a-4ad1-b8fa-679eb4261e3e,
ddb43937-d76a-4e77-9406-3fc45c76c230,Cordage de tennis Head Lynx 120 Bobine 200m Bleu,Head,cordages,https://www.protennis.fr/30458-marketing_default/head-lynx-120-bobine-200m-bleu.jpg,150.00,105.00,30,9bcb1729-926d-4462-b949-57f991e08673,https://www.protennis.fr/56069-head-lynx-120-bobine-200m-bleu.html,active,true,,2026-09-22T18:20:00.284Z,2026-09-25T04:01:41.564Z,32985ec6-a32e-4c00-b7cf-c337e3442fe4,Bleu
ddbf07e3-1146-44e9-9332-352bf014255b,Cordage de tennis TECNIFIBRE BLACK CODE 4S 130 GARNITURE,Tecnifibre,cordages,https://www.protennis.fr/20104-marketing_default/tecnifibre-black-code-4s-130-garniture.jpg,18.00,12.60,30,9bcb1729-926d-4462-b949-57f991e08673,https://www.protennis.fr/36001-tecnifibre-black-code-4s-130-garniture.html,active,true,,2026-09-22T18:20:02.128Z,2026-09-25T04:01:42.190Z,ea41c8f0-4cfe-46e7-9ff8-dbee4da6822b,Noir
dddedba5-c0e6-4ff9-8673-589479333d71,Debardeur de tennis Nike Court Advantage Femme Indigo,Nike,textile,https://www.protennis.fr/45825-marketing_default/debardeur-femme-nike-court-advantage-indigo.jpg,55.00,33.00,40,9bcb1729-926d-4462-b949-57f991e08673,https://www.protennis.fr/59563-debardeur-femme-nike-court-advantage-indigo.html,active,true,,2026-09-22T18:20:29.493Z,2026-09-25T04:01:50.954Z,97ad6eb8-3ee7-42d3-a78d-6cae32849e17,
de6e165f-f9ca-49f6-aab4-d9e66a102be2,Chaussures de tennis Asics Gel Resolution X Homme Blanc Rose Green,Asics,chaussures,https://www.protennis.fr/44688-marketing_default/chaussures-de-tennis-asics-gel-resolution-x-homme-blanc-rose-green.jpg,160.00,96.00,40,9bcb1729-926d-4462-b949-57f991e08673,https://www.protennis.fr/59431-chaussures-de-tennis-asics-gel-resolution-x-homme-blanc-rose-green.html,active,true,,2026-09-22T18:20:08.422Z,2026-09-25T04:01:44.097Z,be859036-bbcf-4083-a2af-c51d58336abf,Blanc Rose Vert
de731066-57c0-4e45-9d35-2a87de9eff05,Short de tennis Nike Court Slam Homme Baltic Blue,Nike,textile,https://www.protennis.fr/50764-marketing_default/short-de-tennis-nike-court-slam-homme-baltic-blue.jpg,89.99,62.99,30,9bcb1729-926d-4462-b949-57f991e08673,https://www.protennis.fr/60066-short-de-tennis-nike-court-slam-homme-baltic-blue.html,active,true,,2026-09-22T18:20:26.940Z,2026-09-25T04:01:50.207Z,5809ef40-8f43-487c-a165-161fefb22cc9,Bleu
de7a35df-6bf6-4ca0-a9aa-0da85be4eed8,Sac de tennis 3 Raquettes Head Tour Racquet Bag S Noir,Head,accessoires,https://www.protennis.fr/45565-marketing_default/sac-de-tennis-3-raquettes-head-tour-racquet-bag-s-noir.jpg,80.00,56.00,30,9bcb1729-926d-4462-b949-57f991e08673,https://www.protennis.fr/59513-sac-de-tennis-3-raquettes-head-tour-racquet-bag-s-noir.html,active,true,,2026-09-22T18:20:39.017Z,2026-09-25T04:01:53.874Z,be5ae86f-0df8-469a-ace1-eee0cd2f758d,Noir
de7b76d3-6d0e-431c-8744-d2ce5f584cf4,Sac de tennis 9 Raquettes Wilson RF Tournament Laver Cup Noir,Wilson,accessoires,https://www.protennis.fr/43311-marketing_default/sac-de-tennis-9-raquettes-wilson-rf-tournament-laver-cup-noir.jpg,150.00,105.00,30,9bcb1729-926d-4462-b949-57f991e08673,https://www.protennis.fr/59259-sac-de-tennis-9-raquettes-wilson-rf-tournament-laver-cup-noir.html,active,true,,2026-09-22T18:20:42.166Z,2026-09-25T04:01:54.777Z,eb0328af-cca0-4acc-934a-9be758986e81,Noir
de86b536-a4d1-4d12-a232-7c0a33712a32,Debardeur de tennis Adidas Club Enfant Rouge fluo PE25,Adidas,textile,https://www.protennis.fr/37025-marketing_default/debardeur-adidas-club-enfant-rouge-fluo-pe25.jpg,30.00,18.00,40,9bcb1729-926d-4462-b949-57f991e08673,https://www.protennis.fr/58282-debardeur-adidas-club-enfant-rouge-fluo-pe25.html,active,true,,2026-09-22T18:20:20.561Z,2026-09-25T04:01:48.179Z,cae0f3e3-d4a8-4c86-8fb4-42d4ac02f08a,Rouge
dea5e6a2-d986-4f7b-9a2d-0d6894eddf1a,Débardeur de Tennis Le Coq Sportif Femme Bleu,Le Coq Sportif,textile,https://www.protennis.fr/45412-marketing_default/debardeur-de-tennis-le-coq-sportif-femme-bleu.jpg,60.00,36.00,40,9bcb1729-926d-4462-b949-57f991e08673,https://www.protennis.fr/59521-debardeur-de-tennis-le-coq-sportif-femme-bleu.html,active,true,,2026-09-22T18:20:25.679Z,2026-09-25T04:01:49.817Z,3d8648d8-eb3c-4227-811e-e1a1e4d8cace,Bleu
dedd20d2-761c-4a3c-97c6-d11302900139,Chaussures de tennis Asics Gel Challenger 15 Femme White & Taro,Asics,chaussures,https://www.protennis.fr/50868-marketing_default/chaussures-de-tennis-asics-gel-challenger-15-femme-white-taro.jpg,120.00,96.00,20,9bcb1729-926d-4462-b949-57f991e08673,https://www.protennis.fr/60074-chaussures-de-tennis-asics-gel-challenger-15-femme-white-taro.html,active,true,,2026-09-22T18:20:04.404Z,2026-09-25T04:01:42.895Z,c78f376c-0c47-445d-a4bf-db74b942f9f8,Blanc
dee183b0-ad1d-4d7e-a054-e624a29c76e8,Chaussures de tennis Adidas Ubersonic Enfant Jaune,Adidas,chaussures,https://www.protennis.fr/40101-marketing_default/chaussures-de-tennis-adidas-ubersonic-enfant-jaune.jpg,60.00,36.00,40,9bcb1729-926d-4462-b949-57f991e08673,https://www.protennis.fr/58874-chaussures-de-tennis-adidas-ubersonic-enfant-jaune.html,active,true,,2026-09-22T18:20:15.747Z,2026-09-25T04:01:46.148Z,b82e7d2f-17af-4184-a6aa-04a360297338,Jaune
df70aa51-27a6-40c3-babb-2fec7fc3798f,Cordage de tennis Luxilon Alu Power 125 Noir Garniture,Luxilon,cordages,https://www.protennis.fr/22278-marketing_default/luxilon-alu-power-125-noir-garniture.jpg,26.00,18.20,30,9bcb1729-926d-4462-b949-57f991e08673,https://www.protennis.fr/56228-luxilon-alu-power-125-noir-garniture.html,active,true,,2026-09-22T18:19:59.905Z,2026-09-25T04:01:41.444Z,0f161c11-61fd-4703-aea3-df20c900e388,Noir
df7bf717-b340-4760-9502-d955f77ee32a,Sac de tennis 9 Raquettes Head Pro Racquet Bag L Marine,Head,accessoires,https://www.protennis.fr/45448-marketing_default/sac-de-tennis-9-raquettes-head-pro-racquet-bag-l-marine.jpg,120.00,96.00,20,9bcb1729-926d-4462-b949-57f991e08673,https://www.protennis.fr/59502-sac-de-tennis-9-raquettes-head-pro-racquet-bag-l-marine.html,active,true,,2026-09-22T18:20:41.884Z,2026-09-25T04:01:54.700Z,7260a579-cf32-4812-9158-b7ce1f109d4e,Marine
dfbc178a-e285-416a-9799-68e50ab5c38d,Raquettes de tennis Prince by Hydrogen Neon 290g 2024,Hydrogen,raquettes,https://www.protennis.fr/32960-marketing_default/raquettes-de-tennis-prince-by-hydrogen-neon-290g-2024.jpg,240.00,139.00,42,9bcb1729-926d-4462-b949-57f991e08673,https://www.protennis.fr/57854-raquettes-de-tennis-prince-by-hydrogen-neon-290g-2024.html,active,true,,2026-09-22T18:19:53.016Z,2026-09-25T04:01:39.347Z,2fef459d-c648-4b7f-8cd7-59e919be2aa8,
e052845f-7457-4c4a-9505-03d4d2c5284e,Cordage de tennis LUXILON SAVAGE VERT 127 BOBINE 200M,Luxilon,cordages,https://www.protennis.fr/3502-marketing_default/luxilon-savage-vert-127-bobine-200m.jpg,200.00,140.00,30,9bcb1729-926d-4462-b949-57f991e08673,https://www.protennis.fr/34387-luxilon-savage-vert-127-bobine-200m.html,active,true,,2026-09-22T18:20:04.073Z,2026-09-25T04:01:42.783Z,68785178-695c-496d-acf2-3583e3f97de5,Vert
e087e960-e871-4c40-8539-be4b290626d5,Legging de tennis Asics Graphic Legging Femme PE23,Asics,textile,https://www.protennis.fr/25583-marketing_default/asics-graphic-legging-femme-pe23.jpg,65.00,32.50,50,9bcb1729-926d-4462-b949-57f991e08673,https://www.protennis.fr/56539-asics-graphic-legging-femme-pe23.html,active,true,,2026-09-22T18:20:22.938Z,2026-09-25T04:01:48.946Z,700ef5a0-fa66-4427-9f58-cd190b1ae7cf,
e08e3811-9401-4c0c-aad2-34c72118150b,Raquette de tennis Babolat Pure Strike Team 2024,Babolat,raquettes,https://www.protennis.fr/29319-marketing_default/babolat-pure-strike-team-2024.jpg,240.00,119.00,50,9bcb1729-926d-4462-b949-57f991e08673,https://www.protennis.fr/57490-babolat-pure-strike-team-2024.html,active,true,,2026-09-22T10:32:42.410Z,2026-09-25T04:01:37.868Z,25f7fb63-79d0-4efe-961d-27063015287f,
e0a82af3-302a-4716-8e85-fb9e51139e9f,Sac de tennis 3 Raquettes Head Tour Racquet Bag S Parme,Head,accessoires,https://www.protennis.fr/45551-marketing_default/sac-de-tennis-3-raquettes-head-tour-racquet-bag-s-parme.jpg,80.00,64.00,20,9bcb1729-926d-4462-b949-57f991e08673,https://www.protennis.fr/59511-sac-de-tennis-3-raquettes-head-tour-racquet-bag-s-parme.html,active,true,,2026-09-22T18:20:41.859Z,2026-09-25T04:01:54.689Z,26cb53c2-dee6-4b1b-af07-b5167c79d3c6,
e0b78581-c610-4639-aea4-4664f7c4beb6,Chaussures de tennis Babolat Jet Mach 3 Femme Bleu foncé,Babolat,chaussures,https://www.protennis.fr/38494-marketing_default/chaussures-de-tennis-babolat-jet-mach-3-femme-bleu-fonce-.jpg,155.00,93.00,40,9bcb1729-926d-4462-b949-57f991e08673,https://www.protennis.fr/58654-chaussures-de-tennis-babolat-jet-mach-3-femme-bleu-fonce-.html,active,true,,2026-09-22T18:20:11.064Z,2026-09-25T04:01:44.866Z,4248b359-d997-4404-b50d-50478d94f116,Bleu
e0cdd269-d2b5-402d-a219-c22a5bd5a384,Debardeur de tennis Nike Advantage Femme Rouge,Nike,textile,https://www.protennis.fr/47812-marketing_default/debardeur-de-tennis-nike-advantage-femme-rouge.jpg,59.99,35.99,40,9bcb1729-926d-4462-b949-57f991e08673,https://www.protennis.fr/59762-debardeur-de-tennis-nike-advantage-femme-rouge.html,active,true,,2026-09-22T18:20:27.829Z,2026-09-25T04:01:50.476Z,5e0172c4-4002-4681-ab3a-fce8d90b24ef,Rouge
e0db9bc1-c721-4a2a-97c0-6898adaec154,Débardeur de tennis enfant Adidas Debardeur Pro Enfant Blanc orange PE24,Adidas,textile,https://www.protennis.fr/29597-marketing_default/adidas-debardeur-pro-enfant-blanc-orange-pe24.jpg,45.00,22.50,50,9bcb1729-926d-4462-b949-57f991e08673,https://www.protennis.fr/57368-adidas-debardeur-pro-enfant-blanc-orange-pe24.html,active,true,,2026-09-22T18:20:21.072Z,2026-09-25T04:01:48.327Z,b20e9e4a-5ee2-4a0e-a450-6795b39465ed,Blanc Orange
e12d606e-fdb4-43a4-b2ed-fec0adc48df0,Chaussures de tennis Mizuno Wave Enforce Court CC Femme,Mizuno,chaussures,https://www.protennis.fr/45332-marketing_default/chaussures-de-tennis-mizuno-wave-enforce-court-cc-femme.jpg,110.00,66.00,40,9bcb1729-926d-4462-b949-57f991e08673,https://www.protennis.fr/59495-chaussures-de-tennis-mizuno-wave-enforce-court-cc-femme.html,active,true,,2026-09-22T18:20:13.104Z,2026-09-25T04:01:45.443Z,d8dcfc97-c26c-4bc0-8f1a-9462116f1779,
e15e4fa2-acbe-44fa-8e78-d2df9cda2a15,Raquette de tennis Tecnifibre T-Fight 255 Isoflex 2023,Tecnifibre,raquettes,https://www.protennis.fr/25275-marketing_default/tecnifibre-t-fight-255-isoflex-2023.jpg,190.00,119.00,37,9bcb1729-926d-4462-b949-57f991e08673,https://www.protennis.fr/56614-tecnifibre-t-fight-255-isoflex-2023.html,active,true,,2026-09-22T10:32:42.660Z,2026-09-25T04:01:40.089Z,b8a771bf-4de2-4932-89a7-bad09f8a1d61,
e1635391-ab3e-4fdb-bd42-9e5ab001fe90,Short de tennis Lacoste Enfant Blanc,Lacoste,textile,https://www.protennis.fr/44448-marketing_default/short-de-tennis-lacoste-enfant-blanc.jpg,45.00,27.00,40,9bcb1729-926d-4462-b949-57f991e08673,https://www.protennis.fr/59401-short-de-tennis-lacoste-enfant-blanc.html,active,true,,2026-09-22T18:20:24.502Z,2026-09-25T04:01:49.454Z,a0bff3f1-72e3-4b7d-bc41-0af8ef027bdb,Blanc
e1a28f64-3bcf-4f00-972b-e25e58543e5b,Cordage de tennis LUXILON 4G SOFT 125 GARNITURE,Luxilon,cordages,https://www.protennis.fr/5075-marketing_default/luxilon-4g-soft-125-garniture.jpg,26.00,23.40,10,9bcb1729-926d-4462-b949-57f991e08673,https://www.protennis.fr/36002-luxilon-4g-soft-125-garniture.html,active,true,,2026-09-22T18:20:04.027Z,2026-09-25T04:01:42.772Z,2f752c93-1d59-4b56-81e2-cf2ac53a91cd,
e231881a-3cb0-467c-ba44-dfe3742e08c1,Raquette de tennis Babolat Pure Drive Jr 26 Gen11 Darker blue,Babolat,raquettes,https://www.protennis.fr/36341-marketing_default/raquette-de-tennis-babolat-pure-drive-jr-26-gen11-darker-blue.jpg,120.00,84.00,30,9bcb1729-926d-4462-b949-57f991e08673,https://www.protennis.fr/58392-raquette-de-tennis-babolat-pure-drive-jr-26-gen11-darker-blue.html,active,true,,2026-09-22T18:19:49.122Z,2026-09-25T04:01:38.117Z,de8f8589-856d-457a-a11f-39b0f5a848dd,Bleu
e2450b4f-a57a-475a-b9cb-08162d84b59f,Chaussettes de tennis Lacoste Lot de 3 paires basses Blanc,Lacoste,textile,https://www.protennis.fr/44130-marketing_default/chaussettes-de-tennis-lot-de-3-paires-basses-noir.jpg,25.00,15.00,40,9bcb1729-926d-4462-b949-57f991e08673,https://www.protennis.fr/59357-chaussettes-de-tennis-lot-de-3-paires-basses-noir.html,active,true,,2026-09-22T18:20:23.938Z,2026-09-25T04:01:49.275Z,a387fbdb-20df-4a80-b1c4-6795c5d29bb6,Blanc
e24cf668-b7b9-4341-98e4-488196865e91,Chaussures de tennis Adidas Defiant Speed Terre Battue Homme Noir PE25,Adidas,chaussures,https://www.protennis.fr/35840-marketing_default/chaussures-adidas-defiant-speed-terre-battue-homme-noir-pe25.jpg,120.00,72.00,40,9bcb1729-926d-4462-b949-57f991e08673,https://www.protennis.fr/58316-chaussures-adidas-defiant-speed-terre-battue-homme-noir-pe25.html,active,true,,2026-09-22T18:20:11.785Z,2026-09-25T04:01:45.074Z,6d4f8f21-7348-4702-8db6-1b50a1af846a,Noir
e2545d8a-c226-4c80-b378-a25a18faee57,Debardeur de tennis Nike Court Advantage Femme White,Nike,textile,https://www.protennis.fr/50537-marketing_default/debardeur-de-tennis-nike-court-advantage-femme-white.jpg,54.99,38.49,30,9bcb1729-926d-4462-b949-57f991e08673,https://www.protennis.fr/60043-debardeur-de-tennis-nike-court-advantage-femme-white.html,active,true,,2026-09-22T18:20:27.137Z,2026-09-25T04:01:50.275Z,c8755740-e304-442e-8c32-7df22d52f086,Blanc
e2c2e683-dddd-4329-87ab-10de83a7b97e,Raquette de tennis Head Boom Jr 25 Alternate 2026,Head,raquettes,https://www.protennis.fr/46997-marketing_default/raquette-de-tennis-head-boom-jr-25-alternate-2026.jpg,130.00,91.00,30,9bcb1729-926d-4462-b949-57f991e08673,https://www.protennis.fr/59682-raquette-de-tennis-head-boom-jr-25-alternate-2026.html,active,true,,2026-09-22T18:19:50.660Z,2026-09-25T04:01:38.602Z,685e4383-9d56-425d-985b-a3e8e78e536c,
e2d4c62f-2b4b-4722-8c3f-620d3397d829,Sac de tennis Wilson Blade Super Tour Sac 9 Raquettes V10,Wilson,accessoires,https://www.protennis.fr/48513-marketing_default/sac-de-tennis-wilson-blade-super-tour-sac-9-raquettes-v10.jpg,130.00,117.00,10,9bcb1729-926d-4462-b949-57f991e08673,https://www.protennis.fr/59838-sac-de-tennis-wilson-blade-super-tour-sac-9-raquettes-v10.html,active,true,,2026-09-22T18:20:38.323Z,2026-09-25T04:01:53.664Z,2d51d83b-b982-405f-ac66-2e9bdb12ba75,
e33b861d-2e51-4f9c-aac6-327e21c80669,Short de tennis Adidas Climacool Classic Enfant Bahia Blue,Adidas,textile,https://www.protennis.fr/51028-marketing_default/short-de-tennis-adidas-climacool-classic-enfant-white.jpg,40.00,32.00,20,9bcb1729-926d-4462-b949-57f991e08673,https://www.protennis.fr/60096-short-de-tennis-adidas-climacool-classic-enfant-white.html,active,true,,2026-09-25T04:01:46.958Z,2026-09-25T04:01:46.958Z,8b334cd9-2789-40f4-8a72-060035aca51e,
e33ea810-d7d3-4da5-8819-e89bd6a1864a,Raquette de tennis Head PWR 110 Blanc,Head,raquettes,https://www.protennis.fr/45220-marketing_default/raquette-de-tennis-head-pwr-110-blanc.jpg,200.00,140.00,30,9bcb1729-926d-4462-b949-57f991e08673,https://www.protennis.fr/59487-raquette-de-tennis-head-pwr-110-blanc.html,active,true,,2026-09-22T18:19:49.558Z,2026-09-25T04:01:38.275Z,b7b67f41-2533-4f78-a4eb-8af0ec419712,Blanc
e3452a9e-ecfd-4ceb-8c6c-499195935fd3,Raquette de tennis Pure Strike 100 16x19 Carbon,Babolat,raquettes,https://www.protennis.fr/41929-marketing_default/raquette-de-tennis-pure-strike-100-16x19-carbon.jpg,259.95,181.97,30,9bcb1729-926d-4462-b949-57f991e08673,https://www.protennis.fr/59086-raquette-de-tennis-pure-strike-100-16x19-carbon.html,active,true,,2026-09-22T18:19:47.894Z,2026-09-25T04:01:37.723Z,3646c590-a7ed-416f-852e-f388396234f0,
e35e50c8-6649-4526-a6c8-3e238bbf97e4,Chaussures Asics Gel Resolution X Homme Terre battue Rose Green,Asics,chaussures,https://www.protennis.fr/44982-marketing_default/chaussures-asics-gel-resolution-x-homme-terre-battue-rose-green.jpg,160.00,96.00,40,9bcb1729-926d-4462-b949-57f991e08673,https://www.protennis.fr/59428-chaussures-asics-gel-resolution-x-homme-terre-battue-rose-green.html,active,true,,2026-09-22T18:20:13.338Z,2026-09-25T04:01:45.497Z,ece6458a-f4fb-4419-b1b7-4b91846afc5b,Rose Vert
e38e9b45-eaef-4696-a9f3-32c9fbfb5b6b,Sac de tennis Wilson Roland Garros 2026 9 raquettes Cream,Wilson,accessoires,https://www.protennis.fr/48616-marketing_default/sac-de-tennis-wilson-roland-garros-2026-9-raquettes-cream.jpg,130.00,91.00,30,9bcb1729-926d-4462-b949-57f991e08673,https://www.protennis.fr/59855-sac-de-tennis-wilson-roland-garros-2026-9-raquettes-cream.html,active,true,,2026-09-22T18:20:41.475Z,2026-09-25T04:01:54.580Z,fa041261-d288-40b6-9b6c-46ca3b1e4296,
e3af3c55-e48d-499b-b6e7-14a54c74542c,"Short de tennis Nike DriFIT Advantage 6"" Homme Noir Spruce",Nike,textile,https://www.protennis.fr/47662-marketing_default/short-de-tennis-nike-drifit-advantage-6-homme-noir-spruce.jpg,59.99,35.99,40,9bcb1729-926d-4462-b949-57f991e08673,https://www.protennis.fr/59771-short-de-tennis-nike-drifit-advantage-6-homme-noir-spruce.html,active,true,,2026-09-22T18:20:27.727Z,2026-09-25T04:01:50.442Z,30004a15-111d-45e5-8b80-d828a0903874,Noir
e3c846eb-1865-4d17-82f7-22b0edb61bca,Raquette de tennis Babolat Pure Drive 98 Lot de 2 2023,Babolat,raquettes,https://www.protennis.fr/29179-marketing_default/babolat-pure-drive-98-lot-de-2-2023.jpg,559.00,279.00,50,9bcb1729-926d-4462-b949-57f991e08673,https://www.protennis.fr/56316-babolat-pure-drive-98-lot-de-2-2023.html,active,true,,2026-09-22T18:19:49.234Z,2026-09-25T04:01:38.152Z,ebfb1c6a-96e9-4e6e-9570-b43b4d5de7da,
e3f55dff-f6b8-4937-8a36-c9dc4a8b20b1,Raquette de tennis Head Extreme Elite 2024,Head,raquettes,https://www.protennis.fr/32938-marketing_default/raquette-de-tennis-head-extreme-elite-2024.jpg,160.00,112.00,30,9bcb1729-926d-4462-b949-57f991e08673,https://www.protennis.fr/57958-raquette-de-tennis-head-extreme-elite-2024.html,active,true,,2026-09-22T18:19:52.755Z,2026-09-25T04:01:39.268Z,e87b5023-0f4a-4a9b-9da9-bb89b03a7dec,
e3fb554d-1eb0-4ccc-9f38-12bd05119713,Chaussures de tennis Asics Gel Resolution X Terre Battue Femme Bleu,Asics,chaussures,https://www.protennis.fr/39476-marketing_default/chaussures-asics-gel-resolution-x-terre-battue-femme-bleu.jpg,160.00,96.00,40,9bcb1729-926d-4462-b949-57f991e08673,https://www.protennis.fr/58812-chaussures-asics-gel-resolution-x-terre-battue-femme-bleu.html,active,true,,2026-09-22T18:20:15.900Z,2026-09-25T04:01:46.205Z,2ae281c7-1c8b-47d8-82ae-3d8cf4b0bfbb,Bleu
e429a411-18f0-40b3-917a-237fcf23df3a,Chaussures de tennis Nike Vapor 12 Premium Femme Blanc Rouge fluo,Nike,chaussures,https://www.protennis.fr/43007-marketing_default/chaussures-de-tennis-nike-vapor-12-premium-femme-blanc-rouge-fluo.jpg,160.00,96.00,40,9bcb1729-926d-4462-b949-57f991e08673,https://www.protennis.fr/59215-chaussures-de-tennis-nike-vapor-12-premium-femme-blanc-rouge-fluo.html,active,true,,2026-09-22T18:20:09.501Z,2026-09-25T04:01:44.418Z,15cb3468-947f-4d44-8472-6a3e76512dae,Blanc Rouge
e439e59d-fb74-4b9a-a373-0ba94f4617ab,Sweat de tennis Adidas Tennis Club Homme Blanc bleu,Adidas,textile,https://www.protennis.fr/48437-marketing_default/sweat-de-tennis-adidas-tennis-club-homme-blanc-bleu.jpg,65.00,39.00,40,9bcb1729-926d-4462-b949-57f991e08673,https://www.protennis.fr/59841-sweat-de-tennis-adidas-tennis-club-homme-blanc-bleu.html,active,true,,2026-09-22T18:20:18.567Z,2026-09-25T04:01:47.299Z,b6c830fa-fc39-4d7f-be13-0a398112ff7e,Blanc Bleu
e44cb940-8935-4bd3-83c6-f132a08ac078,Sac de tennis 3 Raquettes Head Tour Racquet Bag S Turquoise,Head,accessoires,https://www.protennis.fr/45574-marketing_default/sac-de-tennis-3-raquettes-head-tour-racquet-bag-s-turquoise.jpg,80.00,56.00,30,9bcb1729-926d-4462-b949-57f991e08673,https://www.protennis.fr/59514-sac-de-tennis-3-raquettes-head-tour-racquet-bag-s-turquoise.html,active,true,,2026-09-22T18:20:38.992Z,2026-09-25T04:01:53.863Z,713a64c2-3c7b-42e8-9649-5d8d89601d4c,Turquoise
e462dde9-49b9-49ac-9bac-7f5de7dea088,Cordage de tennis Head Lynx Anthracite 130 Garniture,Head,cordages,https://www.protennis.fr/10419-marketing_default/head-lynx-anthracite-130-garniture.jpg,15.00,10.50,30,9bcb1729-926d-4462-b949-57f991e08673,https://www.protennis.fr/53758-head-lynx-anthracite-130-garniture.html,active,true,,2026-09-22T18:20:00.821Z,2026-09-25T04:01:41.756Z,0fb3a28d-16ec-4042-90cf-024fdf1f999a,
e486f245-05c7-4416-a907-4d45881cf799,Chaussures de tennis Adidas Barricade Enfant White,Adidas,chaussures,https://www.protennis.fr/50159-marketing_default/chaussures-de-tennis-adidas-barricade-enfant-white.jpg,80.00,64.00,20,9bcb1729-926d-4462-b949-57f991e08673,https://www.protennis.fr/60006-chaussures-de-tennis-adidas-barricade-enfant-white.html,active,true,,2026-09-22T18:20:05.609Z,2026-09-25T04:01:43.226Z,b26964ae-d603-4ac5-bede-a7c53a8731fa,Blanc
e4916655-85bd-46d5-a532-330884221a9b,Debardeur de tennis Nike Pro Enfant Parme,Nike,textile,https://www.protennis.fr/47477-marketing_default/debardeur-nike-pro-enfant-parme.jpg,37.99,22.79,40,9bcb1729-926d-4462-b949-57f991e08673,https://www.protennis.fr/59746-debardeur-nike-pro-enfant-parme.html,active,true,,2026-09-22T18:20:28.062Z,2026-09-25T04:01:50.554Z,4a1ac45e-8487-4fa1-889d-7e5578ec155e,
e4a65048-bf12-45ec-95db-04dce7fdc4b6,Chaussures de tennis Nike Vapor Lite 3 Homme Premium Gris Corail,Nike,chaussures,https://www.protennis.fr/44038-marketing_default/chaussures-de-tennis-nike-vapor-lite-3-homme-premium-gris-corail.jpg,85.00,51.00,40,9bcb1729-926d-4462-b949-57f991e08673,https://www.protennis.fr/59240-chaussures-de-tennis-nike-vapor-lite-3-homme-premium-gris-corail.html,active,true,,2026-09-22T18:20:14.041Z,2026-09-25T04:01:45.689Z,5065a6fb-a164-43bf-b1e0-5950d1a52904,Gris Corail
e4b11b88-048d-4af5-8f1c-b91a313d9f08,Polo de tennis Adidas Pro Blanc Trefle Homme,Adidas,textile,https://www.protennis.fr/42362-marketing_default/polo-homme-adidas-pro-blanc-trefle-.jpg,75.00,45.00,40,9bcb1729-926d-4462-b949-57f991e08673,https://www.protennis.fr/59147-polo-homme-adidas-pro-blanc-trefle-.html,active,true,,2026-09-22T18:20:19.977Z,2026-09-25T04:01:47.717Z,3d7ee863-3f21-405a-a5c3-24fa475fdd88,Blanc
e4d55651-63d1-492d-a019-8b230af19cda,Chaussures de tennis Nike Air Zoom Vapor 12 Femme Bleu,Nike,chaussures,https://www.protennis.fr/36782-marketing_default/chaussures-de-tennis-nike-air-zoom-vapor-12-femme-bleu.jpg,160.00,96.00,40,9bcb1729-926d-4462-b949-57f991e08673,https://www.protennis.fr/58435-chaussures-de-tennis-nike-air-zoom-vapor-12-femme-bleu.html,active,true,,2026-09-22T18:20:16.414Z,2026-09-25T04:01:46.349Z,bc3fcfe6-5c47-4ada-9251-8b8a09f219df,Bleu
e4edfaee-a310-4d4b-b980-a5da3437005a,Cordage de tennis BABOLAT XCEL 130 GARNITURE,Babolat,raquettes,https://www.protennis.fr/3500-marketing_default/babolat-xcel-130-garniture.jpg,22.00,15.40,30,9bcb1729-926d-4462-b949-57f991e08673,https://www.protennis.fr/29160-babolat-xcel-130-garniture.html,active,true,,2026-09-22T18:19:49.489Z,2026-09-25T04:01:38.250Z,784de396-a702-4020-8eb2-9cceb1bf9290,
e588e11d-8ef0-4a52-8c19-5c7a763ccce5,Lot de 2 Grands Poignets Adidas Trefle Blanc Vert,Adidas,textile,https://www.protennis.fr/42629-marketing_default/lot-de-2-grands-poignets-adidas-trefle-blanc-vert.jpg,18.00,10.80,40,9bcb1729-926d-4462-b949-57f991e08673,https://www.protennis.fr/59111-lot-de-2-grands-poignets-adidas-trefle-blanc-vert.html,active,true,,2026-09-22T18:20:20.203Z,2026-09-25T04:01:47.844Z,55a217c1-91e9-4434-a3d7-170a5a6ead60,Blanc Vert
e5c7cfaa-412e-42a0-96eb-69dfabe79e38,Raquette de tennis Pure Strike 100 16x20 Carbon,Babolat,raquettes,https://www.protennis.fr/41928-marketing_default/raquette-de-tennis-pure-strike-100-16x20-carbon.jpg,279.95,195.97,30,9bcb1729-926d-4462-b949-57f991e08673,https://www.protennis.fr/59087-raquette-de-tennis-pure-strike-100-16x20-carbon.html,active,true,,2026-09-22T18:19:47.840Z,2026-09-25T04:01:37.711Z,d4086c81-0f5a-4654-99ec-0a49f814a91f,
e60317fd-cdb3-48f3-868d-ba4466416be0,Sweat Asics Femme Performance Gris vert,Asics,textile,https://www.protennis.fr/42282-marketing_default/sweat-asics-femme-performance-gris-vert-.jpg,65.00,39.00,40,9bcb1729-926d-4462-b949-57f991e08673,https://www.protennis.fr/59176-sweat-asics-femme-performance-gris-vert-.html,active,true,,2026-09-22T18:20:22.609Z,2026-09-25T04:01:48.833Z,354c6b8a-c19d-42cd-bfc1-3023b066d7ae,Gris Vert
e60b678b-b41f-4df7-af5a-df286e3f9373,WILSON NXT 130 GARNITURE,Wilson,cordages,https://www.protennis.fr/1296-marketing_default/wilson-nxt-130-garniture.jpg,25.00,22.50,10,9bcb1729-926d-4462-b949-57f991e08673,https://www.protennis.fr/33924-wilson-nxt-130-garniture.html,active,true,,2026-09-22T18:20:02.742Z,2026-09-25T04:01:42.344Z,5aab6999-d8ec-447e-99f2-222897ed65ba,
e60eda4c-eb8a-46f7-95ce-cdf3edcde83a,Cordage de tennis LUXILON ELEMENT 130 BOBINE 200m,Luxilon,cordages,https://www.protennis.fr/1216-marketing_default/luxilon-element-130-bobine-200m.jpg,270.00,189.00,30,9bcb1729-926d-4462-b949-57f991e08673,https://www.protennis.fr/52583-luxilon-element-130-bobine-200m.html,active,true,,2026-09-22T18:20:01.206Z,2026-09-25T04:01:41.925Z,3e1e6ffb-d0d9-4aff-9568-e82bd2586109,
e61b96f8-5301-4694-9a20-44b63f606184,T-shirt 1/2 Zip Homme Adidas Y3 Noir,Adidas,textile,https://www.protennis.fr/42529-marketing_default/t-shirt-12-zip-homme-adidas-y3-noir.jpg,80.00,48.00,40,9bcb1729-926d-4462-b949-57f991e08673,https://www.protennis.fr/59162-t-shirt-12-zip-homme-adidas-y3-noir.html,active,true,,2026-09-22T18:20:19.892Z,2026-09-25T04:01:47.695Z,5d4662d6-4899-4d76-bccf-1704184f819c,Noir
e64e0b77-405c-47bc-afa0-99aa7b54c490,Pantalon Homme Nike Heritage Gris clair,Nike,textile,https://www.protennis.fr/36741-marketing_default/pantalon-homme-nike-heritage-gris-clair.jpg,65.00,39.00,40,9bcb1729-926d-4462-b949-57f991e08673,https://www.protennis.fr/58447-pantalon-homme-nike-heritage-gris-clair.html,active,true,,2026-09-22T18:20:31.832Z,2026-09-25T04:01:51.638Z,510c5056-8ea0-4b69-94af-76385e9b4cbd,Gris
e6604d8c-20f2-46a0-9d06-94c57761a15e,Jupe de tennis Asics Game Femme Jewel Green,Asics,textile,https://www.protennis.fr/50963-marketing_default/jupe-de-tennis-asics-game-femme-jewel-green.jpg,60.00,48.00,20,9bcb1729-926d-4462-b949-57f991e08673,https://www.protennis.fr/60087-jupe-de-tennis-asics-game-femme-jewel-green.html,active,true,,2026-09-24T04:01:52.755Z,2026-09-25T04:01:48.579Z,116b2019-05a5-4dd7-a0cd-58631b23de13,
e689dde0-5753-4d69-a6e7-34e413fc7f51,Chaussures de tennis Le Coq Sportif Terre Battue Homme Marine Jaune PE24,Le Coq Sportif,chaussures,https://www.protennis.fr/33347-marketing_default/chaussures-le-coq-sportif-terre-battue-homme-marine-jaune-pe24.jpg,130.00,65.00,50,9bcb1729-926d-4462-b949-57f991e08673,https://www.protennis.fr/57995-chaussures-le-coq-sportif-terre-battue-homme-marine-jaune-pe24.html,active,true,,2026-09-22T18:20:17.087Z,2026-09-25T04:01:46.507Z,4076e5d7-7e6f-4805-a59a-017c3e6c86b6,Marine Jaune
e69e437e-10f3-45e7-929c-7630d15e15df,Short de tennis Nike Advantage Short 7 Homme Bleu Hiver 2024,Nike,textile,https://www.protennis.fr/33775-marketing_default/short-de-tennis-nike-advantage-short-7-homme-bleu-hiver-2024.jpg,60.00,30.00,50,9bcb1729-926d-4462-b949-57f991e08673,https://www.protennis.fr/58043-short-de-tennis-nike-advantage-short-7-homme-bleu-hiver-2024.html,active,true,,2026-09-22T18:20:32.370Z,2026-09-25T04:01:51.814Z,5186bf17-a449-46ee-948e-73df44748cfb,Bleu
e6a1b0f7-076d-462c-af9e-d907dc691973,Sac à dos de tennis Wilson Roland Garros 2026 Team Junior,Wilson,accessoires,https://www.protennis.fr/48933-marketing_default/sac-a-dos-de-tennis-wilson-roland-garros-2026-team-junior.jpg,40.00,28.00,30,9bcb1729-926d-4462-b949-57f991e08673,https://www.protennis.fr/59887-sac-a-dos-de-tennis-wilson-roland-garros-2026-team-junior.html,active,true,,2026-09-22T18:20:38.071Z,2026-09-25T04:01:53.609Z,d902038f-ddda-4532-8848-795860a90fc8,
e6a6514c-872f-4d95-8eec-f1e674ba832f,Legging Mouratoglou Melbourne Rose,Mouratoglou,textile,https://www.protennis.fr/37366-marketing_default/legging-mouratoglou-melbourne-rose.jpg,49.00,29.40,40,9bcb1729-926d-4462-b949-57f991e08673,https://www.protennis.fr/58512-legging-mouratoglou-melbourne-rose.html,active,true,,2026-09-22T18:20:26.752Z,2026-09-25T04:01:50.151Z,df148098-73b1-4e41-a8fc-d8c0f6359808,Rose
e6e2abe8-9bc6-4b1a-bf97-5ffc9ae77e16,Chaussures de tennis Asics Solution Speed FF 4 Homme Mint And Navy,Asics,chaussures,https://www.protennis.fr/49557-marketing_default/chaussures-de-tennis-asics-solution-speed-ff-4-homme-mint-and-navy.jpg,160.00,128.00,20,9bcb1729-926d-4462-b949-57f991e08673,https://www.protennis.fr/59960-chaussures-de-tennis-asics-solution-speed-ff-4-homme-mint-and-navy.html,active,true,,2026-09-22T18:20:06.326Z,2026-09-25T04:01:43.465Z,af58f267-a8eb-4f39-9a7e-b61e72a91209,
e6fc0532-9dea-40d0-9c53-08f0c33bf1b8,Sac de tennis Babolat Pure Lite Wimbledon,Babolat,accessoires,https://www.protennis.fr/49287-marketing_default/sac-de-tennis-babolat-pure-lite-wimbledon.jpg,64.95,58.46,10,9bcb1729-926d-4462-b949-57f991e08673,https://www.protennis.fr/59927-sac-de-tennis-babolat-pure-lite-wimbledon.html,active,true,,2026-09-22T18:20:37.865Z,2026-09-25T04:01:53.539Z,819a8e84-fdb5-40c1-b454-cc87e696103c,
e75623da-2e6b-49b9-9bb9-1cd4ab274352,Balles de tennis Babolat Team Tubes de 3 Balles,Babolat,accessoires,https://www.protennis.fr/38454-marketing_default/balles-de-tennis-babolat-team-tubes-de-3-balles.jpg,7.50,6.13,18,9bcb1729-926d-4462-b949-57f991e08673,https://www.protennis.fr/58666-balles-de-tennis-babolat-team-tubes-de-3-balles.html,active,true,,2026-09-22T18:20:36.533Z,2026-09-25T04:01:53.120Z,be565f97-375d-4c52-949f-d8c4ec725a24,
e77fe4a9-895b-4413-848c-fce9eeb5462f,Chaussures de tennis Nike Zoom GP Challenge Pro Homme Bleu marine,Nike,chaussures,https://www.protennis.fr/39803-marketing_default/chaussures-de-tennis-nike-zoom-gp-challenge-pro-homme-bleu-marine.jpg,110.00,66.00,40,9bcb1729-926d-4462-b949-57f991e08673,https://www.protennis.fr/58790-chaussures-de-tennis-nike-zoom-gp-challenge-pro-homme-bleu-marine.html,active,true,,2026-09-22T18:20:16.001Z,2026-09-25T04:01:46.238Z,752c37a7-2c02-4da6-b4fc-d943cbdcda42,Bleu Marine
e782ab97-8a9c-44b6-a4ec-0c734cba8829,Raquette de tennis Yonex V Core 100 L Rouge,Yonex,raquettes,https://www.protennis.fr/44749-marketing_default/raquette-de-tennis-yonex-v-core-100-l-rouge.jpg,289.00,231.20,20,9bcb1729-926d-4462-b949-57f991e08673,https://www.protennis.fr/59448-raquette-de-tennis-yonex-v-core-100-l-rouge.html,active,true,,2026-09-22T18:19:58.851Z,2026-09-25T04:01:41.131Z,8c721e2f-c817-4e75-902d-9953660e0535,Rouge
e78eb2d1-865d-4b9c-bf13-6376e4ec3e22,Raquette de tennis Boom MP L 2026,Head,raquettes,https://www.protennis.fr/47200-marketing_default/raquette-de-tennis-boom-mp-l-2026.jpg,230.00,161.00,30,9bcb1729-926d-4462-b949-57f991e08673,https://www.protennis.fr/59691-raquette-de-tennis-boom-mp-l-2026.html,active,true,,2026-09-22T18:19:49.874Z,2026-09-25T04:01:38.380Z,4818038b-f61c-4395-8e64-37717ec6f50b,
e7d3f297-8a0d-4f3e-abc5-2a81a36dbdd7,Chaussures de tennis Adidas Ubersonic 5 Enfant White,Adidas,chaussures,https://www.protennis.fr/50146-marketing_default/chaussures-de-tennis-adidas-ubersonic-5-enfant-white.jpg,60.00,48.00,20,9bcb1729-926d-4462-b949-57f991e08673,https://www.protennis.fr/60005-chaussures-de-tennis-adidas-ubersonic-5-enfant-white.html,active,true,,2026-09-22T18:20:05.633Z,2026-09-25T04:01:43.237Z,7b80ab67-eaa7-475f-975f-45ae9fa89de4,Blanc
e7f20e2e-0523-4d85-81f5-fb5ce78735ad,Pantalon de tennis Lacoste Homme Marine AH24,Lacoste,textile,https://www.protennis.fr/29081-marketing_default/lacoste-pantalon-homme-marine-ah24.jpg,110.00,66.00,40,9bcb1729-926d-4462-b949-57f991e08673,https://www.protennis.fr/57346-lacoste-pantalon-homme-marine-ah24.html,active,true,,2026-09-22T18:20:25.270Z,2026-09-25T04:01:49.702Z,3f253a4f-2ca6-4f6e-a573-17da4d8f569b,Marine
e7fe0b3a-52e4-4b5d-9d2a-95b2060d3bec,Cordage de tennis HEAD LYNX JAUNE 130 BOBINE 200m,Head,cordages,https://www.protennis.fr/4167-marketing_default/head-lynx-jaune-130-bobine-200m.jpg,150.00,99.00,34,9bcb1729-926d-4462-b949-57f991e08673,https://www.protennis.fr/44030-head-lynx-jaune-130-bobine-200m.html,active,true,,2026-09-22T18:20:01.844Z,2026-09-25T04:01:42.102Z,b39d9038-62cb-447e-b2e8-e50047bac965,Jaune
e8078004-588f-4305-8b88-f04879e668a0,Short de tennis Nike Slam Homme Kaki jaune,Nike,textile,https://www.protennis.fr/45982-marketing_default/short-homme-nike-slam-kaki-jaune.jpg,90.00,54.00,40,9bcb1729-926d-4462-b949-57f991e08673,https://www.protennis.fr/59580-short-homme-nike-slam-kaki-jaune.html,active,true,,2026-09-22T18:20:29.006Z,2026-09-25T04:01:50.853Z,d26dec7a-0c2f-4b74-8fa4-bb2f52ee497a,Kaki Jaune
e85e3167-693c-478c-9485-74066753ead2,Debardeur de tennis Enfant Adidas Pro Blanc vert trefle,Adidas,textile,https://www.protennis.fr/42403-marketing_default/debardeur-de-tennis-enfant-adidas-pro-blanc-vert-trefle.jpg,50.00,30.00,40,9bcb1729-926d-4462-b949-57f991e08673,https://www.protennis.fr/59098-debardeur-de-tennis-enfant-adidas-pro-blanc-vert-trefle.html,active,true,,2026-09-22T18:20:20.277Z,2026-09-25T04:01:47.901Z,8ac4ba14-e390-4ffe-a68d-279988f86653,Blanc Vert
e86ad7a2-0e4c-49bf-849b-03789abda00c,Sac de tennis Wilson Roland Garros 2026 15 raquettes Session de soirée,Wilson,accessoires,https://www.protennis.fr/48945-marketing_default/sac-de-tennis-wilson-roland-garros-2026-15-raquettes-session-de-soiree.jpg,150.00,105.00,30,9bcb1729-926d-4462-b949-57f991e08673,https://www.protennis.fr/59888-sac-de-tennis-wilson-roland-garros-2026-15-raquettes-session-de-soiree.html,active,true,,2026-09-22T18:20:38.020Z,2026-09-25T04:01:53.598Z,e1b12512-a999-4e35-8d04-af16835d45cc,
e8b52eb4-32a6-4f2b-8a4e-0edb1c50300c,Chaussures Asics Gel Resolution X Homme Terre battue Gris vert,Asics,chaussures,https://www.protennis.fr/44897-marketing_default/chaussures-asics-gel-resolution-x-homme-terre-battue-gris-vert.jpg,160.00,96.00,40,9bcb1729-926d-4462-b949-57f991e08673,https://www.protennis.fr/59435-chaussures-asics-gel-resolution-x-homme-terre-battue-gris-vert.html,active,true,,2026-09-22T18:20:13.289Z,2026-09-25T04:01:45.476Z,321e763c-2aba-41dc-9a68-76f042d52323,Gris Vert
e8cf6103-87bb-4927-8b8c-389b6a3e3a29,Cordage de tennis Babolat Xalt 130 garniture,Babolat,cordages,https://www.protennis.fr/40081-marketing_default/cordage-de-tennis-babolat-xalt-130-garniture.jpg,23.95,16.77,30,9bcb1729-926d-4462-b949-57f991e08673,https://www.protennis.fr/58878-cordage-de-tennis-babolat-xalt-130-garniture.html,active,true,,2026-09-22T18:19:59.168Z,2026-09-25T04:01:41.237Z,af1d898d-43ce-4afd-8cf5-41c53bf30cca,
e8e342dc-7675-4a27-b995-1fa29e9f0d90,"Short de tennis Nike DriFIT Advantage 6"" Homme Vert foncé",Nike,textile,https://www.protennis.fr/43030-marketing_default/short-nike-drifit-advantage-6-homme-vert-fonce.jpg,60.00,36.00,40,9bcb1729-926d-4462-b949-57f991e08673,https://www.protennis.fr/59223-short-nike-drifit-advantage-6-homme-vert-fonce.html,active,true,,2026-09-22T18:20:30.289Z,2026-09-25T04:01:51.185Z,e7896cdd-7779-4b03-bb92-041a9e0927af,Vert
e8e800f1-cffb-4354-816a-cf769c4af0ee,Sweat de tennis Nike Fleece Heritage Homme Blanc Hiver 2024,Nike,textile,https://www.protennis.fr/34670-marketing_default/sweat-nike-fleece-heritage-homme-blanc-hiver-2024.jpg,80.00,40.00,50,9bcb1729-926d-4462-b949-57f991e08673,https://www.protennis.fr/58176-sweat-nike-fleece-heritage-homme-blanc-hiver-2024.html,active,true,,2026-09-22T18:20:32.155Z,2026-09-25T04:01:51.749Z,a7b70a34-c16e-4436-8dad-2a7b16287f83,Blanc
e8ed9015-5e81-490e-8de6-22efcb44cd67,Sac de tennis Tecnifibre Tour Endurance Ultra Noir 6 raquettes 2024,Tecnifibre,accessoires,https://www.protennis.fr/47590-marketing_default/sac-de-tennis-tecnifibre-tour-endurance-ultra-noir-6-raquettes-2024.jpg,79.99,55.99,30,9bcb1729-926d-4462-b949-57f991e08673,https://www.protennis.fr/59786-sac-de-tennis-tecnifibre-tour-endurance-ultra-noir-6-raquettes-2024.html,active,true,,2026-09-22T18:20:41.654Z,2026-09-25T04:01:54.623Z,221fb26f-7a07-410b-ac97-c2833fd1d503,Noir
e9b123f7-fda3-4279-b693-beb175d2192b,Raquette de tennis Babolat Pure Drive +,Babolat,raquettes,https://www.protennis.fr/15959-marketing_default/babolat-pure-drive-.jpg,250.00,139.00,44,9bcb1729-926d-4462-b949-57f991e08673,https://www.protennis.fr/54780-babolat-pure-drive-.html,active,true,,2026-09-22T18:19:49.263Z,2026-09-25T04:01:38.163Z,b91ab495-9243-4523-b9d1-b6afccd05ae0,
e9bea90b-adc2-47b1-9ea0-4454beb29c51,Chaussures de tennis Asics Gel Resolution X Femme Light Blue And Green,Asics,chaussures,https://www.protennis.fr/49628-marketing_default/chaussures-de-tennis-asics-gel-resolution-x-femme-light-blue-and-green.jpg,160.00,128.00,20,9bcb1729-926d-4462-b949-57f991e08673,https://www.protennis.fr/59966-chaussures-de-tennis-asics-gel-resolution-x-femme-light-blue-and-green.html,active,true,,2026-09-22T18:20:06.149Z,2026-09-25T04:01:43.409Z,5d8fd247-4b32-4a52-842d-62e8b16ea9e1,Bleu Vert
e9d1cadf-f25d-440a-b898-9e8519dd5096,Chaussures de tennis Asics Solution Speed FF 4 Terre Battue Homme Night Energy,Asics,chaussures,https://www.protennis.fr/50418-marketing_default/chaussures-asics-solution-speed-ff-4-terre-battue-homme-night-energy.jpg,160.00,128.00,20,9bcb1729-926d-4462-b949-57f991e08673,https://www.protennis.fr/60031-chaussures-asics-solution-speed-ff-4-terre-battue-homme-night-energy.html,active,true,,2026-09-22T18:20:05.249Z,2026-09-25T04:01:43.120Z,48ce4d2e-8922-4e70-9fd7-6120f89b8619,
e9e77604-bd2d-4134-8a5d-3dbdabed8afe,Raquette de tennis Head Squared 2026,Head,raquettes,https://www.protennis.fr/48157-marketing_default/raquette-de-tennis-head-squared.jpg,260.00,182.00,30,9bcb1729-926d-4462-b949-57f991e08673,https://www.protennis.fr/59812-raquette-de-tennis-head-squared.html,active,true,,2026-09-22T18:19:49.533Z,2026-09-25T04:01:38.262Z,179574b4-9fd1-450f-b609-6db6d94b56c0,
ea77b875-59a1-48bb-bddb-f492c5135768,Chaussures de tennis Nike Air Vapor Pro 3 Terre Battue Femme Premium Rouge,Nike,chaussures,https://www.protennis.fr/43792-marketing_default/chaussures-nike-air-vapor-pro-3-terre-battue-femme-premium-rouge.jpg,140.00,84.00,40,9bcb1729-926d-4462-b949-57f991e08673,https://www.protennis.fr/59327-chaussures-nike-air-vapor-pro-3-terre-battue-femme-premium-rouge.html,active,true,,2026-09-22T18:20:13.727Z,2026-09-25T04:01:45.635Z,21e48c9b-05f0-4d64-892f-a51bde527fba,Rouge
ea7ccc06-0f36-4ed2-9cf1-85b3de30fc91,Raquette de tennis Wilson Clash 25 V3 2025,Wilson,raquettes,https://www.protennis.fr/36148-marketing_default/raquette-de-tennis-wilson-clash-25-v3-2025.jpg,125.00,87.50,30,9bcb1729-926d-4462-b949-57f991e08673,https://www.protennis.fr/58366-raquette-de-tennis-wilson-clash-25-v3-2025.html,active,true,,2026-09-22T18:19:56.700Z,2026-09-25T04:01:40.444Z,7b9d5e6b-1c70-4af5-9cf0-4d0d25f28b88,
ea7d53ea-dbe7-45bb-ac03-de75fbe6c7ec,Sac à dos Wilson Clash V3 Super Tour 2025,Wilson,accessoires,https://www.protennis.fr/36034-marketing_default/sac-a-dos-wilson-clash-v3-super-tour-2025.jpg,95.00,66.50,30,9bcb1729-926d-4462-b949-57f991e08673,https://www.protennis.fr/58362-sac-a-dos-wilson-clash-v3-super-tour-2025.html,active,true,,2026-09-22T18:20:43.034Z,2026-09-25T04:01:55.042Z,32b9562f-5999-426f-8c39-010248bca520,
eab5d7ec-0c1d-453f-8102-1a7ae406df13,Raquette de tennis Head Boom MP L Alternate 2024,Head,raquettes,https://www.protennis.fr/30412-marketing_default/head-boom-mp-l-alternate-2024.jpg,230.00,161.00,30,9bcb1729-926d-4462-b949-57f991e08673,https://www.protennis.fr/57624-head-boom-mp-l-alternate-2024.html,active,true,,2026-09-22T18:19:50.297Z,2026-09-25T04:01:38.492Z,0c053768-155e-4174-916f-01c8644e6342,
eae2d244-3654-4387-9579-e8132729d797,Veste Asics Homme Night Energy Noir Bleu Dragonfly,Asics,textile,https://www.protennis.fr/42304-marketing_default/veste-asics-homme-night-energy-noir-bleu-dragonfly.jpg,110.00,66.00,40,9bcb1729-926d-4462-b949-57f991e08673,https://www.protennis.fr/59185-veste-asics-homme-night-energy-noir-bleu-dragonfly.html,active,true,,2026-09-22T18:20:22.403Z,2026-09-25T04:01:48.778Z,f5cc25f7-0b51-4d80-bd24-4426decb3076,Noir Bleu
eafe8cf2-bc0d-4ff9-ae7b-a41404dddadd,Chaussures de tennis Yonex Eclipsion 4 Homme Blanc Bleu AH23,Yonex,chaussures,https://www.protennis.fr/30217-marketing_default/yonex-eclipsion-4-homme-blanc-bleu-ah23.jpg,170.00,79.00,54,9bcb1729-926d-4462-b949-57f991e08673,https://www.protennis.fr/57612-yonex-eclipsion-4-homme-blanc-bleu-ah23.html,active,true,,2026-09-22T18:20:17.423Z,2026-09-25T04:01:46.609Z,e3a48337-ccd6-4e4a-8305-a0dbc2180d47,Blanc Bleu
eb130516-cf73-4e9a-b04b-d41a296b8f1f,Chaussures de tennis Nike Zoom GP Challenge Pro Homme Bleu roi,Nike,chaussures,https://www.protennis.fr/41608-marketing_default/chaussures-de-tennis-nike-zoom-gp-challenge-pro-homme-bleu-roi.jpg,110.00,66.00,40,9bcb1729-926d-4462-b949-57f991e08673,https://www.protennis.fr/59054-chaussures-de-tennis-nike-zoom-gp-challenge-pro-homme-bleu-roi.html,active,true,,2026-09-22T18:20:14.519Z,2026-09-25T04:01:45.824Z,6115a200-be13-40b2-9e11-0bd2ea466486,Bleu
eb2a2074-4344-4361-8241-91ff3bae6e5e,Balles de tennis Babolat Team Clay Tubes de 4 Balles,Babolat,accessoires,https://www.protennis.fr/38450-marketing_default/balles-de-tennis-babolat-team-clay-tubes-de-4-balles.jpg,10.50,8.70,17,9bcb1729-926d-4462-b949-57f991e08673,https://www.protennis.fr/58664-balles-de-tennis-babolat-team-clay-tubes-de-4-balles.html,active,true,,2026-09-22T18:20:36.582Z,2026-09-25T04:01:53.142Z,053ad6b4-fd23-4b8d-9d2a-cd9e3505cae4,
eb308e86-1ff5-40ce-a6c7-969e3e75f1c3,Débardeur tennis femme Adidas Y-Debardeur Pro Femme Noir AH23,Adidas,textile,https://www.protennis.fr/28603-marketing_default/adidas-y-debardeur-pro-femme-noir-ah23.jpg,65.00,32.50,50,9bcb1729-926d-4462-b949-57f991e08673,https://www.protennis.fr/57208-adidas-y-debardeur-pro-femme-noir-ah23.html,active,true,,2026-09-22T18:20:21.228Z,2026-09-25T04:01:48.361Z,faa34add-48bb-448c-8e87-b7e7386847c8,Noir
eb3e4786-21ef-4201-8a9c-921f7134c1ed,Chaussures de tennis Nike Zoom GP Challenge Pro Femme Mint,Nike,chaussures,https://www.protennis.fr/50654-marketing_default/chaussures-de-tennis-nike-zoom-gp-challenge-pro-femme-mint.jpg,109.99,76.99,30,9bcb1729-926d-4462-b949-57f991e08673,https://www.protennis.fr/60052-chaussures-de-tennis-nike-zoom-gp-challenge-pro-femme-mint.html,active,true,,2026-09-22T18:20:04.851Z,2026-09-25T04:01:42.987Z,79a1264a-35ac-4363-9aa6-9d7f95a95991,
eb7a00dc-5c2b-4c55-a1af-a18a5c313579,"Chaussures de tennis Wilson Rush Pro 4,5 Homme Blanc Bleu Jaune",Wilson,chaussures,https://www.protennis.fr/43243-marketing_default/chaussures-de-tennis-wilson-rush-pro-45-homme-blanc-bleu-jaune.jpg,140.00,84.00,40,9bcb1729-926d-4462-b949-57f991e08673,https://www.protennis.fr/59250-chaussures-de-tennis-wilson-rush-pro-45-homme-blanc-bleu-jaune.html,active,true,,2026-09-22T18:20:09.320Z,2026-09-25T04:01:44.360Z,c40c7a2d-f155-40f0-aa81-1b2d43312814,Blanc Bleu Jaune
ec2846da-76ee-4b36-b9ab-5547a6fe2a91,Chaussures de tennis Asics Court FF 3 Homme Noir Vert,Asics,chaussures,https://www.protennis.fr/47535-marketing_default/chaussures-de-tennis-asics-court-ff-3-homme-noir-vert.jpg,190.00,114.00,40,9bcb1729-926d-4462-b949-57f991e08673,https://www.protennis.fr/59781-chaussures-de-tennis-asics-court-ff-3-homme-noir-vert.html,active,true,,2026-09-22T18:20:12.674Z,2026-09-25T04:01:45.310Z,beba24eb-41f5-42cb-8029-c1b7a62fc206,Noir Vert
ec7e2b9d-c40c-431d-852d-8286976a1892,Cordage de tennis Luxilon Alu Power 125 Noir Bobine 200m,Luxilon,cordages,https://www.protennis.fr/22281-marketing_default/luxilon-alu-power-125-noir-bobine-200m.jpg,330.00,231.00,30,9bcb1729-926d-4462-b949-57f991e08673,https://www.protennis.fr/56229-luxilon-alu-power-125-noir-bobine-200m.html,active,true,,2026-09-22T18:19:59.880Z,2026-09-25T04:01:41.433Z,193bbdc9-45fc-4e5c-887f-f260196d31c8,Noir
eca7e5b6-bc9e-42aa-8ea7-ec9b7b793c19,Balles de tennis Babolat Team All Court Tubes de 3 Balles,Babolat,accessoires,https://www.protennis.fr/38448-marketing_default/balles-de-tennis-babolat-team-all-court-tubes-de-3-balles.jpg,6.50,6.11,6,9bcb1729-926d-4462-b949-57f991e08673,https://www.protennis.fr/58663-balles-de-tennis-babolat-team-all-court-tubes-de-3-balles.html,active,true,,2026-09-22T18:20:36.638Z,2026-09-25T04:01:53.153Z,1ce9a55b-505d-40b1-8493-3ae2feab96db,
ecf56093-1bcf-459e-8c0e-01b1dbd4c798,Lot de deux raquettes de tennis Babolat Pure Aero 98 Gen9,Babolat,raquettes,https://www.protennis.fr/46587-marketing_default/lot-de-deux-raquettes-de-tennis-babolat-pure-aero-98-gen9.jpg,600.00,420.00,30,9bcb1729-926d-4462-b949-57f991e08673,https://www.protennis.fr/59635-lot-de-deux-raquettes-de-tennis-babolat-pure-aero-98-gen9.html,active,true,,2026-09-22T18:19:47.078Z,2026-09-25T04:01:37.385Z,39b0e9bc-01ca-4d20-a97f-39a1ce2854a3,
ed3e113d-dc52-4d5a-8ce3-8438f32d1b7f,Sac de tennis Prince Tour 1 Comp Noir Rouge,Prince,accessoires,https://www.protennis.fr/43820-marketing_default/sac-de-tennis-prince-tour-1-comp-noir-rouge.jpg,55.95,39.17,30,9bcb1729-926d-4462-b949-57f991e08673,https://www.protennis.fr/59330-sac-de-tennis-prince-tour-1-comp-noir-rouge.html,active,true,,2026-09-22T18:20:39.503Z,2026-09-25T04:01:54.029Z,a3f48ab1-e5e9-4265-81e4-990f576d75e4,Noir Rouge
edc976d3-7ef9-4145-adb2-1e493378199e,T-shirt Manches Longues Nike Homme Miller Noir,Nike,textile,https://www.protennis.fr/43016-marketing_default/t-shirt-manches-longues-nike-homme-miller-noir.jpg,40.00,24.00,40,9bcb1729-926d-4462-b949-57f991e08673,https://www.protennis.fr/59221-t-shirt-manches-longues-nike-homme-miller-noir.html,active,true,,2026-09-22T18:20:30.391Z,2026-09-25T04:01:51.207Z,c0606ade-b580-405b-930f-b650da1dfbea,Noir
edd1da0d-2808-4260-bab2-09a26a393f0c,Sac à dos Wilson US Open Tour Navy,Wilson,accessoires,https://www.protennis.fr/43294-marketing_default/sac-a-dos-wilson-us-open-tour-navy.jpg,80.00,56.00,30,9bcb1729-926d-4462-b949-57f991e08673,https://www.protennis.fr/59253-sac-a-dos-wilson-us-open-tour-navy.html,active,true,,2026-09-22T18:20:42.305Z,2026-09-25T04:01:54.820Z,e54e353f-6533-4857-a644-e6233e0888bc,
eebde577-5cef-4a3f-8af6-e04e9cc97051,Sac de tennis Babolat Sac a Dos Pure Strike 2024,Babolat,accessoires,https://www.protennis.fr/30564-marketing_default/babolat-sac-a-dos-pure-strike-2024.jpg,90.00,63.00,30,9bcb1729-926d-4462-b949-57f991e08673,https://www.protennis.fr/57485-babolat-sac-a-dos-pure-strike-2024.html,active,true,,2026-09-22T18:20:43.525Z,2026-09-25T04:01:55.207Z,5cdc460f-6bfb-4953-b8ab-0ec0674d5416,
eec90765-36c5-42c6-b7b1-4a0b06019ead,Raquette de tennis Head Gravity MP 2025,Head,raquettes,https://www.protennis.fr/36204-marketing_default/raquette-de-tennis-head-gravity-mp-2025.jpg,280.00,196.00,30,9bcb1729-926d-4462-b949-57f991e08673,https://www.protennis.fr/58381-raquette-de-tennis-head-gravity-mp-2025.html,active,true,,2026-09-22T18:19:50.863Z,2026-09-25T04:01:38.670Z,cbea50a7-514b-4ab8-9a23-c2d9b77a8bbb,
eeec3143-f11a-410e-8182-0395edcd1d6f,T-shirt de Tennis Le Coq Sportif Enfant Bleu,Le Coq Sportif,textile,https://www.protennis.fr/45436-marketing_default/t-shirt-de-tennis-le-coq-sportif-enfant-bleu.jpg,40.00,24.00,40,9bcb1729-926d-4462-b949-57f991e08673,https://www.protennis.fr/59523-t-shirt-de-tennis-le-coq-sportif-enfant-bleu.html,active,true,,2026-09-22T18:20:25.884Z,2026-09-25T04:01:49.884Z,f37f8eeb-1987-4455-b186-1fece17af95c,Bleu
ef3ac5fd-b5c3-4892-bd86-7dc360a328ec,Cordage de tennis Tecnifibre Razor Soft 120 Carbon Bobine 200m,Tecnifibre,cordages,https://www.protennis.fr/34451-marketing_default/cordage-de-tennis-tecnifibre-razor-soft-120-carbon-bobine-200m.jpg,200.00,140.00,30,9bcb1729-926d-4462-b949-57f991e08673,https://www.protennis.fr/58151-cordage-de-tennis-tecnifibre-razor-soft-120-carbon-bobine-200m.html,active,true,,2026-09-22T18:19:59.592Z,2026-09-25T04:01:41.338Z,ff068e6a-309d-4028-81e2-19742ffa5ee4,
ef509280-9ae1-4042-a004-70370c71c71c,Sac a dos Head Paw Patrol Garçon,Head,accessoires,https://www.protennis.fr/43188-marketing_default/sac-a-dos-head-paw-patrol-garcon.jpg,55.00,38.50,30,9bcb1729-926d-4462-b949-57f991e08673,https://www.protennis.fr/59244-sac-a-dos-head-paw-patrol-garcon.html,active,true,,2026-09-22T18:20:39.654Z,2026-09-25T04:01:54.083Z,1b526919-f3ff-4636-a4ac-39e37acd0af4,
ef95129f-0850-48da-9d37-824b66c2f93b,Raquette de tennis Wilson Defyer 100 V1,Wilson,raquettes,https://www.protennis.fr/49495-marketing_default/raquette-de-tennis-wilson-defyer-100-v1.jpg,280.00,238.00,15,9bcb1729-926d-4462-b949-57f991e08673,https://www.protennis.fr/59949-raquette-de-tennis-wilson-defyer-100-v1.html,active,true,,2026-09-22T18:19:55.788Z,2026-09-25T04:01:40.148Z,751b9798-ec73-467d-a960-6b64280b08d7,
efbb54de-99c6-4918-b970-47820ab5d471,Raquette de tennis Wilson RF 01 PRO Black 2024,Wilson,raquettes,https://www.protennis.fr/32729-marketing_default/raquette-de-tennis-wilson-rf-01-pro-black-2024.jpg,300.00,210.00,30,9bcb1729-926d-4462-b949-57f991e08673,https://www.protennis.fr/57944-raquette-de-tennis-wilson-rf-01-pro-black-2024.html,active,true,,2026-09-22T18:19:55.936Z,2026-09-25T04:01:40.194Z,d152f070-f123-41ca-9745-564d8dadfcac,Noir
eff988da-0b77-40bb-ae30-508fdde56acc,Raquette de tennis Wilson RF 01 Black 2024,Wilson,raquettes,https://www.protennis.fr/32746-marketing_default/raquette-de-tennis-wilson-rf-01-black-2024.jpg,280.00,196.00,30,9bcb1729-926d-4462-b949-57f991e08673,https://www.protennis.fr/57945-raquette-de-tennis-wilson-rf-01-black-2024.html,active,true,,2026-09-22T18:19:55.911Z,2026-09-25T04:01:40.183Z,afc376a0-ded8-4dad-97c9-4963ea71b30d,Noir
efffb224-0b06-4571-8011-b2e48909b0b0,Cordage de tennis LUXILON ALU POWER ROUGH 125 BOBINE 220m,Luxilon,cordages,https://www.protennis.fr/2634-marketing_default/luxilon-alu-power-rough-125-bobine-220m.jpg,340.00,238.00,30,9bcb1729-926d-4462-b949-57f991e08673,https://www.protennis.fr/29175-luxilon-alu-power-rough-125-bobine-220m.html,active,true,,2026-09-22T18:20:02.996Z,2026-09-25T04:01:42.434Z,8fae92f8-40fa-4c2a-b5db-a1e8700a2076,
f00a0c72-a188-4238-8863-8a0265ced1ef,Chaussures de tennis Babolat Jet Tere 2 Femme Beige,Babolat,chaussures,https://www.protennis.fr/38489-marketing_default/chaussures-de-tennis-babolat-jet-tere-2-femme-beige.jpg,110.00,66.00,40,9bcb1729-926d-4462-b949-57f991e08673,https://www.protennis.fr/58655-chaussures-de-tennis-babolat-jet-tere-2-femme-beige.html,active,true,,2026-09-22T18:20:11.026Z,2026-09-25T04:01:44.855Z,e31d8a0a-acad-47a0-8e32-8ce88d639090,Beige
f00b832a-b536-492d-bf3e-01d07161fbf5,"Short de tennis Nike DriFIT Advantage 6"" Homme Gris bleu",Nike,textile,https://www.protennis.fr/43036-marketing_default/short-nike-drifit-advantage-6-homme-gris-bleu.jpg,60.00,36.00,40,9bcb1729-926d-4462-b949-57f991e08673,https://www.protennis.fr/59225-short-nike-drifit-advantage-6-homme-gris-bleu.html,active,true,,2026-09-22T18:20:30.209Z,2026-09-25T04:01:51.163Z,3dcf5009-1e86-41c9-a112-cf472d9a74c2,Gris Bleu
f0c39774-e774-4e4a-9b38-0dd91028941f,Jupe de tennis Adidas Match Jupe Femme Orange PE24,Adidas,textile,https://www.protennis.fr/31449-marketing_default/adidas-match-jupe-femme-orange-pe24.jpg,60.00,30.00,50,9bcb1729-926d-4462-b949-57f991e08673,https://www.protennis.fr/57375-adidas-match-jupe-femme-orange-pe24.html,active,true,,2026-09-22T18:20:20.927Z,2026-09-25T04:01:48.294Z,6118cba6-953d-4af6-b243-e63c93f3f4d8,Orange
f0d94f09-df36-4dc7-bedb-7e9dca957335,Raquette de tennis Head Speed MP 2024,Head,raquettes,https://www.protennis.fr/29224-marketing_default/head-speed-mp-2024.jpg,280.00,167.00,40,9bcb1729-926d-4462-b949-57f991e08673,https://www.protennis.fr/57464-head-speed-mp-2024.html,active,true,,2026-09-22T18:19:51.742Z,2026-09-25T04:01:38.945Z,08029b4b-cc63-4533-9740-ba61f54737ae,
f101f6b7-a2ea-4fb7-aaf6-643daf0d373f,Chaussures de tennis Babolat Jet Mach 4 Homme Noir Jaune,Babolat,chaussures,https://www.protennis.fr/47576-marketing_default/chaussures-de-tennis-babolat-jet-mach-4-homme-noir-jaune.jpg,160.00,96.00,40,9bcb1729-926d-4462-b949-57f991e08673,https://www.protennis.fr/59784-chaussures-de-tennis-babolat-jet-mach-4-homme-noir-jaune.html,active,true,,2026-09-22T18:20:07.578Z,2026-09-25T04:01:43.818Z,6eb14ff2-95c5-4268-9721-dcad9295e3c5,Noir Jaune
f102091f-b31e-4562-9f4e-336186c78194,T-shirt de tennis Mizuno Printed Sleeve Femme Blanc,Mizuno,textile,https://www.protennis.fr/46482-marketing_default/t-shirt-de-tennis-mizuno-printed-sleeve-femme-blanc.jpg,45.00,27.00,40,9bcb1729-926d-4462-b949-57f991e08673,https://www.protennis.fr/59638-t-shirt-de-tennis-mizuno-printed-sleeve-femme-blanc.html,active,true,,2026-09-22T18:20:26.308Z,2026-09-25T04:01:50.006Z,55f186d9-4dc0-4869-b734-5f0959a0e31a,Blanc
f11f8fbc-aeb0-4057-943c-3614697dd68f,Balles de tennis Babolat Team Clay Carton de 30 Tubes de 3 Balles,Babolat,accessoires,https://www.protennis.fr/38536-marketing_default/babolat-team-clay-carton-de-30-tubes-de-3-balles.jpg,255.00,208.50,18,9bcb1729-926d-4462-b949-57f991e08673,https://www.protennis.fr/55523-babolat-team-clay-carton-de-30-tubes-de-3-balles.html,active,true,,2026-09-22T18:20:36.976Z,2026-09-25T04:01:53.251Z,d3a38183-ec0d-4419-bd45-83659a79054b,
f156ec0a-9147-4e89-93a6-8d3f193705ef,Grip de raquette de tennis Babolat Syntec Pro Noir,Babolat,accessoires,https://www.protennis.fr/38369-marketing_default/babolat-syntec-pro.jpg,9.00,6.30,30,9bcb1729-926d-4462-b949-57f991e08673,https://www.protennis.fr/54110-babolat-syntec-pro.html,active,true,,2026-09-22T18:20:34.534Z,2026-09-25T04:01:52.503Z,111d1251-78ca-43e5-914c-cf7e401dd585,Noir
f15a39f0-ec87-4d13-a811-a592f3a1d21a,Chaussures de tennis Nike Zoom GP Challenge Pro Femme Blanc Mint,Nike,chaussures,https://www.protennis.fr/41397-marketing_default/chaussures-de-tennis-nike-zoom-gp-challenge-pro-femme-blanc-mint.jpg,110.00,66.00,40,9bcb1729-926d-4462-b949-57f991e08673,https://www.protennis.fr/59020-chaussures-de-tennis-nike-zoom-gp-challenge-pro-femme-blanc-mint.html,active,true,,2026-09-22T18:20:10.061Z,2026-09-25T04:01:44.597Z,12a6f25d-e60c-4e1a-ad6e-fcd0a8475c0e,Blanc
f15c582c-0d6d-4de3-90f6-8f45cbfd78f9,Raquette de tennis enfant Head Speed Jr 25 2024,Head,raquettes,https://www.protennis.fr/29233-marketing_default/head-speed-jr-25-2024.jpg,120.00,84.00,30,9bcb1729-926d-4462-b949-57f991e08673,https://www.protennis.fr/57469-head-speed-jr-25-2024.html,active,true,,2026-09-22T18:19:51.544Z,2026-09-25T04:01:38.900Z,8f645a92-ec88-44ba-a130-98560db4a07e,
f16c053f-023a-4ee2-a754-d82a78da27c5,Veste Nike Heritage Femme Vert foncé,Nike,textile,https://www.protennis.fr/42945-marketing_default/veste-nike-heritage-femme-vert-fonce.jpg,85.00,51.00,40,9bcb1729-926d-4462-b949-57f991e08673,https://www.protennis.fr/59211-veste-nike-heritage-femme-vert-fonce.html,active,true,,2026-09-22T18:20:30.415Z,2026-09-25T04:01:51.218Z,7d71a434-abda-4498-9812-3940a8c981a2,Vert
f194c13f-ab19-4009-b950-2da402e6a26c,Cordage de tennis Head Lynx 130 Bobine 200m Bleu,Head,cordages,https://www.protennis.fr/30452-marketing_default/head-lynx-130-bobine-200m-bleu.jpg,150.00,105.00,30,9bcb1729-926d-4462-b949-57f991e08673,https://www.protennis.fr/56071-head-lynx-130-bobine-200m-bleu.html,active,true,,2026-09-22T18:20:00.206Z,2026-09-25T04:01:41.542Z,199f6fa7-9bba-455e-ac2e-235900c61164,Bleu
f1b4037f-37dc-43c8-aae4-51aadf1c029d,Raquette de tennis Babolat Pure Aero Team Gen9,Babolat,raquettes,https://www.protennis.fr/46548-marketing_default/raquette-de-tennis-babolat-pure-aero-team-gen9.jpg,270.00,189.00,30,9bcb1729-926d-4462-b949-57f991e08673,https://www.protennis.fr/59631-raquette-de-tennis-babolat-pure-aero-team-gen9.html,active,true,,2026-09-22T18:19:47.381Z,2026-09-25T04:01:37.499Z,9205a0a1-8fc2-4fe2-bf98-c430298a57d4,
f1bfec58-96b0-4cf2-8bd4-d9e61457475a,Cordage de tennis BABOLAT RPM BLAST 135 GARNITURE,Babolat,cordages,https://www.protennis.fr/15990-marketing_default/babolat-rpm-blast-135-garniture.jpg,21.00,14.70,30,9bcb1729-926d-4462-b949-57f991e08673,https://www.protennis.fr/35994-babolat-rpm-blast-135-garniture.html,active,true,,2026-09-22T18:20:02.230Z,2026-09-25T04:01:42.223Z,8ba201b3-6a8d-4f89-b3ee-d4d1bd1c98a4,
f220a298-6e1c-4fa8-afa5-6c6f6b55af76,Sac de tennis Wilson Blade Super Tour Sac 15 Raquettes V10,Wilson,accessoires,https://www.protennis.fr/48521-marketing_default/sac-de-tennis-wilson-blade-super-tour-sac-15-raquettes-v10.jpg,150.00,135.00,10,9bcb1729-926d-4462-b949-57f991e08673,https://www.protennis.fr/59839-sac-de-tennis-wilson-blade-super-tour-sac-15-raquettes-v10.html,active,true,,2026-09-22T18:20:38.299Z,2026-09-25T04:01:53.653Z,5e058835-1ae7-4d48-9c53-e8d9d50fb41c,
f22a303e-905c-4948-bf65-7a027fda1f41,Sac de tennis Tecnifibre Tour Endurance Kaki 12 raquettes 2024,Tecnifibre,accessoires,https://www.protennis.fr/33691-marketing_default/sac-de-tennis-tecnifibre-tour-endurance-kaki-12-raquettes-2024.jpg,110.00,77.00,30,9bcb1729-926d-4462-b949-57f991e08673,https://www.protennis.fr/58087-sac-de-tennis-tecnifibre-tour-endurance-kaki-12-raquettes-2024.html,active,true,,2026-09-22T18:20:40.734Z,2026-09-25T04:01:54.415Z,1b05ddc7-a8ca-45c7-9097-ff2762730d79,Kaki
f271cf69-c886-4dc5-9639-2ceeab6ab160,Veste de tennis Heritage Nike Femme Bleu gris Hiver 2024,Nike,textile,https://www.protennis.fr/35041-marketing_default/veste-heritage-nike-femme-bleu-gris-hiver-2024-.jpg,90.00,45.00,50,9bcb1729-926d-4462-b949-57f991e08673,https://www.protennis.fr/58149-veste-heritage-nike-femme-bleu-gris-hiver-2024-.html,active,true,,2026-09-22T18:20:32.180Z,2026-09-25T04:01:51.759Z,251c378f-2b04-4a39-927d-f93620c7a30d,Bleu Gris
f27419e9-55da-41bb-8df8-53ae87a20d58,Raquette de tennis Yonex V Core 98 Rouge,Yonex,raquettes,https://www.protennis.fr/44747-marketing_default/raquette-de-tennis-yonex-v-core-98-rouge-.jpg,299.00,239.20,20,9bcb1729-926d-4462-b949-57f991e08673,https://www.protennis.fr/59447-raquette-de-tennis-yonex-v-core-98-rouge-.html,active,true,,2026-09-22T18:19:58.900Z,2026-09-25T04:01:41.154Z,b07f4822-6e73-4756-a5c2-2bdb32d6043e,Rouge
f28c6e3f-c1b9-43d5-a691-0b2980cdb506,Pull Homme Nike Fleece Heritage Crew Melbourne Mineral,Nike,textile,https://www.protennis.fr/36733-marketing_default/pull-homme-nike-fleece-heritage-crew-melbourne-mineral.jpg,70.00,42.00,40,9bcb1729-926d-4462-b949-57f991e08673,https://www.protennis.fr/58446-pull-homme-nike-fleece-heritage-crew-melbourne-mineral.html,active,true,,2026-09-22T18:20:31.857Z,2026-09-25T04:01:51.650Z,3f14e635-9cbd-4d4b-adb9-82d7c8c52644,
f28d0e38-a7ff-4f0d-8010-a205c761b4f3,Antivibrateur de tennis HEAD SMARTSORB BLEU,Head,accessoires,https://www.protennis.fr/38608-marketing_default/head-smartsorb-bleu.jpg,6.00,4.20,30,9bcb1729-926d-4462-b949-57f991e08673,https://www.protennis.fr/46324-head-smartsorb-bleu.html,active,true,,2026-09-22T18:20:34.853Z,2026-09-25T04:01:52.584Z,d3193e67-6253-44f3-b14b-4ccb7356ea3c,Bleu
f2d2eebb-ad7b-4220-9079-5aed1393d232,Raquette de tennis Babolat Pure Aero 98 Lot de 2 2023,Babolat,raquettes,https://www.protennis.fr/29169-marketing_default/babolat-pure-aero-98-lot-de-2-2023.jpg,599.00,359.40,40,9bcb1729-926d-4462-b949-57f991e08673,https://www.protennis.fr/56314-babolat-pure-aero-98-lot-de-2-2023.html,active,true,,2026-09-22T18:19:48.535Z,2026-09-25T04:01:37.937Z,a87b45c6-f89c-4dd7-9414-8eaf5777ba40,
f2f27980-df39-40c1-8d4e-a06b01ff790e,Wilson Rush Pro 4.5 Terre Battue Homme Rouge AH24,Wilson,chaussures,https://www.protennis.fr/32001-marketing_default/wilson-rush-pro-45-terre-battue-homme-rouge-ah24.jpg,140.00,84.00,40,9bcb1729-926d-4462-b949-57f991e08673,https://www.protennis.fr/57731-wilson-rush-pro-45-terre-battue-homme-rouge-ah24.html,active,true,,2026-09-22T18:20:17.180Z,2026-09-25T04:01:46.541Z,11288f1c-b0f9-41b7-a9cc-094cced4cf84,Rouge
f319bbfe-0125-47d2-8390-3a0c3065d44c,Chaussettes de tennis Nike Everyday Max Cushioned x3 Chaussettes Invisibles,Nike,textile,https://www.protennis.fr/18336-marketing_default/nike-everyday-max-cushioned-x3-chaussettes-invisibles.jpg,15.00,13.50,10,9bcb1729-926d-4462-b949-57f991e08673,https://www.protennis.fr/55224-nike-everyday-max-cushioned-x3-chaussettes-invisibles.html,active,true,,2026-09-22T18:20:33.360Z,2026-09-25T04:01:52.144Z,8247703b-7f9d-43c1-bdb7-6cadfed3832a,
f32adfba-6b7b-4043-be76-8b18192015c2,Chaussures de tennis Babolat Jet Mach 3 Enfant Jaune,Babolat,chaussures,https://www.protennis.fr/38479-marketing_default/chaussures-de-tennis-babolat-jet-mach-3-enfant-jaune.jpg,75.00,45.00,40,9bcb1729-926d-4462-b949-57f991e08673,https://www.protennis.fr/58650-chaussures-de-tennis-babolat-jet-mach-3-enfant-jaune.html,active,true,,2026-09-22T18:20:11.164Z,2026-09-25T04:01:44.889Z,6245e7b6-bdde-4a43-8b2f-aa13326f5fb1,Jaune
f350abd6-d2af-4e71-845f-6fd0529a31ad,Raquette de tennis Wilson Shift 99L 285g,Wilson,raquettes,https://www.protennis.fr/36941-marketing_default/wilson-shift-99l-285g.jpg,250.00,150.00,40,9bcb1729-926d-4462-b949-57f991e08673,https://www.protennis.fr/57133-wilson-shift-99l-285g.html,active,true,,2026-09-22T18:19:56.087Z,2026-09-25T04:01:40.239Z,1656973c-d7d6-420a-b1b9-24793e68f5f4,
f36e03e8-6d40-4d9b-9b5a-b749f3166544,Sac de tennis 9 Raquettes Head Tour Racquet Bag L Noir,Head,accessoires,https://www.protennis.fr/45605-marketing_default/sac-de-tennis-9-raquettes-head-tour-racquet-bag-l-noir.jpg,100.00,70.00,30,9bcb1729-926d-4462-b949-57f991e08673,https://www.protennis.fr/59518-sac-de-tennis-9-raquettes-head-tour-racquet-bag-l-noir.html,active,true,,2026-09-22T18:20:41.781Z,2026-09-25T04:01:54.668Z,3f144bc5-7a8e-4a17-8183-8130f7551832,Noir
f375fc36-cbe9-444c-96a5-3bb27c8594e7,T-shirt de tennis Lacoste Ultra Dry Gros Logo Homme Rouge PE24,Lacoste,textile,https://www.protennis.fr/35146-marketing_default/t-shirt-lacoste-ultra-dry-gros-logo-homme-rouge-pe24.jpg,70.00,35.00,50,9bcb1729-926d-4462-b949-57f991e08673,https://www.protennis.fr/58225-t-shirt-lacoste-ultra-dry-gros-logo-homme-rouge-pe24.html,active,true,,2026-09-22T18:20:25.474Z,2026-09-25T04:01:49.760Z,581e49f4-b6f1-4e8b-9746-038baf763954,Rouge
f39e85e2-5428-4f69-ae5c-66e1658e15ec,T-shirt de tennis Le Coq Sportif Homme Bleu AH24,Le Coq Sportif,textile,https://www.protennis.fr/33426-marketing_default/t-shirt-le-coq-sportif-homme-bleu-ah24.jpg,80.00,40.00,50,9bcb1729-926d-4462-b949-57f991e08673,https://www.protennis.fr/58000-t-shirt-le-coq-sportif-homme-bleu-ah24.html,active,true,,2026-09-22T18:20:26.014Z,2026-09-25T04:01:49.928Z,6b4d2928-f63b-4aa0-b5cd-b22444f6fa41,Bleu
f3a19019-ca03-4e00-9edf-b77f6b084c7e,Chaussures de tennis Adidas Solematch Control 2 Homme Blanc Rouge PE25,Adidas,chaussures,https://www.protennis.fr/36986-marketing_default/chaussures-de-tennis-adidas-solematch-control-2-homme-blanc-rouge-pe25.jpg,130.00,78.00,40,9bcb1729-926d-4462-b949-57f991e08673,https://www.protennis.fr/58319-chaussures-de-tennis-adidas-solematch-control-2-homme-blanc-rouge-pe25.html,active,true,,2026-09-22T18:20:11.756Z,2026-09-25T04:01:45.063Z,49b8e34f-68da-4360-81bc-0c70c3bd7461,Blanc Rouge
f3ba15d8-7d6e-44ae-a980-712d9c643235,Chaussures de tennis Nike Zoom GP Challenge Pro Femme Blanc Lavande,Nike,chaussures,https://www.protennis.fr/39734-marketing_default/chaussures-de-tennis-nike-zoom-gp-challenge-pro-femme-blanc-lavande.jpg,110.00,66.00,40,9bcb1729-926d-4462-b949-57f991e08673,https://www.protennis.fr/58757-chaussures-de-tennis-nike-zoom-gp-challenge-pro-femme-blanc-lavande.html,active,true,,2026-09-22T18:20:16.059Z,2026-09-25T04:01:46.249Z,a44c73a1-6709-4b14-ab92-2d4b07663edf,Blanc
f474c3c4-4407-4b31-a887-a264146d709c,Raquette de tennis Head Radical Pro 2025,Head,raquettes,https://www.protennis.fr/38203-marketing_default/raquette-de-tennis-head-radical-pro-2025.jpg,299.95,209.97,30,9bcb1729-926d-4462-b949-57f991e08673,https://www.protennis.fr/58615-raquette-de-tennis-head-radical-pro-2025.html,active,true,,2026-09-22T18:19:52.147Z,2026-09-25T04:01:39.057Z,8e10ba0c-27fa-4ef4-a383-e7f4bc59a686,
f4828119-ad95-4955-906d-5c6b7f84ff19,Short de tennis Le Coq Sportif Homme Bleu Pacific,Le Coq Sportif,textile,https://www.protennis.fr/45108-marketing_default/short-de-tennis-le-coq-sportif-homme-bleu-pacific.jpg,60.00,36.00,40,9bcb1729-926d-4462-b949-57f991e08673,https://www.protennis.fr/59469-short-de-tennis-le-coq-sportif-homme-bleu-pacific.html,active,true,,2026-09-22T18:20:25.932Z,2026-09-25T04:01:49.906Z,1b0b1d3e-f724-46a3-bf73-5c06ffbbd894,Bleu
f4b8620e-182b-420b-969c-f971d53ba1ec,Cordage de tennis HEAD VELOCITY MLT BOBINE 200m,Head,cordages,https://www.protennis.fr/23618-marketing_default/head-velocity-mlt-bobine-200m.jpg,130.00,91.00,30,9bcb1729-926d-4462-b949-57f991e08673,https://www.protennis.fr/46320-head-velocity-mlt-bobine-200m.html,active,true,,2026-09-22T18:20:01.252Z,2026-09-25T04:01:41.936Z,ca1143d6-54ea-44dd-b767-ef0956c8b4db,
f4bf668d-068f-4308-b8f7-764ce24cd0b7,Gourde de tennis Waterdrop officielle Player ATP26 Terre Battue 1L,Waterdrop,accessoires,https://www.protennis.fr/50209-marketing_default/gourde-de-tennis-waterdrop-officielle-player-atp26-terre-battue-1l.jpg,45.00,40.50,10,9bcb1729-926d-4462-b949-57f991e08673,https://www.protennis.fr/59457-gourde-de-tennis-waterdrop-officielle-player-atp26-terre-battue-1l.html,active,true,,2026-09-22T18:20:33.591Z,2026-09-25T04:01:52.223Z,fecdb6b5-8ed6-4539-bca8-a5a94cdd1cd4,
f53fbb76-582b-447d-a1b7-c745ffb87659,Raquette de tennis Babolat Pure Strike 97 2024,Babolat,raquettes,https://www.protennis.fr/29365-marketing_default/babolat-pure-strike-97-2024.jpg,300.00,150.00,50,9bcb1729-926d-4462-b949-57f991e08673,https://www.protennis.fr/57497-babolat-pure-strike-97-2024.html,active,true,,2026-09-22T18:19:48.099Z,2026-09-25T04:01:37.788Z,fdee1974-1927-4466-b53b-cd3263e8f7b4,
f5629734-ffad-45bd-a6a0-2f4ee2666d9a,Raquette de tennis Head Boom Pro 2024,Head,raquettes,https://www.protennis.fr/30392-marketing_default/raquette-de-tennis-head-boom-pro-2024.jpg,280.00,196.00,30,9bcb1729-926d-4462-b949-57f991e08673,https://www.protennis.fr/57476-raquette-de-tennis-head-boom-pro-2024.html,active,true,,2026-09-22T18:19:50.399Z,2026-09-25T04:01:38.525Z,db2455dd-f468-4aaa-be87-10556e70da20,
f59da006-e020-4439-acfd-8512294468dd,Sac à dos de tennis Head Tour 25L Orange,Head,accessoires,https://www.protennis.fr/36870-marketing_default/sac-de-tennis-head-tour-sac-a-dos-25l-orange-2025.jpg,80.00,56.00,30,9bcb1729-926d-4462-b949-57f991e08673,https://www.protennis.fr/58475-sac-de-tennis-head-tour-sac-a-dos-25l-orange-2025.html,active,true,,2026-09-22T18:20:42.884Z,2026-09-25T04:01:54.987Z,cf8357b5-aba3-46cc-8d8d-e4ac99c5a5d6,Orange
f5b578a4-9d96-4661-8929-350e640ca614,T-shirt de tennis Lacoste Novak Djokovic Homme Vert,Lacoste,textile,https://www.protennis.fr/44001-marketing_default/t-shirt-de-tennis-lacoste-novak-djokovic-homme-vert.jpg,85.00,51.00,40,9bcb1729-926d-4462-b949-57f991e08673,https://www.protennis.fr/59343-t-shirt-de-tennis-lacoste-novak-djokovic-homme-vert.html,active,true,,2026-09-22T18:20:24.790Z,2026-09-25T04:01:49.544Z,b777852a-ca86-4c81-bfc3-e727298a1954,Vert
f5e24f5c-f028-4b3a-87dc-e47cadb53ad2,Short Le Coq Sportif Yannick Noah Homme Blanc Jaune PE24,Le Coq Sportif,textile,https://www.protennis.fr/33339-marketing_default/short-le-coq-sportif-yannick-noah-homme-blanc-jaune-pe24.jpg,70.00,35.00,50,9bcb1729-926d-4462-b949-57f991e08673,https://www.protennis.fr/57993-short-le-coq-sportif-yannick-noah-homme-blanc-jaune-pe24.html,active,true,,2026-09-22T18:20:26.240Z,2026-09-25T04:01:49.995Z,9b5ab241-999a-4e1f-9548-5bd0e2fd54e7,Blanc Jaune
f5fb8498-149c-44ed-887b-ce130b47c283,Raquette de tennis Yonex V Core 100 Rouge,Yonex,raquettes,https://www.protennis.fr/44748-marketing_default/raquette-de-tennis-yonex-v-core-100-rouge-.jpg,299.00,239.20,20,9bcb1729-926d-4462-b949-57f991e08673,https://www.protennis.fr/59449-raquette-de-tennis-yonex-v-core-100-rouge-.html,active,true,,2026-09-22T18:19:58.806Z,2026-09-25T04:01:41.120Z,b2d427c7-2c2b-4237-a2f7-73f91365ec5f,Rouge
f6005049-8719-4e91-9bd7-218ee6a22bcd,Raquette de tennis Pure Strike 98 16x19 Carbon,Babolat,raquettes,https://www.protennis.fr/41917-marketing_default/raquette-de-tennis-pure-strike-98-16x19-carbon.jpg,269.95,188.97,30,9bcb1729-926d-4462-b949-57f991e08673,https://www.protennis.fr/59088-raquette-de-tennis-pure-strike-98-16x19-carbon.html,active,true,,2026-09-22T18:19:47.815Z,2026-09-25T04:01:37.700Z,5a997b2d-d03d-4120-a1c2-d309c55ad280,
f60bd097-819d-4685-8e04-b1759dee3d94,Surgrip de tennis WILSON PRO OVERGRIP PACK 3 VERT,Wilson,accessoires,https://www.protennis.fr/2457-marketing_default/wilson-pro-overgrip-pack-3-vert.jpg,9.50,6.65,30,9bcb1729-926d-4462-b949-57f991e08673,https://www.protennis.fr/46152-wilson-pro-overgrip-pack-3-vert.html,active,true,,2026-09-22T18:20:36.227Z,2026-09-25T04:01:52.999Z,0c10f36e-f6c9-4b4b-bf21-a62470893aaa,Vert
f60e079a-ba0d-408b-9e7c-90115beba336,Chaussures de tennis New Balance Coco CG2 Femme,New Balance,chaussures,https://www.protennis.fr/45058-marketing_default/chaussures-de-tennis-new-balance-coco-cg2-femme.jpg,170.00,102.00,40,9bcb1729-926d-4462-b949-57f991e08673,https://www.protennis.fr/59464-chaussures-de-tennis-new-balance-coco-cg2-femme.html,active,true,,2026-09-22T18:20:08.271Z,2026-09-25T04:01:44.041Z,e80ddece-804e-45dd-ace7-9848f667c969,
f6121cc4-a05b-49dd-94c2-5cdb95a3299f,Antivibrateur de tennis Babolat Aero Damp x2 Gen9,Babolat,accessoires,https://www.protennis.fr/46371-marketing_default/antivibrateur-de-tennis-babolat-aero-damp-x2-gen9.jpg,8.50,8.49,0,9bcb1729-926d-4462-b949-57f991e08673,https://www.protennis.fr/59618-antivibrateur-de-tennis-babolat-aero-damp-x2-gen9.html,active,true,,2026-09-22T18:20:33.566Z,2026-09-25T04:01:52.212Z,25074834-1b2c-44a6-b2a9-50f6e2fe5c1f,
f62c856c-8138-4fa8-8aaf-ecd436798255,Debardeur de tennis Nike Advantage Femme Blanc,Nike,textile,https://www.protennis.fr/47618-marketing_default/debardeur-de-tennis-nike-advantage-femme-blanc.jpg,59.99,35.99,40,9bcb1729-926d-4462-b949-57f991e08673,https://www.protennis.fr/59760-debardeur-de-tennis-nike-advantage-femme-blanc.html,active,true,,2026-09-22T18:20:27.860Z,2026-09-25T04:01:50.487Z,11e6639a-ad72-443f-ac70-4ca58eb80069,Blanc
f63dc1c9-3087-4eb3-a331-4facdfeaee62,Cordage de tennis LUXILON ALU POWER SOFT 125 GARNITURE,Luxilon,cordages,https://www.protennis.fr/5193-marketing_default/luxilon-alu-power-soft-125-garniture.jpg,26.00,18.20,30,9bcb1729-926d-4462-b949-57f991e08673,https://www.protennis.fr/36000-luxilon-alu-power-soft-125-garniture.html,active,true,,2026-09-22T18:20:02.153Z,2026-09-25T04:01:42.201Z,62236967-70e6-4445-bc4e-f8141bc1cb77,
f663dfd3-ee6c-445c-ac55-d6e9572c3238,Raquette de tennis Wilson Ultra 25 V5,Wilson,raquettes,https://www.protennis.fr/40941-marketing_default/raquette-de-tennis-wilson-ultra-25-v5.jpg,110.00,77.00,30,9bcb1729-926d-4462-b949-57f991e08673,https://www.protennis.fr/58964-raquette-de-tennis-wilson-ultra-25-v5.html,active,true,,2026-09-22T18:19:57.039Z,2026-09-25T04:01:40.594Z,0549d35f-1de1-4551-93d3-a74ef669a518,
f66a27b6-d135-4bba-b110-883ae5f55cbd,Cordage de tennis LUXILON ELEMENT 130 GARNITURE,Luxilon,cordages,https://www.protennis.fr/359-marketing_default/luxilon-element-130-garniture.jpg,21.00,14.70,30,9bcb1729-926d-4462-b949-57f991e08673,https://www.protennis.fr/52806-luxilon-element-130-garniture.html,active,true,,2026-09-22T18:20:01.128Z,2026-09-25T04:01:41.914Z,0ee73b5a-8af2-4b1d-8973-1901d10649e3,
f67a8725-7d7d-406c-a328-75e76061f4da,Short Homme Adidas Y3 Ergo Noir,Adidas,textile,https://www.protennis.fr/42535-marketing_default/short-homme-adidas-y3-ergo-noir.jpg,70.00,42.00,40,9bcb1729-926d-4462-b949-57f991e08673,https://www.protennis.fr/59161-short-homme-adidas-y3-ergo-noir.html,active,true,,2026-09-22T18:20:19.263Z,2026-09-25T04:01:47.530Z,93fdef76-517a-4edd-82cf-045f9ca2a1e8,Noir
f68f75c9-7eba-4ea7-997f-0c0cc57396b1,Raquette de tennis Babolat Pure Drive + Gen11,Babolat,raquettes,https://www.protennis.fr/36377-marketing_default/raquette-de-tennis-babolat-pure-drive-gen11.jpg,270.00,189.00,30,9bcb1729-926d-4462-b949-57f991e08673,https://www.protennis.fr/58398-raquette-de-tennis-babolat-pure-drive-gen11.html,active,true,,2026-09-22T18:19:48.942Z,2026-09-25T04:01:38.060Z,d3d3eedc-ae6b-422b-9a22-5a5cfa8efd56,
f6aaf91c-71ee-4752-a654-b0edbca7a07a,Raquette de tennis Babolat Pure Strike Lite 2024,Babolat,raquettes,https://www.protennis.fr/29314-marketing_default/babolat-pure-strike-lite-2024.jpg,230.00,115.00,50,9bcb1729-926d-4462-b949-57f991e08673,https://www.protennis.fr/57491-babolat-pure-strike-lite-2024.html,active,true,,2026-09-22T18:19:48.303Z,2026-09-25T04:01:37.856Z,6dfea422-0b02-4f48-a69e-9212f91cc7d0,
f6b1d2e0-bb22-4709-a135-7c2fef49ee36,Sac à dos de tennis Head Tour Backpack 25L Turquoise,Head,accessoires,https://www.protennis.fr/45472-marketing_default/sac-a-dos-de-tennis-head-tour-backpack-25l-turquoise.jpg,80.00,56.00,30,9bcb1729-926d-4462-b949-57f991e08673,https://www.protennis.fr/59508-sac-a-dos-de-tennis-head-tour-backpack-25l-turquoise.html,active,true,,2026-09-22T18:20:39.149Z,2026-09-25T04:01:53.919Z,a9ec7fb8-9cfc-4a4b-8b50-9f96e779625a,Turquoise
f6d0b015-6fc3-4669-97b1-74df33da1ee4,Cordage de tennis Head Rip Control 125 Noir Bobine 200 mètres,Head,cordages,https://www.protennis.fr/19966-marketing_default/head-rip-control-125-noir-bobine-200-metres.jpg,160.00,89.00,44,9bcb1729-926d-4462-b949-57f991e08673,https://www.protennis.fr/55570-head-rip-control-125-noir-bobine-200-metres.html,active,true,,2026-09-22T18:20:00.489Z,2026-09-25T04:01:41.634Z,8152d565-039e-4e69-a29d-537d12f0adeb,Noir
f7268077-7456-4c21-897b-7b98149a78c7,Sweat de tennis Femme Adidas Cover Up Black,Adidas,textile,https://www.protennis.fr/50983-marketing_default/sweat-de-tennis-femme-adidas-cover-up-black.jpg,80.00,64.00,20,9bcb1729-926d-4462-b949-57f991e08673,https://www.protennis.fr/60091-sweat-de-tennis-femme-adidas-cover-up-black.html,active,true,,2026-09-25T04:01:47.048Z,2026-09-25T04:01:47.048Z,7904a1dc-3807-47ea-99e7-8bca51c78a57,
f726e651-076a-4b2d-936d-0a4cf9725f16,Chaussures de tennis Yonex Power Cushion AD Accel Homme Beige,Yonex,chaussures,https://www.protennis.fr/42669-marketing_default/chaussures-de-tennis-yonex-power-cushion-ad-accel-homme-beige.jpg,160.00,96.00,40,9bcb1729-926d-4462-b949-57f991e08673,https://www.protennis.fr/59196-chaussures-de-tennis-yonex-power-cushion-ad-accel-homme-beige.html,active,true,,2026-09-22T18:20:09.602Z,2026-09-25T04:01:44.454Z,4bf68a13-a8ba-4e58-8631-94f712ae25de,Beige
f72cfd4a-ad33-47f7-9812-9706a85fb3ca,T-shirt de tennis Lacoste Ultra Dry Homme Blanc Vert AH24,Lacoste,textile,https://www.protennis.fr/35209-marketing_default/t-shirt-lacoste-ultra-dry-homme-blanc-vert-ah24.jpg,70.00,42.00,40,9bcb1729-926d-4462-b949-57f991e08673,https://www.protennis.fr/58238-t-shirt-lacoste-ultra-dry-homme-blanc-vert-ah24.html,active,true,,2026-09-22T18:20:25.216Z,2026-09-25T04:01:49.690Z,331226f8-8ec6-40ca-a862-ec7c38e4f466,Blanc Vert
f766fddd-8324-4168-8a67-1155f5c7c371,Chaussures de tennis Wilson Rush Tour 5 Homme White Bay Fiery,Wilson,chaussures,https://www.protennis.fr/47939-marketing_default/chaussures-de-tennis-wilson-rush-tour-5-homme-white-bay-fiery.jpg,200.00,120.00,40,9bcb1729-926d-4462-b949-57f991e08673,https://www.protennis.fr/59804-chaussures-de-tennis-wilson-rush-tour-5-homme-white-bay-fiery.html,active,true,,2026-09-22T18:20:12.527Z,2026-09-25T04:01:45.277Z,90edd245-cc0d-4c86-8008-27d0245d273d,Blanc
f77aaaa3-9160-4f87-b058-3c82038520c0,Cordage de tennis Yonex Polytour Pro 120 Jaune Bobine 200m,Yonex,cordages,https://www.protennis.fr/25516-marketing_default/yonex-polytour-pro-120-jaune-bobine-200m.jpg,165.00,115.50,30,9bcb1729-926d-4462-b949-57f991e08673,https://www.protennis.fr/56846-yonex-polytour-pro-120-jaune-bobine-200m.html,active,true,,2026-09-22T18:20:03.872Z,2026-09-25T04:01:42.727Z,5309f0c5-d949-4f4e-ba92-7c6feb96442d,Jaune
f7c0127e-1891-4a74-9fcf-52fbc03de36b,Chaussures de tennis Nike Vapor Lite 3 Homme Noir,Nike,chaussures,https://www.protennis.fr/43119-marketing_default/chaussures-de-tennis-nike-vapor-lite-3-homme-noir.jpg,85.00,51.00,40,9bcb1729-926d-4462-b949-57f991e08673,https://www.protennis.fr/59236-chaussures-de-tennis-nike-vapor-lite-3-homme-noir.html,active,true,,2026-09-22T18:20:09.454Z,2026-09-25T04:01:44.406Z,153a453b-76c9-45c1-8c03-120d9b79bacf,Noir
f7ce59a6-37f9-47fe-a3aa-4ae715b3a898,Balles de tennis Babolat Team All Court Tubes de 4 Balles,Babolat,accessoires,https://www.protennis.fr/38438-marketing_default/balles-de-tennis-babolat-team-all-court-tubes-de-4-balles.jpg,8.50,7.60,11,9bcb1729-926d-4462-b949-57f991e08673,https://www.protennis.fr/58662-balles-de-tennis-babolat-team-all-court-tubes-de-4-balles.html,active,true,,2026-09-22T18:20:36.662Z,2026-09-25T04:01:53.165Z,844fe895-034b-40a3-acdb-f7979d04759d,
f7f8b26e-4196-4ac0-8971-10ef849197ec,Lot de trois paires de chaussettes de sport Lacoste blanches,Lacoste,textile,https://www.protennis.fr/21950-marketing_default/lacoste-chaussettes-ah22.jpg,40.00,24.00,40,9bcb1729-926d-4462-b949-57f991e08673,https://www.protennis.fr/55815-lacoste-chaussettes-ah22.html,active,true,,2026-09-22T18:20:24.094Z,2026-09-25T04:01:49.331Z,3b055aa4-2e52-425c-b98f-07f5bc8ab95b,
f826c641-b7d4-440b-bc97-78f4debf7f79,Sac de tennis Head Tour Racquet Bag XL Vert fluo,Head,accessoires,https://www.protennis.fr/37178-marketing_default/sac-de-tennis-head-tour-racquet-bag-xl-vert-fluo.jpg,130.00,91.00,30,9bcb1729-926d-4462-b949-57f991e08673,https://www.protennis.fr/58479-sac-de-tennis-head-tour-racquet-bag-xl-vert-fluo.html,active,true,,2026-09-22T18:20:42.783Z,2026-09-25T04:01:54.953Z,3e6643ff-8fd3-4ce8-a44d-5498b531a5a0,Vert
f83227ac-faec-4561-a8eb-4c03cd8579c4,Chaussures de tennis Yonex Eclipsion 5 Homme Rouge,Yonex,chaussures,https://www.protennis.fr/38327-marketing_default/chaussures-de-tennis-yonex-eclipsion-5-homme-rouge.jpg,189.90,113.94,40,9bcb1729-926d-4462-b949-57f991e08673,https://www.protennis.fr/58638-chaussures-de-tennis-yonex-eclipsion-5-homme-rouge.html,active,true,,2026-09-22T18:20:16.210Z,2026-09-25T04:01:46.304Z,6f5ca42a-0fff-4722-a752-4a543958b327,Rouge
f848d9b9-d8a9-4acd-bc5a-c54811e37f54,Chaussures de tennis Asics Court FF 3 Novak Homme Bleu PE25,Asics,chaussures,https://www.protennis.fr/35713-marketing_default/chaussures-de-tennis-asics-court-ff-3-novak-homme-bleu-pe25.jpg,190.00,114.00,40,9bcb1729-926d-4462-b949-57f991e08673,https://www.protennis.fr/58271-chaussures-de-tennis-asics-court-ff-3-novak-homme-bleu-pe25.html,active,true,,2026-09-22T18:20:16.582Z,2026-09-25T04:01:46.371Z,c207127b-205c-47b9-82a6-b8a010f57382,Bleu
f8493f22-59bf-4b02-9fc2-d49cb9c82a9b,Raquette de tennis Head Gravity Jr 25 2025,Head,raquettes,https://www.protennis.fr/36229-marketing_default/raquette-de-tennis-head-gravity-jr-25-2025.jpg,120.00,84.00,30,9bcb1729-926d-4462-b949-57f991e08673,https://www.protennis.fr/58377-raquette-de-tennis-head-gravity-jr-25-2025.html,active,true,,2026-09-22T18:19:50.990Z,2026-09-25T04:01:38.718Z,49a1d080-021b-4f60-84a2-41e820d0a7f4,
f85ade38-29c8-4185-bd31-a2bd021c20c8,Surgrip de tennis Babolat VS Original Blanc x3,Babolat,accessoires,https://www.protennis.fr/38378-marketing_default/babolat-vs-original-x3.jpg,9.00,6.30,30,9bcb1729-926d-4462-b949-57f991e08673,https://www.protennis.fr/54112-babolat-vs-original-x3.html,active,true,,2026-09-22T18:20:34.486Z,2026-09-25T04:01:52.481Z,a56b888f-8958-4686-a097-4cf6e7185039,Blanc
f86788af-9992-4b0a-a162-49a527470ad5,Sac de tennis Wilson Defyer Sac 9 Raquettes,Wilson,accessoires,https://www.protennis.fr/49502-marketing_default/sac-de-tennis-wilson-defyer-sac-9-raquettes.jpg,130.00,129.99,0,9bcb1729-926d-4462-b949-57f991e08673,https://www.protennis.fr/59952-sac-de-tennis-wilson-defyer-sac-9-raquettes.html,active,true,,2026-09-22T18:20:37.811Z,2026-09-25T04:01:53.528Z,fa7a36ec-1bd5-4b9f-8242-42460c47e79e,
f895b419-2338-428a-9243-7ed9182a173c,Short de tennis Nike Victory 9 Homme Noir,Nike,textile,https://www.protennis.fr/46125-marketing_default/short-nike-victory-9-homme-noir.jpg,45.00,27.00,40,9bcb1729-926d-4462-b949-57f991e08673,https://www.protennis.fr/59593-short-nike-victory-9-homme-noir.html,active,true,,2026-09-22T18:20:28.782Z,2026-09-25T04:01:50.776Z,9cdb5935-0edf-441b-be58-d02381ecf532,Noir
f8b49644-e57a-4847-8a5a-f8f0f81d86e1,Sac de tennis Head Tour Racquet Bag S Vert Fluo,Head,accessoires,https://www.protennis.fr/37189-marketing_default/sac-de-tennis-head-tour-racquet-bag-s-vert-fluo.jpg,80.00,56.00,30,9bcb1729-926d-4462-b949-57f991e08673,https://www.protennis.fr/58477-sac-de-tennis-head-tour-racquet-bag-s-vert-fluo.html,active,true,,2026-09-22T18:20:40.449Z,2026-09-25T04:01:54.337Z,168b693e-8316-4ae6-8065-38707b9abb97,Vert
f8f8f0af-658c-480c-9cd0-a32d591fec3c,T-shirt Homme Adidas Seasonal Printed Olive,Adidas,textile,https://www.protennis.fr/42602-marketing_default/t-shirt-homme-adidas-seasonal-printed-olive-.jpg,35.00,21.00,40,9bcb1729-926d-4462-b949-57f991e08673,https://www.protennis.fr/59153-t-shirt-homme-adidas-seasonal-printed-olive-.html,active,true,,2026-09-22T18:20:19.949Z,2026-09-25T04:01:47.706Z,57c78412-1194-4f84-b9e2-e5f2a591d75c,
f8fccf26-c448-410c-9171-d490143cd8bb,Raquette de tennis Yonex Ezone Sonic 2023,Yonex,raquettes,https://www.protennis.fr/24506-marketing_default/yonex-ezone-sonic-2023.jpg,160.00,89.00,44,9bcb1729-926d-4462-b949-57f991e08673,https://www.protennis.fr/56751-yonex-ezone-sonic-2023.html,active,true,,2026-09-22T10:32:42.975Z,2026-09-25T04:01:41.109Z,6bb0e2ee-7a88-4ecb-9ae2-eaac78549a29,
f92683b9-c619-49d5-9b2b-db5a201527a6,Chaussures de tennis Wilson Rush Pro 4.5 USO Homme Blanc rouge,Wilson,chaussures,https://www.protennis.fr/43269-marketing_default/chaussures-de-tennis-wilson-rush-pro-45-uso-homme-blanc-rouge.jpg,140.00,84.00,40,9bcb1729-926d-4462-b949-57f991e08673,https://www.protennis.fr/59251-chaussures-de-tennis-wilson-rush-pro-45-uso-homme-blanc-rouge.html,active,true,,2026-09-22T18:20:13.854Z,2026-09-25T04:01:45.667Z,4cff9481-7c15-4e39-8791-59dce7ba0138,Blanc Rouge
f94450e6-8002-4bd6-8dbb-db489b09a9bf,Veste à capuche de tennis Enfant Nike Club Oversize Noir,Nike,textile,https://www.protennis.fr/36918-marketing_default/veste-a-capuche-enfant-nike-club-oversize-noir.jpg,50.00,30.00,40,9bcb1729-926d-4462-b949-57f991e08673,https://www.protennis.fr/58411-veste-a-capuche-enfant-nike-club-oversize-noir.html,active,true,,2026-09-22T18:20:31.951Z,2026-09-25T04:01:51.683Z,ccf7792a-5571-4619-8118-275634e662f8,Noir
f9536f4d-39b9-4ad6-819d-55141c14c3fa,Cordage de tennis GARNITURE TECNIFIBRE X-ONE BIPHASE 130 NATUREL,Tecnifibre,cordages,https://www.protennis.fr/40773-marketing_default/garniture-tecnifibre-x-one-biphase-130-naturel.jpg,30.00,22.50,25,9bcb1729-926d-4462-b949-57f991e08673,https://www.protennis.fr/14908-garniture-tecnifibre-x-one-biphase-130-naturel.html,active,true,,2026-09-22T18:20:03.459Z,2026-09-25T04:01:42.594Z,e012aefc-1330-4ce0-b59f-c4536095d8ce,
f956e493-7ba0-46dc-99ec-2c674da69fc4,Short Enfant Nike Multi Blanc,Nike,textile,https://www.protennis.fr/28015-marketing_default/nike-short-enfant-blanc-automne-2023.jpg,20.00,12.00,40,9bcb1729-926d-4462-b949-57f991e08673,https://www.protennis.fr/57077-nike-short-enfant-blanc-automne-2023.html,active,true,,2026-09-22T18:20:28.546Z,2026-09-25T04:01:50.696Z,b82f9bbc-f786-49e0-b772-1b3477ed2772,Blanc
f958c3c1-f14c-42d8-86b1-d654160caefd,Chaussures de tennis Nike Vapor Pro 3 PRM Femme Mint,Nike,chaussures,https://www.protennis.fr/50669-marketing_default/chaussures-de-tennis-nike-vapor-pro-3-prm-femme-mint.jpg,139.99,97.99,30,9bcb1729-926d-4462-b949-57f991e08673,https://www.protennis.fr/60053-chaussures-de-tennis-nike-vapor-pro-3-prm-femme-mint.html,active,true,,2026-09-22T18:20:04.827Z,2026-09-25T04:01:42.976Z,861ef30b-9da6-4a45-9eee-a69c8c367f5b,
f95aa92a-1906-41af-9e18-d708e7391d2e,Chaussures de tennis Nike Air Zoom Vapor 12 Femme Blanc Mint,Nike,chaussures,https://www.protennis.fr/41413-marketing_default/chaussures-de-tennis-nike-air-zoom-vapor-12-femme-blanc-mint.jpg,160.00,96.00,40,9bcb1729-926d-4462-b949-57f991e08673,https://www.protennis.fr/59024-chaussures-de-tennis-nike-air-zoom-vapor-12-femme-blanc-mint.html,active,true,,2026-09-22T18:20:14.573Z,2026-09-25T04:01:45.846Z,9c0496b2-0f72-419d-a03b-0c38954a0a94,Blanc
f95d053d-7781-4ade-b368-1785fd7fec4b,Sweat de tennis Nike Fleece Heritage Homme Gris clair,Nike,textile,https://www.protennis.fr/36760-marketing_default/sweat-nike-fleece-heritage-homme-gris-clair.jpg,80.00,48.00,40,9bcb1729-926d-4462-b949-57f991e08673,https://www.protennis.fr/58448-sweat-nike-fleece-heritage-homme-gris-clair.html,active,true,,2026-09-22T18:20:31.773Z,2026-09-25T04:01:51.627Z,bb9ca69b-e7e4-40a8-b497-482acaaef269,Gris
f974cfa7-dbac-4724-8e5f-ec5146b121a6,Raquette de tennis Prince Beast 100 RED Limited Edition (265g) 2024,Prince,raquettes,https://www.protennis.fr/39024-marketing_default/raquette-de-tennis-prince-beast-100-red-265g-2024.jpg,209.95,149.00,29,9bcb1729-926d-4462-b949-57f991e08673,https://www.protennis.fr/58737-raquette-de-tennis-prince-beast-100-red-265g-2024.html,active,true,,2026-09-22T18:19:53.373Z,2026-09-25T04:01:39.474Z,18f955bf-6912-4b82-a671-a95b4bf3a8ee,Rouge
f976a33a-bbc3-4b9d-a8e7-b7c16d5a6441,Chaussures de tennis Asics Gel Resolution X Homme Night Energy,Asics,chaussures,https://www.protennis.fr/50450-marketing_default/chaussures-de-tennis-asics-gel-resolution-x-homme-night-energy.jpg,160.00,128.00,20,9bcb1729-926d-4462-b949-57f991e08673,https://www.protennis.fr/60035-chaussures-de-tennis-asics-gel-resolution-x-homme-night-energy.html,active,true,,2026-09-22T18:20:05.144Z,2026-09-25T04:01:43.086Z,6438416b-3fdd-40e4-89e2-ffd7ade9b9cc,
f982f4cc-f0e3-4039-8279-1f239618f5cb,Chaussures de tennis Asics Gel Resolution X Enfant Blanc bleu,Asics,chaussures,https://www.protennis.fr/40756-marketing_default/chaussures-de-tennis-asics-gel-resolution-x-enfant-blanc-bleu.jpg,90.00,54.00,40,9bcb1729-926d-4462-b949-57f991e08673,https://www.protennis.fr/58920-chaussures-de-tennis-asics-gel-resolution-x-enfant-blanc-bleu.html,active,true,,2026-09-22T18:20:10.446Z,2026-09-25T04:01:44.688Z,105b14b3-4f02-4d92-81fa-849500fccde4,Blanc Bleu
f9b46784-b071-4e8e-b746-a2f249623025,Chaussures de tennis Nike Court Lite 4 Homme Bleu Jaune,Nike,chaussures,https://www.protennis.fr/41592-marketing_default/chaussures-de-tennis-nike-court-lite-4-homme-bleu-jaune.jpg,75.00,45.00,40,9bcb1729-926d-4462-b949-57f991e08673,https://www.protennis.fr/59052-chaussures-de-tennis-nike-court-lite-4-homme-bleu-jaune.html,active,true,,2026-09-22T18:20:14.548Z,2026-09-25T04:01:45.835Z,a0193518-cc47-46b2-aa3c-a72eec685ab1,Bleu Jaune
f9bae334-7b98-49ba-9bd2-a32f8f0a3b66,Chaussettes de tennis NIKE DRY CUSH SOCKS 3 PAIRES HAUTES DRI-FIT NOIRES,Nike,textile,https://www.protennis.fr/1414-marketing_default/nike-dry-cush-socks-3-paires-hautes-dri-fit-noires.jpg,23.00,20.70,10,9bcb1729-926d-4462-b949-57f991e08673,https://www.protennis.fr/43257-nike-dry-cush-socks-3-paires-hautes-dri-fit-noires.html,active,true,,2026-09-22T18:20:33.053Z,2026-09-25T04:01:52.044Z,921e8061-0974-42ab-8d3f-d29940e488a4,
f9e3506e-0984-4b41-94e4-fb969361d302,Antivibrateur de tennis Wilson Pro feel Blade V10,Wilson,accessoires,https://www.protennis.fr/48496-marketing_default/antivibrateur-de-tennis-wilson-pro-feel-blade-v10.jpg,8.00,7.99,0,9bcb1729-926d-4462-b949-57f991e08673,https://www.protennis.fr/59840-antivibrateur-de-tennis-wilson-pro-feel-blade-v10.html,active,true,,2026-09-22T18:20:33.486Z,2026-09-25T04:01:52.188Z,d1b06781-d0ac-42d9-a2f6-bdfd9da724d5,
fa67e025-e554-49c0-b80b-dd16db06e1d4,Jupe de tennis Asics Fille Bluebell,Asics,textile,https://www.protennis.fr/50949-marketing_default/jupe-de-tennis-asics-fille-bluebell.jpg,40.00,32.00,20,9bcb1729-926d-4462-b949-57f991e08673,https://www.protennis.fr/60085-jupe-de-tennis-asics-fille-bluebell.html,active,true,,2026-09-24T04:01:52.779Z,2026-09-25T04:01:48.604Z,e3bf0a0f-378f-41bc-b26c-aca4ae3bdf0b,
fa9f70bb-e305-45af-9813-b5dc91861895,T-shirt de tennis femme Asics Court Graphic SS Top Femme PE23,Asics,textile,https://www.protennis.fr/25579-marketing_default/asics-court-graphic-ss-top-femme-pe23.jpg,40.00,20.00,50,9bcb1729-926d-4462-b949-57f991e08673,https://www.protennis.fr/56538-asics-court-graphic-ss-top-femme-pe23.html,active,true,,2026-09-22T18:20:22.962Z,2026-09-25T04:01:48.957Z,5d75f7d8-5504-4009-8140-3c04a0714233,
fad2ee59-4c8a-4ac4-b3c7-24b78ac3748f,Antivibrateur de tennis WILSON PRO FEEL,Wilson,accessoires,https://www.protennis.fr/20059-marketing_default/wilson-pro-feel.jpg,8.00,5.60,30,9bcb1729-926d-4462-b949-57f991e08673,https://www.protennis.fr/13024-wilson-pro-feel.html,active,true,,2026-09-22T18:20:35.559Z,2026-09-25T04:01:52.779Z,fd119c15-8898-42c0-ba19-0fd552b9d778,
fadbb052-6932-4de3-9329-891fb2950dcf,Chaussures de tennis Head Revolt Evo 5.0 Homme Myrtille Turquoise,Head,chaussures,https://www.protennis.fr/50063-marketing_default/chaussures-de-tennis-head-revolt-pro-50-homme-blanc-marine.jpg,130.00,64.00,51,9bcb1729-926d-4462-b949-57f991e08673,https://www.protennis.fr/59995-chaussures-de-tennis-head-revolt-pro-50-homme-blanc-marine.html,active,true,,2026-09-22T18:20:05.814Z,2026-09-25T04:01:43.293Z,5f6ea0da-7aa6-40d7-bb68-2e9fda07c98a,Turquoise
fae544b4-0102-4446-b3ec-043032628cb4,Raquette de tennis Wilson Blade 100 UL V10,Wilson,raquettes,https://www.protennis.fr/48331-marketing_default/raquette-de-tennis-wilson-blade-100-ul-v10.jpg,240.00,192.00,20,9bcb1729-926d-4462-b949-57f991e08673,https://www.protennis.fr/59829-raquette-de-tennis-wilson-blade-100-ul-v10.html,active,true,,2026-09-22T18:19:57.534Z,2026-09-25T04:01:40.811Z,6f5dbcce-5a85-4f82-bae9-87657b96ce73,
fb7ebb69-d595-4b07-bba7-3217c3003a6c,T-Shirt de tennis Adidas Climacool FreeLift Homme Cyan,Adidas,textile,https://www.protennis.fr/48444-marketing_default/t-shirt-de-tennis-adidas-climacool-freelift-homme-cyan.jpg,60.00,36.00,40,9bcb1729-926d-4462-b949-57f991e08673,https://www.protennis.fr/59842-t-shirt-de-tennis-adidas-climacool-freelift-homme-cyan.html,active,true,,2026-09-22T18:20:18.945Z,2026-09-25T04:01:47.431Z,17ab967c-2297-4f17-b55b-64a4806170f4,
fbacdc85-cdc3-41ff-959c-130ef33327bc,Chaussures de tennis Adidas Barricade Femme Blanc Parme,Adidas,chaussures,https://www.protennis.fr/42698-marketing_default/chaussures-de-tennis-adidas-barricade-femme-blanc-parme.jpg,150.00,90.00,40,9bcb1729-926d-4462-b949-57f991e08673,https://www.protennis.fr/59136-chaussures-de-tennis-adidas-barricade-femme-blanc-parme.html,active,true,,2026-09-22T18:20:09.856Z,2026-09-25T04:01:44.530Z,89333a90-d677-484b-9948-09352d3bdee8,Blanc
fbdc9362-2d6b-4b48-ae05-5001f7bc388b,Cordage de tennis LUXILON ELEMENT 125 BOBINE 200m,Luxilon,cordages,https://www.protennis.fr/341-marketing_default/luxilon-element-125-bobine-200m.jpg,270.00,189.00,30,9bcb1729-926d-4462-b949-57f991e08673,https://www.protennis.fr/43817-luxilon-element-125-bobine-200m.html,active,true,,2026-09-22T18:20:01.873Z,2026-09-25T04:01:42.113Z,1ecb3673-2a25-4a72-84d2-bb09164804e5,
fc62aa34-e150-458d-95ab-1e24bfe9db2e,Raquette de tennis Prince Tour 100 (310g) 2023,Prince,raquettes,https://www.protennis.fr/28767-marketing_default/prince-tour-100-310g-2023.jpg,230.00,161.00,30,9bcb1729-926d-4462-b949-57f991e08673,https://www.protennis.fr/57362-prince-tour-100-310g-2023.html,active,true,,2026-09-22T18:19:53.985Z,2026-09-25T04:01:39.666Z,1d9d6868-3c55-4ead-ba5a-620f699ef4a4,
fcb8f24c-6b39-42db-bae5-1955c5d34d47,Raquette de tennis Lacoste L23 Light 275 gr Non Cordée,Lacoste,raquettes,https://www.protennis.fr/49240-marketing_default/raquette-de-tennis-lacoste-l23-light-275-gr-non-cordee.jpg,299.99,74.00,75,9bcb1729-926d-4462-b949-57f991e08673,https://www.protennis.fr/59922-raquette-de-tennis-lacoste-l23-light-275-gr-non-cordee.html,active,true,,2026-09-22T10:32:41.615Z,2026-09-25T04:01:39.369Z,fea570f5-72bf-4cf3-a33d-5552c6f60cd9,
fd1b39c3-c538-4f06-8edc-b4a4ec91624b,Short de tennis Nike Court Slam RG Homme Vert,Nike,textile,https://www.protennis.fr/49135-marketing_default/short-de-tennis-nike-court-slam-rg-homme-vert.jpg,89.99,53.99,40,9bcb1729-926d-4462-b949-57f991e08673,https://www.protennis.fr/59906-short-de-tennis-nike-court-slam-rg-homme-vert.html,active,true,,2026-09-22T18:20:28.366Z,2026-09-25T04:01:50.651Z,e59f2d34-1a51-4697-ac88-ee097514e251,Vert
fd32aff5-d806-4819-b1c6-a3954f105d45,Chaussures de tennis Nike Air Vapor Pro 3 Femme Creme Rouge,Nike,chaussures,https://www.protennis.fr/41455-marketing_default/chaussures-de-tennis-nike-air-vapor-pro-3-femme-creme-rouge.jpg,130.00,78.00,40,9bcb1729-926d-4462-b949-57f991e08673,https://www.protennis.fr/59022-chaussures-de-tennis-nike-air-vapor-pro-3-femme-creme-rouge.html,active,true,,2026-09-22T18:20:10.037Z,2026-09-25T04:01:44.586Z,a7002f69-1a20-4ae2-8509-565d099dab1b,Rouge
fd445f6e-b78c-470e-bf0f-3c51e06d72c8,Raquette de tennis Head Speed Pro 2024,Head,raquettes,https://www.protennis.fr/44386-marketing_default/raquette-de-tennis-head-speed-pro-2024.jpg,300.00,169.00,44,9bcb1729-926d-4462-b949-57f991e08673,https://www.protennis.fr/59393-raquette-de-tennis-head-speed-pro-2024.html,active,true,,2026-09-22T18:19:51.480Z,2026-09-25T04:01:38.875Z,8a6c22a4-26b3-45d5-9b1b-62fdb8c7076e,
fd5d437b-0262-4921-b376-7465ac56ae51,Casquette de tennis Nike Advantage Club Casquette Blanc,Nike,textile,https://www.protennis.fr/27561-marketing_default/nike-advantage-club-casquette-blanc-2023.jpg,30.00,18.00,40,9bcb1729-926d-4462-b949-57f991e08673,https://www.protennis.fr/57071-nike-advantage-club-casquette-blanc-2023.html,active,true,,2026-09-22T18:20:28.571Z,2026-09-25T04:01:50.707Z,114438a9-d8b4-481a-92c9-ffe79c7a764f,Blanc
fdadead7-0028-420d-a130-3a2008571164,Raquette de tennis Wilson Clash 100 S Non cordée,Wilson,raquettes,https://www.protennis.fr/20230-marketing_default/wilson-clash-100-s-non-cordee.jpg,240.00,144.00,40,9bcb1729-926d-4462-b949-57f991e08673,https://www.protennis.fr/55676-wilson-clash-100-s-non-cordee.html,active,true,,2026-09-22T10:32:42.730Z,2026-09-25T04:01:40.474Z,6d0ba355-331f-49d2-818d-d9f1b6964b17,
fdbc4b57-8934-4192-b00c-77a7c22c0f64,Chaussures de tennis Rush Pro 4.5 Homme Blanc vert,Wilson,chaussures,https://www.protennis.fr/37983-marketing_default/chaussures-de-tennis-rush-pro-45-homme-blanc-vert.jpg,140.00,84.00,40,9bcb1729-926d-4462-b949-57f991e08673,https://www.protennis.fr/58591-chaussures-de-tennis-rush-pro-45-homme-blanc-vert.html,active,true,,2026-09-22T18:20:16.260Z,2026-09-25T04:01:46.315Z,397034df-cae1-4bc6-82ad-f3a4f8bb4b3d,Blanc Vert
fdbd6b4b-c8f3-425d-bd8a-4c3bf11ca345,Raquette de tennis Wilson Pro Staff 97 UL V14 2023,Wilson,raquettes,https://www.protennis.fr/24575-marketing_default/wilson-pro-staff-97-ul-v14-2023.jpg,250.00,150.00,40,9bcb1729-926d-4462-b949-57f991e08673,https://www.protennis.fr/56732-wilson-pro-staff-97-ul-v14-2023.html,active,true,,2026-09-22T18:19:58.031Z,2026-09-25T04:01:40.946Z,607460a3-e47a-4aea-b0d9-635e6fa9ace7,
fe543329-da9c-44bd-bbc0-aa73ce9cab2f,Jupe de tennis enfant Nike Victory Flouncy Noir,Nike,textile,https://www.protennis.fr/24118-marketing_default/jupe-de-tennis-enfant-nike-victory-flouncy-noir.jpg,35.00,21.00,40,9bcb1729-926d-4462-b949-57f991e08673,https://www.protennis.fr/55914-jupe-de-tennis-enfant-nike-victory-flouncy-noir.html,active,true,,2026-09-22T18:20:28.674Z,2026-09-25T04:01:50.740Z,265f58e2-5b26-465e-8d91-5bb7ba8c4f93,Noir
fe78dae7-6caa-40df-af98-f9d5d566ed96,Chaussures de tennis Nike GP Challenge 1 Homme Abricot,Nike,chaussures,https://www.protennis.fr/39808-marketing_default/chaussures-de-tennis-nike-gp-challenge-1-homme-abricot.jpg,150.00,90.00,40,9bcb1729-926d-4462-b949-57f991e08673,https://www.protennis.fr/58794-chaussures-de-tennis-nike-gp-challenge-1-homme-abricot.html,active,true,,2026-09-22T18:20:15.976Z,2026-09-25T04:01:46.227Z,5e7cc1a1-4971-45f2-b73c-a8bbb964385d,
fe818d22-fb44-49d5-827b-8345bcbee3e3,Cordage de tennis TECNIFIBRE BLACK CODE 4S 130 BOBINE 200m,Tecnifibre,cordages,https://www.protennis.fr/20108-marketing_default/tecnifibre-black-code-4s-130-bobine-200m.jpg,180.00,126.00,30,9bcb1729-926d-4462-b949-57f991e08673,https://www.protennis.fr/35444-tecnifibre-black-code-4s-130-bobine-200m.html,active,true,,2026-09-22T18:20:02.278Z,2026-09-25T04:01:42.245Z,e7199639-4b4e-4baf-a6bf-5283dcd7398d,Noir
fe89864e-3fc8-4b8a-8a1f-7aab86d37e5a,Chaussures de tennis Adidas Adizero Ubersonic 4 Homme Noir AH23,Adidas,chaussures,https://www.protennis.fr/28432-marketing_default/adidas-adizero-ubersonic-4-homme-pe23.jpg,150.00,89.00,41,9bcb1729-926d-4462-b949-57f991e08673,https://www.protennis.fr/57231-adidas-adizero-ubersonic-4-homme-pe23.html,active,true,,2026-09-22T18:20:17.692Z,2026-09-25T04:01:46.676Z,6a911ea6-e760-4345-94f8-813536c086e1,Noir
fefe6e55-5277-4894-b7b9-419d81ef80a0,Pantalon Nike Homme Heritage Vert foncé,Nike,textile,https://www.protennis.fr/43051-marketing_default/pantalon-nike-homme-heritage-vert-fonce.jpg,65.00,39.00,40,9bcb1729-926d-4462-b949-57f991e08673,https://www.protennis.fr/59230-pantalon-nike-homme-heritage-vert-fonce.html,active,true,,2026-09-22T18:20:29.717Z,2026-09-25T04:01:51.010Z,1aadca20-2ec4-4af4-a6a3-51100da1a0e2,Vert
ff0c83c7-9118-484f-8e0d-38d2e58f3e82,Raquette de tennis Head Prestige MP 2023,Head,raquettes,https://www.protennis.fr/28985-marketing_default/head-prestige-mp-2023.jpg,300.00,195.00,35,9bcb1729-926d-4462-b949-57f991e08673,https://www.protennis.fr/57451-head-prestige-mp-2023.html,active,true,,2026-09-22T18:19:52.014Z,2026-09-25T04:01:39.024Z,2f9da8b2-748d-4d0a-99e0-fab7e474a04d,
ff7043a6-3f76-4e34-b105-6322622b289c,Sac de tennis 12 Raquettes Head Tour Racquet Bag XL Orange,Head,accessoires,https://www.protennis.fr/45616-marketing_default/sac-de-tennis-12-raquettes-head-tour-racquet-bag-xl-orange.jpg,130.00,91.00,30,9bcb1729-926d-4462-b949-57f991e08673,https://www.protennis.fr/59520-sac-de-tennis-12-raquettes-head-tour-racquet-bag-xl-orange.html,active,true,,2026-09-22T18:20:38.890Z,2026-09-25T04:01:53.829Z,64fd1966-ac93-47c3-8e43-6baea7cb41ed,Orange
ffb1c185-ed25-4b28-94c9-f402e410c5f7,Jupe de tennis Adidas Match Jupe Femme Noir AH24,Adidas,textile,https://www.protennis.fr/25087-marketing_default/jupe-de-tennis-adidas-match-jupe-femme-noir-ah24.jpg,60.00,30.00,50,9bcb1729-926d-4462-b949-57f991e08673,https://www.protennis.fr/56573-jupe-de-tennis-adidas-match-jupe-femme-noir-ah24.html,active,true,,2026-09-22T18:20:20.776Z,2026-09-25T04:01:48.248Z,7e17dd8e-51d6-42e6-a4dc-c42305575109,Noir
ffc501dc-2cd5-4b3d-b96d-7d869c62adb4,Chaussures de tennis Asics Gel Resolution X Femme Night Energy,Asics,chaussures,https://www.protennis.fr/50471-marketing_default/chaussures-de-tennis-asics-gel-resolution-x-femme-night-energy.jpg,160.00,128.00,20,9bcb1729-926d-4462-b949-57f991e08673,https://www.protennis.fr/60037-chaussures-de-tennis-asics-gel-resolution-x-femme-night-energy.html,active,true,,2026-09-22T18:20:05.096Z,2026-09-25T04:01:43.064Z,72e1eddb-a42d-40b2-9197-8f950f19b857,
ffe797fd-0327-4a83-8a78-7d501d08b20a,Sweat de tennis Adidas Tennis Club Homme Blanc Vert,Adidas,textile,https://www.protennis.fr/42405-marketing_default/sweat-homme-adidas-tennis-club-blanc-vert.jpg,100.00,60.00,40,9bcb1729-926d-4462-b949-57f991e08673,https://www.protennis.fr/59150-sweat-homme-adidas-tennis-club-blanc-vert.html,active,true,,2026-09-22T18:20:19.287Z,2026-09-25T04:01:47.541Z,8a788bd4-5e46-47f9-b8ce-31496718e2fc,Blanc Vert
