id,brand,model,category,created_at,gender,age_group
000f07e0-cca8-4bcb-8fd8-d8fcbd15a018,Babolat,Jet Tere 2 Femme Blanc Bleu,chaussures,2026-09-24T04:01:49.382Z,femme,adulte
004b2513-5cad-4e8f-b948-d09fdc8d80d9,Head,Tour Racquet Bag S Noir 2024,accessoires,2026-09-24T04:01:59.049Z,non_determine,adulte
0063e30e-d755-407f-b5c5-7313c4af8610,Head,Sac a dos Team 21L Noir Bleu,accessoires,2026-09-24T04:01:58.843Z,non_determine,adulte
00683833-3a94-4fec-8929-839b32b24412,Nike,Debardeur de tennis Slam Melbourne Femme Gris clair,textile,2026-09-24T04:01:55.926Z,femme,adulte
0130d1e4-0115-40e9-8f7e-6e1410e930a6,Asics,Chaussures Gel Resolution X Femme Terre Battue Rose fluo,chaussures,2026-09-24T04:01:50.641Z,femme,adulte
013ebaeb-d156-4e94-a9ac-f9fcab6b5cc7,Adidas,T-shirt de tennis Freelift Tee Homme Jaune fluo,textile,2026-09-24T04:01:52.262Z,homme,adulte
016afb78-ce59-494c-9cf4-b8fb2d7812df,Head,Surgrip de tennis XTREME SOFT Mix,accessoires,2026-09-22T18:20:35.867Z,non_determine,adulte
01d5aa81-6cbd-45ed-84c5-d206a06d340b,Nike,Robe Femme Slam London Blanc,textile,2026-09-24T04:01:55.505Z,femme,adulte
0217e8cf-f278-43ea-ac42-8626896a832d,Head,Boom MP 2026,raquettes,2026-09-22T18:19:49.787Z,non_determine,adulte
028c06ec-f3be-47ca-9055-dc4698d6de5d,Prince,Beast 100 Pink (265g) 2023,raquettes,2026-09-24T04:01:43.799Z,non_determine,adulte
02b98537-a7ad-4b4a-bdad-5250dfe3ec13,Nike,Débardeur tennis femme Solid Slam Debardeur Femme Bleu Automne 2023,textile,2026-09-24T04:01:56.165Z,femme,adulte
02be4014-3a38-40e1-ab9b-5ab55994108b,Adidas,Solematch Control 2 Homme Blanc orange,chaussures,2026-09-24T04:01:48.464Z,homme,adulte
02d56042-40db-444c-92c0-9fe17ae3becc,Tecnifibre,Razor Soft 130 Carbon Bobine 200m,cordages,2026-09-22T18:19:59.568Z,non_determine,adulte
03002d9c-6bd8-409a-a198-1bd522246f67,Yonex,Sonicage Femme Rose,chaussures,2026-09-24T04:01:49.473Z,femme,adulte
03241f7a-c67b-4a19-906d-1ab49c962f17,Nike,Short Enfant Multi Noir,textile,2026-09-24T04:01:54.812Z,non_determine,enfant
03571517-5531-4b60-a7c6-36073f072fc6,Mouratoglou,Veste velour Match Melbourne Rose,textile,2026-09-24T04:01:54.339Z,non_determine,adulte
037d3c47-b499-4013-8e39-7918c61f7d61,Nike,T-shirt de tennis enfant Court Victory T-shirt Blanc Enfant Ete 2023,textile,2026-09-24T04:01:56.231Z,non_determine,enfant
03a4af2c-a177-4e28-b636-12d589fea583,Yonex,Polytour Pro 130 Anthracite Bobine 200m,cordages,2026-09-22T18:19:59.694Z,non_determine,adulte
03c5afbd-4e85-4549-9058-9625de61d736,Nike,Zoom Vapor 3 Terre Battue Homme Light Silver,chaussures,2026-09-24T04:01:48.258Z,homme,adulte
03c90e02-e3a4-43b8-8088-07858a922332,Babolat,Sac à dos Pure Aero Gen9,accessoires,2026-09-22T18:20:38.684Z,non_determine,adulte
03f50346-73f8-4f2c-8d90-8019c624b4c3,Asics,Challenger 15 Homme Blanc Sakura,chaussures,2026-09-24T04:01:48.646Z,homme,adulte
0422fa7c-f9a6-43bf-ac75-d4c29264be6c,Tecnifibre,Fire 260 OS,raquettes,2026-09-22T18:19:54.448Z,non_determine,adulte
043efdf2-3794-453c-b9dc-237541b1a814,Tecnifibre,Razor Soft 130 Carbon Garniture,cordages,2026-09-22T18:19:59.499Z,non_determine,adulte
04899f08-a4fa-4a4f-8357-70ff27e9662d,Asics,Sweat Femme Performance Noir,textile,2026-09-24T04:01:53.031Z,femme,adulte
04b7dbcb-d3b1-4093-8291-f8bd5cfd2f36,Asics,Gel Resolution X Enfant Rose fluo,chaussures,2026-09-24T04:01:50.652Z,non_determine,enfant
04e2215a-e3b7-45d3-a78a-57cbdef82d2a,Le Coq Sportif,Short de tennis Homme Bleu AH24,textile,2026-09-24T04:01:54.131Z,homme,adulte
05089d30-440e-48ac-8773-2ef4c0af8b23,Nike,Air Vapor 12 Femme Mint,chaussures,2026-09-22T18:20:04.892Z,femme,adulte
0525dea6-126d-4b58-87c8-3be9e96a46bb,Tecnifibre,Surgrip de tennis PRO PLAYERS X3 BLANC,accessoires,2026-09-24T04:01:57.065Z,non_determine,adulte
053ad6b4-fd23-4b8d-9d2a-cd9e3505cae4,Babolat,Team Clay Tubes de 4 Balles,accessoires,2026-09-22T18:20:36.582Z,non_determine,adulte
05460d1d-ccec-4a9b-874f-36535ceee42d,Nike,Robe de tennis Victory Femme Blue,textile,2026-09-24T04:01:54.500Z,femme,adulte
0549d35f-1de1-4551-93d3-a74ef669a518,Wilson,Ultra 25 V5,raquettes,2026-09-22T18:19:57.039Z,non_determine,enfant
05f68b90-1d69-4a46-a08d-86c272b34539,Adidas,Short de tennis CLUB SW Homme Blanc,textile,2026-09-24T04:01:51.413Z,homme,adulte
067fdea5-c5b8-4caa-9f3b-8482b66ef6b1,Nike,Short de tennis Heritage Femme Noir,textile,2026-09-24T04:01:55.308Z,femme,adulte
0696ecb1-3704-46e5-9cd0-ab7ef1b45957,Wilson,Blade Super Tour Sac a Dos V10,accessoires,2026-09-22T18:20:38.377Z,non_determine,adulte
069f63e2-39b6-4470-a866-60b17ce84452,Adidas,Jupe de tennis plisée Enfant Blanc PE25,textile,2026-09-24T04:01:52.356Z,non_determine,enfant
06ac57a7-8e85-4dd2-9ea8-810837d8c1fd,Nike,Polo de tennis Homme Advantage Slam Melbourne Gris clair,textile,2026-09-24T04:01:55.869Z,homme,adulte
06c2a19c-d18a-4711-8093-1808f93e9907,Babolat,Propulse Fury 3 Homme Bleu AH24,chaussures,2026-09-24T04:01:51.112Z,homme,adulte
06c57340-4e7f-42a7-aad0-4d78616c90bd,Babolat,RPM Rough Rouge 130 Bobine 200m,cordages,2026-09-24T04:01:45.489Z,non_determine,adulte
0722caf4-ac65-4575-ba7b-db816258bdb2,Head,Boom Jr 25 Alternate 2024,raquettes,2026-09-22T18:19:50.375Z,non_determine,enfant
0740f64e-b8c5-41ea-9091-10e556e47e37,Wilson,RAQUETTE SIX ONE LITE 102,raquettes,2026-09-22T18:19:56.291Z,non_determine,adulte
07705bd0-1d3b-4dfc-972f-04e54a59dcd7,Prince,x Smiley Beast Power 270 Rose,raquettes,2026-09-24T04:01:43.688Z,non_determine,adulte
07809689-5119-43d9-9897-7b8a0a4bb9aa,Head,LYNX ROUGE 125 BOBINE 200m,cordages,2026-09-24T04:01:46.377Z,non_determine,adulte
08029b4b-cc63-4533-9740-ba61f54737ae,Head,Speed MP 2024,raquettes,2026-09-22T18:19:51.742Z,non_determine,adulte
08dd2eb4-b42b-445c-b685-490d4bdcd514,Yonex,Power Cushion AD Accel Homme Blanc,chaussures,2026-09-24T04:01:48.959Z,homme,adulte
093b03ab-aaf9-420e-ac2e-57ff17d51f2c,Nike,Vapor X Enfant Blanc Multicolore,chaussures,2026-09-24T04:01:50.282Z,non_determine,enfant
09558c43-97c2-416c-99ab-da44cee66734,Tecnifibre,BI-PACK X-ONE,accessoires,2026-09-22T18:20:37.275Z,non_determine,adulte
098d7789-6eff-4541-bcb2-610ae652e3f1,Asics,Game FF Homme Blanc vert,chaussures,2026-09-24T04:01:48.657Z,homme,adulte
09a47caf-108e-46f1-9430-044299ce2007,Adidas,T-Shirt de tennis Climacool Freelight Pro Homme Blue,textile,2026-09-24T04:01:51.459Z,homme,adulte
09dba9ed-51bb-4adb-808e-addfd17920bd,Asics,Short Homme Game 7 Cream,textile,2026-09-22T18:20:22.209Z,homme,adulte
0a1b6b29-4976-4041-9d32-db6e3bf99a0a,Head,Radical MP Palm Tree Crew,raquettes,2026-09-22T18:19:52.122Z,non_determine,adulte
0a1bf3df-517d-40b7-b938-a99401b0d53f,Tecnifibre,Razor Soft 125 Carbon Garniture,cordages,2026-09-22T18:20:03.765Z,non_determine,adulte
0b042eab-c9f9-4183-a448-34cb357186e9,Adidas,Ubersonic 5 Femme Blanc orange,chaussures,2026-09-24T04:01:48.360Z,femme,adulte
0b25d38a-cf4c-41ee-872a-2c090f0a839e,Head,Pro Grip Surgrip de tennis,accessoires,2026-09-22T18:20:34.616Z,non_determine,adulte
0b262629-94e6-4f62-bfa4-3e0bfd464d5d,Head,Sprint Pro 4.0 Terre Battue Homme Vert,chaussures,2026-09-24T04:01:49.836Z,homme,adulte
0b29d407-1d27-438f-b74b-f956de58d2f0,Nike,Lot de 3 Paires de chaussettes Courtes Everyday Elevated Noir,textile,2026-09-24T04:01:56.321Z,non_determine,adulte
0bd66898-20ca-447b-8e9c-6d4d4bcb72de,Lacoste,T-shirt de tennis coton technique Ultra Dry Femme Navy,textile,2026-09-22T18:20:23.680Z,femme,adulte
0bfbbf1e-c934-41ca-b235-dd92bd0ad6e9,Asics,Court FF 3 Homme Bleu roi,chaussures,2026-09-24T04:01:50.455Z,homme,adulte
0c053768-155e-4174-916f-01c8644e6342,Head,Boom MP L Alternate 2024,raquettes,2026-09-22T18:19:50.297Z,non_determine,adulte
0c0a5da1-b2e6-48d4-883e-357d2b024947,Slazenger,Tube de balles,accessoires,2026-09-22T18:20:37.311Z,non_determine,adulte
0c10f36e-f6c9-4b4b-bf21-a62470893aaa,Wilson,Surgrip de tennis PRO OVERGRIP PACK 3 VERT,accessoires,2026-09-24T04:01:57.291Z,non_determine,adulte
0c6cb0e9-8ef8-4e3b-967b-d4f1a81d05a1,Asics,Gel Resolution X Homme Blanc Bleu,chaussures,2026-09-24T04:01:50.467Z,homme,adulte
0ca05e73-003d-4864-ae08-f47bb202ec73,Tecnifibre,X-TRA FEEL GRIP BLANC,accessoires,2026-09-24T04:01:56.986Z,non_determine,adulte
0cb0c324-40fa-436a-b712-8bb5c6456718,Babolat,Sac a dos Court Lite Noir multicolore,accessoires,2026-09-24T04:01:58.720Z,non_determine,adulte
0cd74f32-5b2b-4be0-ae69-f25d261f27d2,Adidas,Short Femme Match Y3 Noir,textile,2026-09-24T04:01:52.059Z,femme,adulte
0cf547aa-7555-49be-80ee-e9357221e4fe,Babolat,6 Raquettes Pure Aero Gen9,accessoires,2026-09-22T18:20:38.631Z,non_determine,adulte
0d3199f1-1268-420d-81ef-9a7025f07b46,Asics,Gel Resolution X Femme Bleu ciel,chaussures,2026-09-24T04:01:50.077Z,femme,adulte
0d6cf8be-1425-42ca-bf91-3e290c587b34,Asics,Gel Dedicate 8 Enfant Blanc Vert,chaussures,2026-09-24T04:01:50.122Z,non_determine,enfant
0dad0b5c-7ee6-45f9-92d7-4fd211c50993,Head,12 Raquettes Pro Racquet Bag XL Marine,accessoires,2026-09-24T04:01:58.526Z,non_determine,adulte
0dc7727e-29fe-4216-a0bd-5dedb74d160c,Adidas,Short de tennis enfant US Series Short Enfant Printed Noir AH23,textile,2026-09-24T04:01:52.518Z,non_determine,enfant
0df7f6b2-c106-42c4-bf18-c3f40e432c38,Head,Sac a dos Pro X 25L Noir,accessoires,2026-09-24T04:01:58.709Z,non_determine,adulte
0dfcbefd-25f8-4e5c-a2f7-63def96447db,Nike,GP Challenge 1 Premium Homme Beige Vert Printemps 2024,chaussures,2026-09-24T04:01:51.159Z,homme,adulte
0e35b9cc-c410-4e16-b4d3-eb14852a38a9,Prince,Small Duffle Tour Noir 2023,accessoires,2026-09-24T04:01:59.763Z,non_determine,adulte
0e37042d-5d8d-486e-ad0c-dcc5cf203640,Adidas,Avacourt 3 Femme White,chaussures,2026-09-24T04:01:47.653Z,femme,adulte
0e39ffbd-2c16-45f2-85c2-a953e4906856,Nike,Debardeur de tennis Slam London Femme Blanc,textile,2026-09-24T04:01:55.629Z,femme,adulte
0e822206-c82b-4dd0-8769-725b8a849f2d,Nike,Chaussettes de tennis Everyday Lightweight X3 Black,textile,2026-09-24T04:01:54.454Z,non_determine,adulte
0e98c5bd-c839-4302-b86f-9688b68666dd,Nike,Chaussettes de tennis Multiplier Ankle 2 pack Chaussettes,textile,2026-09-22T18:20:33.204Z,non_determine,adulte
0ee73b5a-8af2-4b1d-8973-1901d10649e3,Luxilon,ELEMENT 130 GARNITURE,cordages,2026-09-22T18:20:01.128Z,non_determine,adulte
0f161c11-61fd-4703-aea3-df20c900e388,Luxilon,Alu Power 125 Noir Garniture,cordages,2026-09-24T04:01:45.716Z,non_determine,adulte
0f48242a-acc9-4d60-84fc-88fbf1e50b3a,Nike,Vapor Pro 3 Homme Bleu corail,chaussures,2026-09-24T04:01:49.870Z,homme,adulte
0f4ef7ff-9488-445b-aa54-0b50ddcbae37,Nike,T-shirt de tennis Femme Victory Noir,textile,2026-09-24T04:01:54.985Z,femme,adulte
0fa66074-0708-4754-945b-32bc0d0339fb,Le Coq Sportif,T-shirt de tennis Yannick Noah Enfant Blanc Jaune PE24,textile,2026-09-24T04:01:54.165Z,non_determine,enfant
0fb3a28d-16ec-4042-90cf-024fdf1f999a,Head,Lynx Anthracite 130 Garniture,cordages,2026-09-22T18:20:00.821Z,non_determine,adulte
0fccf6c4-1d50-456c-bfdd-1f004e50a1ed,Adidas,Barricade 14 Femme Blanc Bleu,chaussures,2026-09-24T04:01:48.101Z,femme,adulte
0fdf6db3-3db1-473e-aeba-bf1c82065996,Tecnifibre,Tour Endurance Ultra Noir Standbag 2024,accessoires,2026-09-24T04:01:59.016Z,non_determine,adulte
10579584-c04d-4d4c-bcb3-18b658ba3b2e,Nike,Vapor Pro 3 Femme Jaune,chaussures,2026-09-24T04:01:49.904Z,femme,adulte
105b14b3-4f02-4d92-81fa-849500fccde4,Asics,Gel Resolution X Enfant Blanc bleu,chaussures,2026-09-24T04:01:49.186Z,non_determine,enfant
111d1251-78ca-43e5-914c-cf7e401dd585,Babolat,Grip de raquette de tennis Syntec Pro Noir,accessoires,2026-09-24T04:01:56.780Z,non_determine,adulte
11288f1c-b0f9-41b7-a9cc-094cced4cf84,Wilson,Rush Pro 4.5 Terre Battue Homme Rouge AH24,chaussures,2026-09-24T04:01:51.077Z,homme,adulte
112e22bd-eaa8-4362-8d0e-4b5eac677840,Mizuno,Jupe de tennis Flex Jupe Femme AH20,textile,2026-09-22T18:20:26.703Z,femme,adulte
112e7fe7-f6bd-403f-bf64-c5d5d316c3d4,Babolat,Pure Drive Junior 25 2021,raquettes,2026-09-22T18:19:49.453Z,non_determine,enfant
114438a9-d8b4-481a-92c9-ffe79c7a764f,Nike,Casquette de tennis Advantage Club Casquette Blanc,textile,2026-09-24T04:01:54.928Z,non_determine,adulte
114af2c2-0a7e-458b-ab7e-939d89edc559,Head,Tour Tote Bag 22L Noir,accessoires,2026-09-24T04:01:58.630Z,non_determine,adulte
116b2019-05a5-4dd7-a0cd-58631b23de13,Asics,Jupe de tennis Game Femme Jewel Green,textile,2026-09-24T04:01:52.755Z,femme,adulte
1182426b-421d-4092-b4d2-a9163d8d7048,Nike,Sweat de tennis Heritage II Femme Rouille,textile,2026-09-22T18:20:30.755Z,femme,adulte
1188d67e-f653-448e-8482-51491b0dd574,Head,Sac a dos Paw Patrol Fille,accessoires,2026-09-22T18:20:39.708Z,femme,enfant
11a44a8f-01d0-4299-bc7f-c39514bc0d1b,Head,Boom Elite 2026,raquettes,2026-09-22T18:19:50.149Z,non_determine,adulte
11b19f6f-7797-4e75-91c1-e91846315274,Adidas,Jupe Femme Y3 Noir,textile,2026-09-24T04:01:52.070Z,femme,adulte
11e6639a-ad72-443f-ac70-4ca58eb80069,Nike,Debardeur de tennis Advantage Femme Blanc,textile,2026-09-24T04:01:54.697Z,femme,adulte
1203927c-526a-44c8-9ff0-fa56b7d96db0,Adidas,Chaussures Defiant Speed 2 Homme Blanc Orange,chaussures,2026-09-24T04:01:48.510Z,homme,adulte
1285fba6-5322-4156-a3b8-96f8fb1ee61b,Nike,T-shirt de tennis Enfant Slim Modal Noir,textile,2026-09-24T04:01:55.982Z,non_determine,enfant
12a6f25d-e60c-4e1a-ad6e-fcd0a8475c0e,Nike,Zoom GP Challenge Pro Femme Blanc Mint,chaussures,2026-09-24T04:01:49.094Z,femme,adulte
12f0d6be-1d7b-4c45-9cb9-e0ed5da9d60a,Lacoste,Veste Zippee Homme Gris AH24,textile,2026-09-24T04:01:53.904Z,homme,adulte
1303ea87-2662-48c0-bd7e-67e3204c7787,Le Coq Sportif,Jupe de Tennis Femme Bleu,textile,2026-09-24T04:01:53.997Z,femme,adulte
13136b61-7027-407b-9632-aaf615c359cf,Nike,Vapor X Enfant Jaune fluo,chaussures,2026-09-24T04:01:49.916Z,non_determine,enfant
132dc5dc-e93e-4d00-b73c-7fe69f18d183,Wilson,Clash 100 Pro V3 Reverse,raquettes,2026-09-22T18:19:56.340Z,non_determine,adulte
1344d6f5-46e6-4f98-ac09-26c147bf625d,Head,Speed MP L 2024,raquettes,2026-09-22T18:19:51.912Z,non_determine,adulte
135d6f0d-7a8e-44f0-bcfa-1f0dabe7c0eb,Babolat,Boost Aero,raquettes,2026-09-22T18:19:47.484Z,non_determine,adulte
136fd366-675b-4f94-8ceb-45040635c04f,Wilson,Intrigue Pro Femme Blanc Bleu Jaune,chaussures,2026-09-24T04:01:48.878Z,femme,adulte
13a0a9aa-bc81-4952-baca-8a53c44788a4,Asics,Chaussures Solution Speed FF 3 Terre Battue Homme Vert fonce,chaussures,2026-09-24T04:01:50.710Z,homme,adulte
13a88c79-ef52-46c0-819b-74e75e0e3935,Asics,Gel Game Terre Battue Enfant Foggy,chaussures,2026-09-22T18:20:04.731Z,non_determine,enfant
13d719f4-daeb-4dfd-8ca2-d8525a1af9d4,Lacoste,T-shirt de tennis Gros Logo Homme Noir Kaki,textile,2026-09-24T04:01:53.751Z,homme,adulte
13de3568-aeea-4e76-a425-990f566c5c98,Nike,Sous-short de tennis Court Dri FIT Femme Noir,textile,2026-09-24T04:01:54.800Z,femme,adulte
13fc9d44-1583-42f6-838e-61b58519aecc,Tecnifibre,Razor Soft 125 Blanc Garniture,cordages,2026-09-24T04:01:45.442Z,non_determine,adulte
1405c512-c853-4fad-9d17-ebc5a8384e27,Nike,Polo de tennis Slam Polo NY Homme Corail Automne 2023,textile,2026-09-24T04:01:56.141Z,homme,adulte
146a6497-5b00-4e66-835a-e98917364ab7,Babolat,Sac a dos Kids 3rd Generation Blanc Rose 2024,accessoires,2026-09-24T04:01:59.038Z,non_determine,enfant
1495917d-f7bc-4642-8896-389b28d0069d,Yonex,Percept Pro 9 Raquettes Midnight,accessoires,2026-09-22T18:20:42.370Z,non_determine,adulte
149ab77c-f233-4df7-b6b4-75d490d0369e,Adidas,Débardeur de tennis femme Y Debardeur Femme PE22,textile,2026-09-22T18:20:21.481Z,femme,adulte
14ec21de-5cbb-4c46-95b5-7a625e602884,Hydrogen,Short de tennis Tech Camo Short Jaune AH21,textile,2026-09-24T04:01:53.351Z,non_determine,adulte
14f4c974-89b8-4267-8fa3-836f832f77a8,Babolat,Surgrip de tennis VS Grip Original x12,accessoires,2026-09-22T18:20:35.510Z,non_determine,adulte
15315a7f-9e83-456b-9ae6-0869e9ef0da0,Asics,Gel Resolution X Femme Noir Rouge,chaussures,2026-09-24T04:01:48.715Z,femme,adulte
153a453b-76c9-45c1-8c03-120d9b79bacf,Nike,Vapor Lite 3 Homme Noir,chaussures,2026-09-24T04:01:48.900Z,homme,adulte
15522502-ead4-44a1-ae90-bca421439299,Babolat,Polo de tennis GIRL MATCH PERFORMANCE POLO GRIS FONCE,textile,2026-09-24T04:01:53.180Z,non_determine,adulte
15ae8fcf-c560-45ad-8307-4e405f9b0ed4,Babolat,Lot de 2 Pure Strike VS 2022,raquettes,2026-09-22T18:19:48.352Z,non_determine,adulte
15aef1d8-d4dd-4f70-9f54-5bc240c17edd,Adidas,Robe de tennis Dress Pro Aurora Ink,textile,2026-09-22T18:20:18.230Z,non_determine,adulte
15c19251-23e4-460f-b116-c07bde00eeab,Tourna grip,Surgrip de tennis SURGRIP ORIGINAL X10,accessoires,2026-09-22T18:20:36.378Z,non_determine,adulte
15cb3468-947f-4d44-8472-6a3e76512dae,Nike,Vapor 12 Premium Femme Blanc Rouge fluo,chaussures,2026-09-24T04:01:48.913Z,femme,adulte
15cdd5d6-ea9b-428b-a899-84d677f4f0f1,Tecnifibre,T-Fight 270 Isoflex 2023,raquettes,2026-09-22T18:19:55.509Z,non_determine,adulte
16461147-8714-435d-920e-62e43b5c44a8,Prince,O3 Legacy 105 2024,raquettes,2026-09-22T18:19:53.219Z,non_determine,adulte
164dd063-89a3-4714-88cb-e65c00fc4583,Head,Lynx 125 Bobine 200m Vert,cordages,2026-09-24T04:01:45.795Z,non_determine,adulte
16565e44-cc21-4961-a40b-f1f6d16fadbe,Mizuno,T-shirt de tennis Shadow Sleeve Homme Blanc Orange,textile,2026-09-24T04:01:54.270Z,homme,adulte
1656973c-d7d6-420a-b1b9-24793e68f5f4,Wilson,Shift 99L 285g,raquettes,2026-09-22T18:19:56.087Z,non_determine,adulte
166a3b99-b27e-4714-9845-bea538f7d3df,Babolat,SFX 4 Homme Drive Bleu,chaussures,2026-09-24T04:01:50.801Z,homme,adulte
16707b3e-f2ac-45b1-a55a-67f85a9ba939,Babolat,Addixion + 130 garniture,cordages,2026-09-22T18:19:59.670Z,non_determine,adulte
168b693e-8316-4ae6-8065-38707b9abb97,Head,Tour Racquet Bag S Vert Fluo,accessoires,2026-09-24T04:01:58.900Z,non_determine,adulte
169570aa-8011-468f-8a6f-632f4e8046d9,Asics,Solution Speed FF 3 Homme Orange Fluo PE25,chaussures,2026-09-24T04:01:50.916Z,homme,adulte
1703d9cd-14ca-4bda-b40c-6900209cdcff,Head,Speed Pro 2022,raquettes,2026-09-22T18:19:51.835Z,non_determine,adulte
170fa032-bf9e-436b-a8cd-c62fa8f65546,Asics,Game FF Femme Creme rose,chaussures,2026-09-24T04:01:49.174Z,femme,adulte
17233d4b-4227-4492-9530-d3c7426d6a14,Asics,Pantalon Femme Performance Gris vert,textile,2026-09-24T04:01:53.020Z,femme,adulte
17831b15-418b-46ff-8dd3-e0f73c36e203,Wilson,Rush Lite 5 Homme Black White Safe,chaussures,2026-09-24T04:01:48.166Z,homme,adulte
179574b4-9fd1-450f-b609-6db6d94b56c0,Head,Squared 2026,raquettes,2026-09-22T18:19:49.533Z,non_determine,adulte
17ab967c-2297-4f17-b55b-64a4806170f4,Adidas,T-Shirt de tennis Climacool FreeLift Homme Cyan,textile,2026-09-22T18:20:18.945Z,homme,adulte
1805c53f-172a-4c7a-a26d-a95ab0a1af92,Wilson,Shift 99 L V1 US Open,raquettes,2026-09-22T18:19:56.039Z,non_determine,adulte
1808c5de-eb8d-458b-a2dc-26d0d1d80d9e,Nike,Short de tennis Victory 9 Homme AOP Carreau Rouille,textile,2026-09-22T18:20:31.464Z,homme,adulte
182df6f1-7894-46ba-802d-22a86e89c9d0,Tecnifibre,TGV 140 Naturel Garniture,cordages,2026-09-22T18:20:04.223Z,non_determine,adulte
1877db3a-198d-41e1-934a-d024ec3011a6,Nike,Short de tennis Pro Fleece Enfant Rose,textile,2026-09-24T04:01:54.789Z,non_determine,enfant
18c3c6e8-cc3b-4c62-8934-b2b12a8a3a9d,Head,Speed Team 2024,raquettes,2026-09-22T18:19:51.718Z,non_determine,adulte
18f54513-b729-4806-92c8-be59135cd8cf,Asics,Gel Resolution X Femme Terre Battue Night Energy,chaussures,2026-09-22T18:20:05.050Z,femme,adulte
18f955bf-6912-4b82-a671-a95b4bf3a8ee,Prince,Beast 100 RED Limited Edition (265g) 2024,raquettes,2026-09-24T04:01:43.773Z,non_determine,adulte
193bbdc9-45fc-4e5c-887f-f260196d31c8,Luxilon,Alu Power 125 Noir Bobine 200m,cordages,2026-09-24T04:01:45.705Z,non_determine,adulte
193db426-ac63-41be-80b5-1d0d2389e411,Adidas,Barricade 14 Homme White And Black,chaussures,2026-09-24T04:01:47.319Z,homme,adulte
199f6fa7-9bba-455e-ac2e-235900c61164,Head,Lynx 130 Bobine 200m Bleu,cordages,2026-09-24T04:01:45.817Z,non_determine,adulte
19f1ddde-b601-4bd5-9f78-2c16e73ae8be,Wilson,6 Raquettes Duffel RF Tournament Laver Cup Noir,accessoires,2026-09-24T04:01:59.364Z,non_determine,adulte
19fb2590-216a-40af-bf4e-d6e398af1387,Yonex,Power Cushion Eclipsion 5 Homme Blue,chaussures,2026-09-24T04:01:48.223Z,homme,adulte
1a1b9143-fd5e-4a04-ad19-d87ec8c3cd67,Babolat,Pure Drive Team Wimbledon,raquettes,2026-09-22T16:07:38.628Z,non_determine,adulte
1a8122a1-80e6-4b15-bd94-3eed4f739b29,Lacoste,T-shirt de tennis Ultra Dry Roland Garros Blanc Unisexe PE24,textile,2026-09-24T04:01:53.915Z,non_determine,adulte
1a8b2dd0-5fc8-4df0-b13d-9e1807a3dc25,Asics,Court FF 3 Novak Homme Blanc Rouge fluo,chaussures,2026-09-24T04:01:50.687Z,homme,adulte
1aadca20-2ec4-4af4-a6a3-51100da1a0e2,Nike,Pantalon Homme Heritage Vert foncé,textile,2026-09-24T04:01:55.240Z,homme,adulte
1ab267af-638c-4714-9bc0-b0a21e0d7086,Babolat,Xalt 130 bobine 200m,cordages,2026-09-22T18:19:59.310Z,non_determine,adulte
1ad00938-89cd-45d9-82f1-7548afa986c8,Prince,PREMIER CONTROL 140 NOIR GARNITURE,cordages,2026-09-24T04:01:46.716Z,non_determine,adulte
1ae52724-cc0f-447a-8286-3c96624e1c42,Tecnifibre,Tour Endurance Blanc 15 Raquettes 2025,accessoires,2026-09-24T04:01:58.934Z,non_determine,adulte
1b05ddc7-a8ca-45c7-9097-ff2762730d79,Tecnifibre,Tour Endurance Kaki 12 raquettes 2024,accessoires,2026-09-24T04:01:58.981Z,non_determine,adulte
1b0b1d3e-f724-46a3-bf73-5c06ffbbd894,Le Coq Sportif,Short de tennis Homme Bleu Pacific,textile,2026-09-24T04:01:54.098Z,homme,adulte
1b3ebb5c-f7fe-46db-af0d-a3f2f430b34b,Adidas,Jupe de tennis Skirt Pro Femme White,textile,2026-09-24T04:01:51.342Z,femme,adulte
1b526919-f3ff-4636-a4ac-39e37acd0af4,Head,Sac a dos Paw Patrol Garçon,accessoires,2026-09-22T18:20:39.654Z,homme,enfant
1b604c80-1ee8-472e-82fe-0e6354c19571,Babolat,Pure Aero + 2023,raquettes,2026-09-22T18:19:48.637Z,non_determine,adulte
1baff6d2-af93-4166-84d3-2dafb08b7aab,Tecnifibre,TGV 135 Naturel Bobine 200M,cordages,2026-09-22T18:20:02.477Z,non_determine,adulte
1bb927ca-d086-4a64-8250-03cace72c27f,Nike,Jupe de tennis Court Advantage Femme White,textile,2026-09-24T04:01:54.420Z,femme,adulte
1bec8a7a-309f-454e-b374-8441e1e104f6,Prince,Surgrip de tennis GRIP+ GEL ANTI-TRANSPIRANT,accessoires,2026-09-22T18:20:36.254Z,non_determine,adulte
1c22d699-a485-4e2a-a6f3-976064182e63,Asics,Sweat Homme Performance Noir,textile,2026-09-24T04:01:53.066Z,homme,adulte
1c35ae89-dd3e-4010-89ee-f537a5ba1f13,Adidas,Homme Defiant Speed 2 Y3 Gris noir,chaussures,2026-09-24T04:01:48.982Z,homme,adulte
1c701056-3238-436b-9790-c1e1f92ed264,Wilson,Burn 105 S Pink V6,raquettes,2026-09-24T04:01:44.903Z,non_determine,adulte
1cc2b8c6-6de2-4f46-98ec-fee2159909a0,Asics,T-shirt de tennis Garçon Midnight,textile,2026-09-24T04:01:52.710Z,homme,enfant
1cca580e-f32d-4490-9b46-72a3d141f5b0,Luxilon,ALU POWER 125 GRIS GARNITURE,cordages,2026-09-24T04:01:46.844Z,non_determine,adulte
1cdaabe1-7c20-48fe-a966-03ac79415820,Head,Sprint Team 4.0 Homme Marine,chaussures,2026-09-24T04:01:48.554Z,homme,adulte
1ce56228-9402-47cf-94e9-fcac92e5efea,Babolat,Antivibrateur de tennis Vibrakill 2.0,accessoires,2026-09-22T18:20:33.796Z,non_determine,adulte
1ce9a55b-505d-40b1-8493-3ae2feab96db,Babolat,Team All Court Tubes de 3 Balles,accessoires,2026-09-22T18:20:36.638Z,non_determine,adulte
1d2b45f0-0f4f-4732-81f6-c70eff5ce531,Head,Boom MP L 2024,raquettes,2026-09-22T18:19:50.478Z,non_determine,adulte
1d355601-a525-4467-89fd-e8a4a2f31a69,Adidas,Barricade 14 Homme White And Lucid Red,chaussures,2026-09-24T04:01:47.780Z,homme,adulte
1d777f32-c8cd-49da-8500-1a0abd617a65,Yonex,Ezone Alpha 275g 2025,raquettes,2026-09-22T18:19:58.289Z,non_determine,adulte
1d8ddeb3-823e-494b-adcb-e5b1c8e782e7,Head,RIP CONTROL 130 ORANGE BOBINE 200m,cordages,2026-09-24T04:01:46.235Z,non_determine,adulte
1d9aded5-87ca-4542-8168-4a4f34608308,Nike,Short de tennis Heritage Femme Rose,textile,2026-09-24T04:01:55.297Z,femme,adulte
1d9d6868-3c55-4ead-ba5a-620f699ef4a4,Prince,Tour 100 (310g) 2023,raquettes,2026-09-22T18:19:53.985Z,non_determine,adulte
1db847ba-2a9f-4cec-81db-410f75e85fd2,Adidas,Jupe de tennis Enfant Pro Blanc vert trefle,textile,2026-09-24T04:01:52.239Z,non_determine,enfant
1dc5bd8a-0160-43db-9e63-9fee90c2126c,Lacoste,Short de tennis Regular Homme Marine,textile,2026-09-24T04:01:53.500Z,homme,adulte
1dddfbc5-70b0-4bff-b402-3b8275611ce2,Nike,Jupe Femme Flouncy Vert kaki,textile,2026-09-24T04:01:55.469Z,femme,adulte
1de1c814-64ff-4308-b6e4-21f062f77a99,Babolat,Jet Mach 3 Femme Corail Multicolore AH24,chaussures,2026-09-24T04:01:51.123Z,femme,adulte
1decf119-868b-418b-8b74-7d9625861d4f,Tecnifibre,Grip de raquette de tennis X-TRA FEEL GRIP ROUGE,accessoires,2026-09-24T04:01:57.369Z,non_determine,adulte
1dfec05a-02b6-4585-8a61-3a31df401b2a,Nike,Polo de tennis Slam Strippe Homme Jaune moutarde,textile,2026-09-24T04:01:55.066Z,homme,adulte
1e0d5100-b143-468a-a670-25acc7da0de7,Babolat,Rpm Hurricane jaune 125 Bobine 200m,cordages,2026-09-24T04:01:45.876Z,non_determine,adulte
1e600b4f-6a11-49dd-9b90-b36dcfc0102d,Nike,Zoom Vapor 12 Premium Homme Gris Corail,chaussures,2026-09-24T04:01:50.192Z,homme,adulte
1e722925-f165-4754-831c-09571a1e36ad,Head,Radical Pro 2023,raquettes,2026-09-22T16:07:37.116Z,non_determine,adulte
1ea89744-9773-420a-9206-55c0daccadc2,Yonex,Bobine Polytour Pro 125 jaune 200m,cordages,2026-09-24T04:01:46.109Z,non_determine,adulte
1ecb1eb2-6a9e-48d3-b4bc-48fe4d654d2a,Babolat,Pure Aero 25 2023,raquettes,2026-09-22T18:19:48.737Z,non_determine,enfant
1ecb3673-2a25-4a72-84d2-bb09164804e5,Luxilon,ELEMENT 125 BOBINE 200m,cordages,2026-09-22T18:20:01.873Z,non_determine,adulte
1eeb754e-8418-491e-96c5-e958bb114171,Babolat,Jet Mach 3 Homme Blanc Gris,chaussures,2026-09-24T04:01:48.796Z,homme,adulte
1f35e687-934f-439a-b96c-1c9affbc4fa3,Tourna grip,Surgrip de tennis SURGRIP ORIGINAL X30,accessoires,2026-09-22T18:20:35.124Z,non_determine,adulte
1f3eb834-dc8e-42d1-817d-28ca54889dcb,Head,Sac à dos de tennis Tour Backpack 25L Canard,accessoires,2026-09-22T18:20:42.087Z,non_determine,adulte
1f4d655a-83b3-4bf6-83dd-d2afbd945b26,Adidas,Polo de tennis FreeLift Polo Homme Rouge PE25,textile,2026-09-24T04:01:52.297Z,homme,adulte
1f5f1a9a-5397-4d4c-815e-68fcf678b2f5,Asics,T-shirt de tennis Game Femme Soft Oat,textile,2026-09-22T18:20:21.914Z,femme,adulte
1f82acde-33d2-4666-855a-94bd985ab294,Yonex,Ezone Alpha L 260g 2025,raquettes,2026-09-22T18:19:58.359Z,non_determine,adulte
1f88f91e-f198-4f91-a1fa-73bf1a0af0f5,Head,9 Raquettes Tour Racquet Bag L Turquoise,accessoires,2026-09-24T04:01:59.117Z,non_determine,adulte
20255865-c1ae-4ca5-be26-e2425388df12,Nike,Haut de tennis à manches longues 1/2 Zip Enfant Multi Noir,textile,2026-09-24T04:01:55.948Z,non_determine,enfant
208a3004-d312-4bfc-a0f6-73eef92c6638,Adidas,Casquette Y3 Gris,textile,2026-09-24T04:01:52.182Z,non_determine,adulte
20a10cac-dcb0-4d45-93dc-ae0f777d7633,Yonex,Ezone 08 98 2025,raquettes,2026-09-22T18:19:58.690Z,non_determine,adulte
20d6017b-7325-464b-ada3-02bf510437ec,Babolat,Pure Drive Team Gen11,raquettes,2026-09-22T18:19:48.966Z,non_determine,adulte
20e65df2-0156-41b3-a9d4-547f062e4847,Nike,Short de tennis Court Advantage Homme Kaki clair,textile,2026-09-24T04:01:55.100Z,homme,adulte
20fc55ec-aea9-479e-9945-9855c52e1c04,Babolat,Pure Aero + Gen9,raquettes,2026-09-22T18:19:47.341Z,non_determine,adulte
212c0c18-b1e0-423d-918a-f0833d1810ac,Head,HAWK BLANC 130 BOBINE 200m,cordages,2026-09-24T04:01:46.559Z,non_determine,adulte
21364ad9-6983-4f08-9ee2-14c7a6b013b3,Nike,Legging Femme One Noir,textile,2026-09-24T04:01:55.754Z,femme,adulte
2182d4ab-3fc0-4ab4-b9ee-4619a0cd96fe,Wilson,Antivibrateur de tennis Antivibrateurs Roland Garros 2024,accessoires,2026-09-22T18:20:36.047Z,non_determine,adulte
21e48c9b-05f0-4d64-892f-a51bde527fba,Nike,Air Vapor Pro 3 Terre Battue Femme Premium Rouge,chaussures,2026-09-24T04:01:50.147Z,femme,adulte
21ebd4e8-3fdc-48db-856d-fdfef82cf8d9,Babolat,Jet Tere 2 Homme Bleu clair,chaussures,2026-09-24T04:01:49.333Z,homme,adulte
21f9a869-634d-432c-bc28-c4d39a448019,Head,Boom Team L Alternate 2024,raquettes,2026-09-22T18:19:50.351Z,non_determine,adulte
221fb26f-7a07-410b-ac97-c2833fd1d503,Tecnifibre,Tour Endurance Ultra Noir 6 raquettes 2024,accessoires,2026-09-24T04:01:59.196Z,non_determine,adulte
22549d34-8320-4583-be08-5d4e08f45a96,Wilson,Shift 99 300g,raquettes,2026-09-22T18:19:56.136Z,non_determine,adulte
22589d3c-5c7e-425d-851b-25989b903217,Head,Extreme Junior 2026,raquettes,2026-09-22T18:19:52.501Z,non_determine,enfant
22bca780-f20e-4506-ab31-f63e9070d339,Head,SONIC PRO 125 BLANC BOBINE 200m,cordages,2026-09-24T04:01:46.304Z,non_determine,adulte
22c5f775-8df7-4417-819a-e99937bdee37,Adidas,Defiant Speed Terre Battue Femme Blanc PE25,chaussures,2026-09-24T04:01:49.598Z,femme,adulte
2317f3c7-9fe3-4f9f-87d7-e3dbc316067c,Head,Speed Team 2026,raquettes,2026-09-22T18:19:51.375Z,non_determine,adulte
2317ff3d-7b4f-4cec-a315-8779311ed8e2,Adidas,T-shirt Homme Tennis Club Vert Blanc,textile,2026-09-24T04:01:52.037Z,homme,adulte
23755456-0427-4657-8bfe-88f9602474ea,Asics,Gel Resolution X Homme Rose Green,chaussures,2026-09-24T04:01:48.599Z,homme,adulte
238ce4a2-ca75-4fe0-a90e-f7262aef27ba,Yonex,Percept 97 Midnight Navy,raquettes,2026-09-22T18:19:58.080Z,non_determine,adulte
23b86ffa-9312-4c88-abc6-11a5973e19e2,Tecnifibre,Fire 285,raquettes,2026-09-22T18:19:54.372Z,non_determine,adulte
240bc0bb-648d-4ee6-af17-123a58b6cf26,Wilson,Blade 100 L V9 US Open,raquettes,2026-09-22T18:19:57.828Z,non_determine,adulte
2449dcdc-050a-4eb1-81fd-15c950209479,Yonex,Ezone 08 100 SL 2025,raquettes,2026-09-22T18:19:58.617Z,non_determine,adulte
244a94c4-e5ca-4ac8-907f-eeccd0edbe21,Adidas,Short de tennis Club Femme Noir,textile,2026-09-24T04:01:51.932Z,femme,adulte
2461508a-59a1-4f42-8c74-bc3ef4f772b2,Prince,Beast 100 Pink (280g) 2023,raquettes,2026-09-24T04:01:43.786Z,non_determine,adulte
2469ac13-099c-4008-98bd-806f50646caf,Head,SONIC PRO 125 NOIR BOBINE 200m,cordages,2026-09-24T04:01:46.336Z,non_determine,adulte
24784d79-1bdf-4c67-9180-03c3d19763b5,Wilson,Clash Team 103 V3 2025,raquettes,2026-09-22T18:19:56.622Z,non_determine,adulte
2491a0a6-28ca-44c6-bfa5-e38c0acb6a4c,Nike,GP Challenge 1 Femme Blanc Bordeau,chaussures,2026-09-24T04:01:49.071Z,femme,adulte
24b5a6e5-44ac-4013-9fe6-d37bdd80db60,Prince,Warrior 100 (265g) 2023,raquettes,2026-09-22T18:19:53.730Z,non_determine,adulte
24c2c295-dadb-4944-b97d-d2a31d481862,Mizuno,Jupe de tennis Mugen Flying Femme Blanc AH24,textile,2026-09-24T04:01:54.305Z,femme,adulte
24d10286-6d7c-451b-9edb-27cd2211d58b,Nike,Slam Jupe New York Crème Femme Automne 2023,textile,2026-09-22T18:20:32.745Z,femme,adulte
24f3ae05-b3f8-433b-9cfe-7876f85ab2f4,Tecnifibre,T-Fight 285 2025,raquettes,2026-09-22T18:19:55.307Z,non_determine,adulte
25074834-1b2c-44a6-b2a9-50f6e2fe5c1f,Babolat,Antivibrateur de tennis Aero Damp x2 Gen9,accessoires,2026-09-22T18:20:33.566Z,non_determine,adulte
251c378f-2b04-4a39-927d-f93620c7a30d,Nike,Veste de tennis Heritage Femme Bleu gris Hiver 2024,textile,2026-09-24T04:01:56.016Z,femme,adulte
253ca3d7-f2bc-4b96-b03f-768bf04d440a,Head,Tour Racquet Bag XL Navy,accessoires,2026-09-22T18:20:42.062Z,non_determine,adulte
256958d7-c7a4-45e8-b2a0-f894788ff46d,Tecnifibre,Surgrip de tennis Pro Player&#039;s x12 Blanc,accessoires,2026-09-24T04:01:57.347Z,non_determine,adulte
256ab8b6-ec78-461c-b47d-975cfdf30123,Nike,Debardeur de tennis Pro Enfant Violet,textile,2026-09-24T04:01:54.591Z,non_determine,enfant
25880d24-db70-462d-a466-a3f46b3350c1,Wilson,Super Tour Small Duffel Rouge 2025,accessoires,2026-09-24T04:01:58.855Z,non_determine,adulte
25c400bc-2894-418a-b25d-dbb5c7580992,Wilson,Defyer 98 Pro V1,raquettes,2026-09-22T18:19:55.731Z,non_determine,adulte
25e14ba3-e4d6-4226-9a12-92d6f6299a01,Lacoste,T-shirt de tennis Gros Logo Enfant Vert,textile,2026-09-24T04:01:53.842Z,non_determine,enfant
25f061a0-1fa1-4cd6-94a5-e2222dc4637b,Yonex,Eclipsion 5 Homme White/Brown,chaussures,2026-09-24T04:01:48.785Z,homme,adulte
25f7fb63-79d0-4efe-961d-27063015287f,Babolat,Pure Strike Team 2024,raquettes,2026-09-22T16:07:37.016Z,non_determine,adulte
265f58e2-5b26-465e-8d91-5bb7ba8c4f93,Nike,Jupe de tennis enfant Victory Flouncy Noir,textile,2026-09-24T04:01:54.962Z,non_determine,enfant
26b5bf50-f337-4769-bf18-c2a9a959646c,Adidas,Short de tennis Ergo Homme Legend Ink,textile,2026-09-22T18:20:18.441Z,homme,adulte
26cb53c2-dee6-4b1b-af07-b5167c79d3c6,Head,3 Raquettes Tour Racquet Bag S Parme,accessoires,2026-09-22T18:20:41.859Z,non_determine,adulte
27bcedf3-3065-45da-9866-36d27e318375,Adidas,T-Shirt de tennis Homme Maroon,textile,2026-09-25T04:01:47.000Z,homme,adulte
284a4fa2-6cef-410c-99ec-5f84bc86291a,Le Coq Sportif,T-shirt de Tennis Homme Rose,textile,2026-09-24T04:01:54.042Z,homme,adulte
288aa308-e49d-4976-b61b-09b4f0e24aa5,Head,Extreme Pro 2026,raquettes,2026-09-22T18:19:52.450Z,non_determine,adulte
28adf21f-2274-4724-a305-ef6b8aa871a0,Lacoste,Polo de tennis Édition Roland-Garros Femme Pistache,textile,2026-09-22T18:20:24.401Z,femme,adulte
28b55978-c133-4746-b803-d3321c854531,Head,Sac à dos de tennis Tour Backpack 25L Rose,accessoires,2026-09-24T04:01:58.492Z,non_determine,adulte
28f37fcc-2322-4ea8-b487-6d9175725df8,Asics,Court FF 3 Terre Battue Homme Noir Vert,chaussures,2026-09-24T04:01:48.313Z,homme,adulte
28fed3bf-7d19-4e61-ab1b-b9136b0cd8e0,Babolat,Pure Strike 18x20 2024,raquettes,2026-09-22T18:19:48.149Z,non_determine,adulte
291965b3-e52d-41ae-ab06-9c2717a17193,Head,Sac à dos de tennis Tour Backpack 25L Navy,accessoires,2026-09-22T18:20:42.678Z,non_determine,adulte
2923f0be-358e-4950-b68e-35ef8e30b1f1,Nike,T-Shirt de tennis Homme Winter M90 Shangai Masters Noir,textile,2026-09-24T04:01:55.263Z,homme,adulte
29311c84-6d92-46e7-845e-9f3b837bbb94,Yonex,Ezone 08 100 L 2025,raquettes,2026-09-22T18:19:58.486Z,non_determine,adulte
29546fe0-adfc-4ab1-bb27-9739f7339a3c,Tecnifibre,NRG2 132 Garniture,cordages,2026-09-22T18:20:00.948Z,non_determine,adulte
29b9388c-ee89-4b04-ae0b-e72ba74fc0c0,Lacoste,Polo de tennis Edition Roland-Garros Homme Bleu Ciel,textile,2026-09-24T04:01:53.535Z,homme,adulte
29d4cb56-7981-41ee-a0fe-da642a992a86,Nike,Zoom Vapor 12 Hypersmash Jaune,chaussures,2026-09-24T04:01:50.744Z,non_determine,adulte
2a04fd58-31b9-4789-8347-348c77787e3c,Prince,TwistPower X 105 270g Left,raquettes,2026-09-22T18:19:54.062Z,non_determine,adulte
2a4748dc-2d4f-47ab-a358-6fad14a7eb03,Adidas,Solematch Control 2 Homme White And Black,chaussures,2026-09-24T04:01:47.767Z,homme,adulte
2a6e476e-2e03-475b-b047-55b015988945,Adidas,Barricade Homme Noir Gris,chaussures,2026-09-24T04:01:49.005Z,homme,adulte
2a88ed04-0b1f-4bc9-89ea-10e9170abecd,Nike,Vapor X Enfant Noir vert,chaussures,2026-09-24T04:01:48.936Z,non_determine,enfant
2ae281c7-1c8b-47d8-82ae-3d8cf4b0bfbb,Asics,Gel Resolution X Terre Battue Femme Bleu,chaussures,2026-09-24T04:01:50.733Z,femme,adulte
2ae42f27-b15f-492d-9ea0-203464599769,Wilson,Shift Duffle Artic Ice 2023,accessoires,2026-09-22T18:20:41.246Z,non_determine,adulte
2b7517f0-cd58-4acc-bc0c-7e80767026c5,Head,Radical MP 2025,raquettes,2026-09-22T18:19:52.197Z,non_determine,adulte
2b80543a-f0f4-4c35-8c0b-d02cf1271f1c,Dunlop,Balles ATP Carton 18 Tubes de 4 balles,accessoires,2026-09-22T18:20:36.686Z,non_determine,adulte
2b91d207-65c5-44c6-9590-6deff1ae58bf,Tecnifibre,T-Fight 255 2025,raquettes,2026-09-22T18:19:55.401Z,non_determine,adulte
2b93169d-7e0f-4213-b4e9-e4020d330409,Asics,Gel Resolution X Femme Creme PE25,chaussures,2026-09-22T18:20:16.728Z,femme,adulte
2bd4378e-7e46-4c62-bacd-ebb16981f3c0,Asics,Gel Resolution 9 Homme Marine Jaune AH24,chaussures,2026-09-24T04:01:51.066Z,homme,adulte
2c18f954-3c3e-478c-91e8-6a439d3d6713,Wilson,Grip de raquette de tennis CLASSIC SPONGE GRIP NOIR,accessoires,2026-09-24T04:01:56.963Z,non_determine,adulte
2c5188c3-b168-485e-af68-e990b7b1cf95,Yonex,Sac Pro 9 Raquettes Rouge,accessoires,2026-09-24T04:01:59.467Z,non_determine,adulte
2caf1ed6-71b3-478b-97b3-c58462e5086d,Luxilon,SAVAGE NOIR 127 BOBINE 200m,cordages,2026-09-24T04:01:47.296Z,non_determine,adulte
2cf2149c-402c-4db2-ac56-90ce3f83d445,Tecnifibre,T-Fight 295 Isoflex 2023,raquettes,2026-09-22T16:07:37.220Z,non_determine,adulte
2cf5e3b3-77e0-43ff-a7a1-ed3c87ebb87e,Nike,Air Vapor Pro 3 Terre Battue Femme Mint,chaussures,2026-09-22T18:20:04.799Z,femme,adulte
2d51d83b-b982-405f-ac66-2e9bdb12ba75,Wilson,Blade Super Tour Sac 9 Raquettes V10,accessoires,2026-09-22T18:20:38.323Z,non_determine,adulte
2db48201-ca99-442b-913b-f7af2a09ce87,Lacoste,Lot de trois paires de chaussettes de tennis Noir,textile,2026-09-24T04:01:53.797Z,non_determine,adulte
2dc978f3-6b89-4164-981b-80fe2fc7e182,Adidas,Courtflash Enfant Blanc Orange,chaussures,2026-09-24T04:01:48.126Z,non_determine,enfant
2e3e150d-7779-468f-9ccd-5a3942b4ab06,Asics,Solution Speed FF 3 Terre Battue Femme Jaune,chaussures,2026-09-24T04:01:49.264Z,femme,adulte
2e40b7b4-01ce-45b8-bb67-affe0c26b3c0,Nike,Casquette de tennis Advantage Club Vieux rose,textile,2026-09-24T04:01:54.881Z,non_determine,adulte
2e418ad7-0b56-4df6-9cb5-6ccbf5bdf3c8,Tecnifibre,T-Fight 270 2025,raquettes,2026-09-22T18:19:55.377Z,non_determine,adulte
2e46858e-4236-45f2-99fc-6a0243f9d193,Asics,Robe Femme Night Energy Performance Noir,textile,2026-09-24T04:01:52.997Z,femme,adulte
2e543714-1afa-42e3-b77a-e965a2a42c67,Adidas,T-Shirt de tennis Climacool FreeLift Pro Homme Blanc,textile,2026-09-24T04:01:51.875Z,homme,adulte
2ee65688-bb69-4851-b5c4-a65451a25e73,Wilson,Sac à dos Super Tour Rouge 2025,accessoires,2026-09-24T04:01:58.866Z,non_determine,adulte
2efa5171-1497-42d6-87c2-a6910919b316,Head,3 Raquettes Tour Racquet Bag S Bleu Canard,accessoires,2026-09-24T04:01:58.447Z,non_determine,adulte
2f752c93-1d59-4b56-81e2-cf2ac53a91cd,Luxilon,4G SOFT 125 GARNITURE,cordages,2026-09-22T18:20:04.027Z,non_determine,adulte
2f9da8b2-748d-4d0a-99e0-fab7e474a04d,Head,Prestige MP 2023,raquettes,2026-09-22T18:19:52.014Z,non_determine,adulte
2f9ed7f7-c166-420f-96ab-1e097d1238a3,Le Coq Sportif,T-shirt de Tennis Homme Graphique Marine,textile,2026-09-24T04:01:54.030Z,homme,adulte
2fef459d-c648-4b7f-8cd7-59e919be2aa8,Hydrogen,Raquettes de tennis Prince by Neon 290g 2024,raquettes,2026-09-22T18:19:53.016Z,non_determine,adulte
2ff84cfd-f8db-4b2e-9faf-bdbe4b08eb69,Asics,Short 7 Homme Performance Noir,textile,2026-09-24T04:01:52.962Z,homme,adulte
30004a15-111d-45e5-8b80-d828a0903874,Nike,"Short de tennis DriFIT Advantage 6"" Homme Noir Spruce",textile,2026-09-24T04:01:54.649Z,homme,adulte
3008b049-0bf8-4e38-a50b-4db121736d05,Adidas,Ubersonic 5 Femme Rouge fluo PE25,chaussures,2026-09-24T04:01:49.586Z,femme,adulte
300fe45e-cc31-49c0-bfd6-73a50cad7fb3,Wilson,Grip de tennis RF Cuir marron,accessoires,2026-09-24T04:01:56.664Z,non_determine,adulte
3027fa2e-03e9-4252-b0e2-e06987ad9c00,Adidas,Short de tennis Climacool Classic Enfant White,textile,2026-09-25T04:01:46.989Z,non_determine,enfant
30a4220a-4088-427a-96ab-aceab873a6a9,Head,Radical Team L 2025,raquettes,2026-09-22T18:19:52.426Z,non_determine,adulte
30b62c31-1a4f-4236-9205-0219470d23e5,Head,Tour Racquet Bag S Gris Bleu 2024,accessoires,2026-09-24T04:01:59.786Z,non_determine,adulte
30b7722f-50d4-4808-9fc5-34900a8cbd17,Babolat,Pure Strike 100 2024,raquettes,2026-09-22T16:07:36.913Z,non_determine,adulte
315d99ee-c516-4f73-8909-8be33450985d,Tecnifibre,Sac a dos de tennis Reform,accessoires,2026-09-22T18:20:38.521Z,non_determine,adulte
317cbc57-0768-4e5a-b210-dc73de3021b6,Tecnifibre,Triax 133 Bobine (200m),cordages,2026-09-22T18:20:00.641Z,non_determine,adulte
31e34172-f0a5-4a42-bf2e-35665fbb138f,Asics,Chaussures Solution Speed FF 3 Femme Terre Battue Blanc rose,chaussures,2026-09-24T04:01:49.150Z,femme,adulte
31ec47db-2a8c-49b9-9ada-a50cdf4c1e5c,Mizuno,Short de tennis Amplify 8 Homme Blanc,textile,2026-09-24T04:01:54.222Z,homme,adulte
31ffbbe3-2eba-4e8e-9b26-a1d1f83ef475,Wilson,Rush Pro Ace Enfant Blanc vert,chaussures,2026-09-24T04:01:48.889Z,non_determine,enfant
321e763c-2aba-41dc-9a68-76f042d52323,Asics,Chaussures Gel Resolution X Homme Terre battue Gris vert,chaussures,2026-09-24T04:01:49.985Z,homme,adulte
326f7031-4951-49dc-8bc0-e320c40f6ccc,Wilson,Sac à dos de tennis Defyer Backpack,accessoires,2026-09-22T18:20:37.787Z,non_determine,adulte
328da313-b539-425e-bd65-8615be147dc5,Asics,Chaussures Court FF 3 Novak Homme Terre Battue Noir,chaussures,2026-09-24T04:01:50.420Z,homme,adulte
32985ec6-a32e-4c00-b7cf-c337e3442fe4,Head,Lynx 120 Bobine 200m Bleu,cordages,2026-09-24T04:01:45.840Z,non_determine,adulte
32aa8860-7ded-43d0-a59b-8541b97d9a0a,Babolat,RPM Rough Jaune 125 Bobine 200m,cordages,2026-09-24T04:01:45.478Z,non_determine,adulte
32b016f0-8434-4035-8912-ea431ff98e3e,Lacoste,AG-LT Ultra All Medvedev Homme Jaune et Noir,chaussures,2026-09-24T04:01:50.100Z,homme,adulte
32b9562f-5999-426f-8c39-010248bca520,Wilson,Sac à dos Clash V3 Super Tour 2025,accessoires,2026-09-22T18:20:43.034Z,non_determine,adulte
331226f8-8ec6-40ca-a862-ec7c38e4f466,Lacoste,T-shirt de tennis Ultra Dry Homme Blanc Vert AH24,textile,2026-09-24T04:01:53.879Z,homme,adulte
33282145-12cd-4576-8d20-e7f360c50c69,Head,RIP CONTROL 130 NATUREL GARNITURE,cordages,2026-09-22T18:20:04.326Z,non_determine,adulte
332f9fe5-57d0-47e7-93cd-eb08a56b0991,Head,Gravity Jr 26 2025,raquettes,2026-09-22T18:19:50.965Z,non_determine,enfant
3348712e-73d0-4f9b-95ff-6e0966fe4ddd,Hydrogen,Short de tennis Tech Short Homme Blanc AH24,textile,2026-09-24T04:01:53.329Z,homme,adulte
339825b4-0929-4592-ac0a-3180fd0e33aa,Waterdrop,Gourde Thermo ATP Tour Officiel 1L Blanche,accessoires,2026-09-24T04:01:56.527Z,non_determine,adulte
3399d74c-51de-453d-9094-03d3a071692e,Nike,Air Vapor Pro 3 Terre Battue Femme Creme rouge,chaussures,2026-09-24T04:01:49.540Z,femme,adulte
33bffa32-8da0-43b1-aad8-2240c49e142b,Nike,Pantalon de tennis Homme Heritage Mineral,textile,2026-09-22T18:20:31.882Z,homme,adulte
33d310a2-4c35-4847-92b8-76a1fce2ccb2,Nike,Pantalon Court Heritage Homme Hiver 2024,textile,2026-09-22T18:20:32.282Z,homme,adulte
33f5dbbe-1736-4571-8166-2109a6dd52bb,Head,Radical MP 2023,raquettes,2026-09-22T18:19:52.346Z,non_determine,adulte
34b20151-da30-4c69-8142-33ee894abfd9,Nike,Débardeur tennis femme Drifit Graphic Debardeur Femme Noir Ete 2023,textile,2026-09-24T04:01:56.265Z,femme,adulte
34baab2d-0f58-4834-9906-9d5a11ab5481,Nike,Vapor Pro 3 Terre Battue Homme Bleu corail,chaussures,2026-09-24T04:01:49.881Z,homme,adulte
34eabab8-03bb-4b0d-ba2d-2059c4ee79dc,Tecnifibre,TGV 130 Naturel Garniture,cordages,2026-09-22T18:20:00.923Z,non_determine,adulte
3500ae7a-4e30-4f70-a5bb-74d2f0b3937a,Tourna grip,Surgrip de tennis SURGRIP ORIGINAL X3,accessoires,2026-09-22T18:20:35.260Z,non_determine,adulte
350b641f-5c63-4d03-8e3b-480db229cafd,Nike,"Short de tennis DriFIT Advantage 6"" Homme Noir",textile,2026-09-24T04:01:54.904Z,homme,adulte
353fab61-136c-4bc2-ac34-1ffaed7408b3,Wilson,6 Raquettes Super Tour Rouge 2025,accessoires,2026-09-24T04:01:58.878Z,non_determine,adulte
354c6b8a-c19d-42cd-bfc1-3023b066d7ae,Asics,Sweat Femme Performance Gris vert,textile,2026-09-24T04:01:53.009Z,femme,adulte
354d5eb1-1be9-4d79-89de-59965356095a,Asics,Gel Resolution X Femme Bleu,chaussures,2026-09-24T04:01:50.721Z,femme,adulte
357fd55d-cde9-4278-8416-a54ff0cb44a2,Asics,Gel Resolution X Enfant White And Midnight,chaussures,2026-09-24T04:01:47.851Z,non_determine,enfant
36097a9a-12f9-4f9c-958e-18203680272b,Wilson,Rush Pro 5 Homme White Bay Fiery,chaussures,2026-09-24T04:01:48.200Z,homme,adulte
36123049-a681-4acc-9941-79b2b74dc8d1,Asics,Short de tennis Garçon Black,textile,2026-09-24T04:01:52.846Z,homme,enfant
3646c590-a7ed-416f-852e-f388396234f0,Babolat,Pure Strike 100 16x19 Carbon,raquettes,2026-09-22T18:19:47.894Z,non_determine,adulte
36511b5e-12e9-425f-824c-36b0532fbcac,Babolat,RPM BLAST 125 GARNITURE,cordages,2026-09-22T18:20:03.617Z,non_determine,adulte
36553b90-01c6-44de-8e31-767e4d1f5eb2,Lacoste,T-shirt Logo Crocodile Homme AH23,textile,2026-09-22T18:20:25.577Z,homme,adulte
36960689-df34-4e9d-a1d7-239a9e7ce95e,Prince,Antivibrateur de tennis by Hydrogen Antivibrateur Skull 2024,accessoires,2026-09-22T18:20:35.943Z,non_determine,adulte
36ebd60c-4667-426c-a6b1-88b3fb463868,Adidas,Barricade 14 Homme Noir,chaussures,2026-09-24T04:01:48.499Z,homme,adulte
3702fc9c-9d47-4551-b5ec-c61daeaa872c,Asics,Short de tennis Garçon Midnight,textile,2026-09-22T18:20:22.019Z,homme,enfant
37894dcb-757a-446a-8ae1-7092e0eb7bed,Head,Lynx Tour Garniture,cordages,2026-09-22T18:20:03.899Z,non_determine,adulte
379aec6f-93cd-4257-bc4f-6e6903425ccc,Wilson,Clash 100 Pro V3 2025,raquettes,2026-09-22T18:19:56.519Z,non_determine,adulte
37be1e4f-89f0-4b18-ae31-48d5d3c94c80,Floky,Manchon de tennis No Strain Black x2,textile,2026-09-24T04:01:53.306Z,non_determine,adulte
37e09134-2f17-4328-a423-ea9ee96ad642,Wilson,Surgrip de tennis PRO OVERGRIP PACK 3 ORANGE,accessoires,2026-09-24T04:01:56.896Z,non_determine,adulte
37f59175-7f0b-4e58-9da1-66f8d630980b,Head,Surgrip de tennis XTREME SOFT NOIR,accessoires,2026-09-24T04:01:57.042Z,non_determine,adulte
37ff5627-ce82-4052-be5e-7197cc53a59e,Babolat,Pure Aero Rafa Sac 12 Raquettes 2023,accessoires,2026-09-22T18:20:43.625Z,non_determine,adulte
3804e78e-de3e-4722-800d-1c3a55d780d6,Babolat,Court M Noir,accessoires,2026-09-24T04:01:58.608Z,non_determine,adulte
380b794d-c1f0-4ba3-85f5-8a6d48638aea,Nike,Vapor Pro 3 Terre Battue Homme Camo Green,chaussures,2026-09-24T04:01:47.470Z,homme,adulte
38483f71-db95-4829-9d3c-bcb95c7445ac,Wilson,Blade Super Tour Small Duffel V10,accessoires,2026-09-22T18:20:38.402Z,non_determine,adulte
387306ad-472b-404d-8693-d57403fb2943,Babolat,RPM TEAM 125 BOBINE 200m,cordages,2026-09-22T18:20:03.255Z,non_determine,adulte
388d0f94-ba63-45b0-a447-5d666dfc85a8,Luxilon,SAVAGE NOIR 127 GARNITURE,cordages,2026-09-24T04:01:47.234Z,non_determine,adulte
391dbfcf-e227-44a7-b77f-9f67514acca5,Nike,T-shirt de tennis Homme Coton Heritage Motif Animal Blanc,textile,2026-09-24T04:01:55.709Z,homme,adulte
393ba9b4-489e-46e0-b864-e6e0b20865ad,Head,HAWK BLANC 125 BOBINE 200m,cordages,2026-09-24T04:01:46.775Z,non_determine,adulte
3953c589-a990-4986-8e7e-92b3b1aa3642,Tecnifibre,Antivibrateur de tennis Fire,accessoires,2026-09-22T18:20:33.511Z,non_determine,adulte
397034df-cae1-4bc6-82ad-f3a4f8bb4b3d,Wilson,Rush Pro 4.5 Homme Blanc vert,chaussures,2026-09-24T04:01:50.846Z,homme,adulte
39b0e9bc-01ca-4d20-a97f-39a1ce2854a3,Babolat,Lot de deux raquettes de tennis Pure Aero 98 Gen9,raquettes,2026-09-22T18:19:47.078Z,non_determine,adulte
39b36250-4629-4b4b-b508-ddbb6e97809f,EA7,Jupe de tennis Jupe Ventus7 Femme Navy PE24,textile,2026-09-22T18:20:23.147Z,femme,adulte
39f5c4a4-5278-485c-8ead-f31f8ca83a98,Mizuno,Short de tennis Flex Short Homme Blanc,textile,2026-09-24T04:01:54.210Z,homme,adulte
3a15582d-73e8-43af-8122-6d2746ec09b8,Nike,Visière de tennis femme Advantage Ace Visière Noir,textile,2026-09-24T04:01:54.950Z,femme,adulte
3b055aa4-2e52-425c-b98f-07f5bc8ab95b,Lacoste,Lot de trois paires de chaussettes de sport blanches,textile,2026-09-22T18:20:24.094Z,non_determine,adulte
3b417c12-e0ad-4233-a005-8194bf528b09,Tecnifibre,T-Fight 300 ID Bleu,raquettes,2026-09-24T04:01:44.151Z,non_determine,adulte
3b65e1d4-bf64-41f6-b530-e5c0cf090495,Nike,Haut de tennis à manches longues 1/2 Zip Enfant Corail,textile,2026-09-24T04:01:55.971Z,non_determine,enfant
3badf589-04f6-4103-87b1-c665e94c447c,Adidas,T-Shirt de tennis Pro Enfant Noir Jaune,textile,2026-09-24T04:01:52.285Z,non_determine,enfant
3bce463a-1648-49b4-b413-33dcdd5db23c,Babolat,Pure Strike 98 16x19 2024,raquettes,2026-09-22T16:07:36.815Z,non_determine,adulte
3bdda89f-af0a-4f7d-acf6-83ec065d0856,Tecnifibre,RAZOR CODE 125 BLEU BOBINE 200m,cordages,2026-09-24T04:01:46.878Z,non_determine,adulte
3c0d2c34-3669-4500-a396-ab743afa4dab,Nike,Jupe de tennis Court Slam Femme white,textile,2026-09-24T04:01:54.443Z,femme,adulte
3c0ef892-048f-4ac8-a4b7-08ff3c77a783,Adidas,Adizero Ubersonic 4.1 Homme Blanc Bleu AH24,chaussures,2026-09-24T04:01:51.054Z,homme,adulte
3c11c0a4-4138-48a9-a191-b03c92734967,Babolat,Pulsion Kid Noir Multicolore,chaussures,2026-09-24T04:01:48.841Z,non_determine,enfant
3c220b6b-f5d6-44e7-bae2-ad5802afa2cd,Tecnifibre,Triax 138 Bobine (200m),cordages,2026-09-22T18:20:00.617Z,non_determine,adulte
3c232a7c-2494-4820-97b5-ebce41187ce0,Nike,GP Challenge 1.5 Homme Noir volt,chaussures,2026-09-24T04:01:48.383Z,homme,adulte
3c4e5385-4f30-4857-8704-f1344f7e4596,Lacoste,T-shirt de tennis Gros Logo Homme Marine Blanc,textile,2026-09-24T04:01:53.466Z,homme,adulte
3c6fc389-4096-449d-9b41-147563c9d15b,Nike,Sweat 1/2 Zip Enfant Noir,textile,2026-09-24T04:01:55.595Z,non_determine,enfant
3c806e54-900a-41e3-a545-cd2803161f49,Nike,Chaussettes de tennis DRY CUSH SOCKS 3 PAIRES HAUTES DRI-FIT BLANC / GRIS,textile,2026-09-24T04:01:56.309Z,non_determine,adulte
3c83a7f3-4fa5-4757-bd54-5364bdc09430,Nike,GP Challenge 1 Femme Bleu,chaussures,2026-09-24T04:01:49.529Z,femme,adulte
3ccef2cf-4721-4940-8315-48302aa6c4fd,Babolat,Pure Aero Super Lite Gen9,raquettes,2026-09-22T18:19:47.434Z,non_determine,adulte
3cf7a567-811b-4763-8c71-fad320e187d7,Head,DJOKOVIC DAMPENER,accessoires,2026-09-22T18:20:35.739Z,non_determine,adulte
3d48e9bc-aa6d-41f0-9e88-7510d4a359b5,Prince,Synthetic Gut Duraflex 130 Limited Edition Rainbow,cordages,2026-09-22T18:20:03.791Z,non_determine,adulte
3d7ee863-3f21-405a-a5c3-24fa475fdd88,Adidas,Polo de tennis Pro Blanc Trefle Homme,textile,2026-09-24T04:01:52.149Z,homme,adulte
3d8648d8-eb3c-4227-811e-e1a1e4d8cace,Le Coq Sportif,Débardeur de Tennis Femme Bleu,textile,2026-09-24T04:01:54.008Z,femme,adulte
3dcf5009-1e86-41c9-a112-cf472d9a74c2,Nike,"Short de tennis DriFIT Advantage 6"" Homme Gris bleu",textile,2026-09-24T04:01:55.400Z,homme,adulte
3dd71307-3f97-4d8a-96c5-d41313a78c8b,Lacoste,L23 300 gr,raquettes,2026-09-22T16:07:38.426Z,non_determine,adulte
3e1e6ffb-d0d9-4aff-9568-e82bd2586109,Luxilon,ELEMENT 130 BOBINE 200m,cordages,2026-09-22T18:20:01.206Z,non_determine,adulte
3e27b1cb-e5c8-493c-aa9c-d6f47826511f,Mizuno,Wave Enforce Court Terre Battue Femme Blanc Bleu,chaussures,2026-09-24T04:01:49.632Z,femme,adulte
3e6643ff-8fd3-4ce8-a44d-5498b531a5a0,Head,Tour Racquet Bag XL Vert fluo,accessoires,2026-09-24T04:01:59.538Z,non_determine,adulte
3e6f2c5d-af6f-4d58-9bb8-38c9ce107c0f,Head,9 Raquettes Tour Racquet Bag L Rose,accessoires,2026-09-24T04:01:58.391Z,non_determine,adulte
3ee84bdc-4ef6-4937-94ac-abdc00117cdd,Wilson,Blade 26 V10,raquettes,2026-09-22T18:19:57.563Z,non_determine,enfant
3f144bc5-7a8e-4a17-8183-8130f7551832,Head,9 Raquettes Tour Racquet Bag L Noir,accessoires,2026-09-24T04:01:59.240Z,non_determine,adulte
3f14e635-9cbd-4d4b-adb9-82d7c8c52644,Nike,Pull Homme Fleece Heritage Crew Melbourne Mineral,textile,2026-09-22T18:20:31.857Z,homme,adulte
3f253a4f-2ca6-4f6e-a573-17da4d8f569b,Lacoste,Pantalon de tennis Homme Marine AH24,textile,2026-09-24T04:01:53.892Z,homme,adulte
3f9be57e-f732-4267-a352-3dbbf5edf569,Mizuno,Pantalon de tennis femme Training Sweat Pantalon Femme AH22,textile,2026-09-22T18:20:26.651Z,femme,adulte
3ff71284-fb7a-4af5-894e-a7fa38d49fd2,Babolat,Boost Aero pink,raquettes,2026-09-24T04:01:41.858Z,non_determine,adulte
40081862-a444-466a-a283-af9b431b90c4,Asics,Chaussures Solution Speed FF 3 Homme Terre Battue Noir,chaussures,2026-09-24T04:01:50.549Z,homme,adulte
40376c37-f7c0-4973-bde8-37129fb8dd11,Tecnifibre,SURGRIPS PRO CONTACT X12 BLANC,accessoires,2026-09-24T04:01:56.859Z,non_determine,adulte
4076e5d7-7e6f-4805-a59a-017c3e6c86b6,Le Coq Sportif,Terre Battue Homme Marine Jaune PE24,chaussures,2026-09-24T04:01:51.041Z,homme,adulte
40cfe7c7-1f0e-4fc5-9bc0-93ae1a08aeb9,Babolat,Pure Aero 2023,raquettes,2026-09-22T16:07:35.840Z,non_determine,adulte
40ee2d5d-ed0f-45eb-80a7-bbce6661e3a4,Babolat,Orange Tube de 3 Balles,accessoires,2026-09-24T04:01:57.749Z,non_determine,adulte
40fab168-2fa5-46de-843a-5e6c70d272cb,Lacoste,T-shirt de tennis Gros Logo Homme Bleu roi PE24,textile,2026-09-24T04:01:53.962Z,homme,adulte
410118bb-66ba-4524-b50c-e56daebfe164,Head,Grip de raquette de tennis Hydrosorb Grip,accessoires,2026-09-22T18:20:34.804Z,non_determine,adulte
41342bb2-8802-45ad-bff5-2d64631b9f92,Asics,Game FF Femme Blanc rose,chaussures,2026-09-24T04:01:48.762Z,femme,adulte
414a18a0-2eca-4e6e-b973-ee7ab874cb72,Adidas,Chaussures Defiant Speed 2 Terre battue Homme Blanc vert,chaussures,2026-09-24T04:01:50.293Z,homme,adulte
416ae85f-8ddd-4fea-98c8-537b52c0c1ca,Wilson,Duffle Roland Garros 2026 Cream,accessoires,2026-09-22T18:20:41.499Z,non_determine,adulte
417cf636-7376-4f0a-8f0a-361c118f42f2,Tecnifibre,TF40 315 18M,raquettes,2026-09-22T18:19:54.904Z,non_determine,adulte
41aa97ca-40d2-47b7-9018-34ac3088622f,Luxilon,4G 125 Noir Bobine 200m,cordages,2026-09-24T04:01:45.681Z,non_determine,adulte
4211e00a-d82a-43c6-bba0-2db66181f40d,Yonex,Ezone 98 Espresso 2026,raquettes,2026-09-22T18:19:58.235Z,non_determine,adulte
423d44c6-ab47-425e-87f0-532bdeaa1f01,Adidas,Débardeur de tennis femme Stella Mccartney Debardeur Femme AH19,textile,2026-09-22T18:20:21.734Z,femme,adulte
4248b359-d997-4404-b50d-50478d94f116,Babolat,Jet Mach 3 Femme Bleu foncé,chaussures,2026-09-24T04:01:49.371Z,femme,adulte
426bab8b-4756-4826-bfdb-164b048f77d4,Wilson,Ultra 100 V5,raquettes,2026-09-22T18:19:56.913Z,non_determine,adulte
4333a03f-dff9-4c23-9b7a-2c63f7b06a16,Prince,Warrior 100 (285g) 2023,raquettes,2026-09-22T18:19:53.754Z,non_determine,adulte
4361bbbd-1ab2-497e-9bd3-6009b830285c,Wilson,Bobine Revolve Spin 130 Noir 200 M,cordages,2026-09-24T04:01:46.040Z,non_determine,adulte
4392d8bd-aa9b-43a7-b32a-af208301e4f5,Nike,Vapor Lite 3 Femme Blanc Heritage,chaussures,2026-09-24T04:01:50.891Z,femme,adulte
43db071f-7244-4745-ae17-5ca635ae221f,Adidas,T-Shirt de tennis Graphique Clay Is Not Homme White,textile,2026-09-24T04:01:51.828Z,homme,adulte
44a09768-f8c0-48d5-822a-29dea4b03a84,Prince,Tour 100 L (260g) 2023,raquettes,2026-09-22T18:19:53.935Z,non_determine,adulte
44a421a6-d266-47ab-a8d0-29a53c27efbd,Asics,Solution Speed FF 4 Femme Night Energy,chaussures,2026-09-22T18:20:05.304Z,femme,adulte
4502bc72-7fd3-4f48-85c1-b2dfe15d2010,Asics,Chaussures Gel Resolution X Homme Terre battue Bleu turquoise,chaussures,2026-09-24T04:01:50.503Z,homme,adulte
452832b4-bbfd-4547-92ff-0a1d281058c6,Tecnifibre,Antivibrateur de tennis Flame ID,accessoires,2026-09-22T18:20:35.842Z,non_determine,adulte
457cd835-980a-4b22-9ba3-c07a1ee2e50b,Wilson,Blade Feel 100 2023,raquettes,2026-09-22T18:19:57.778Z,non_determine,adulte
45a9b44c-02a4-4deb-8d15-c0c183153c8d,Nike,Pantalon Heritage Femme Vert foncé,textile,2026-09-24T04:01:55.274Z,femme,adulte
45cd55a5-447d-4dab-a5ae-caecd31aa706,Babolat,Xalt 125 garniture,cordages,2026-09-22T18:19:59.265Z,non_determine,adulte
45f0f189-f418-4a70-a955-1b884a1991e9,Babolat,Pure Strike 100 16x20 2024,raquettes,2026-09-22T18:19:48.203Z,non_determine,adulte
466847f5-6905-4f09-9d7e-1a1a704eec0c,Nike,Zoom GP Challenge Pro Homme Noir Volt,chaussures,2026-09-24T04:01:48.396Z,homme,adulte
46a3a77f-3e6b-4e40-a1da-19142032c8ce,Nike,Jupe de tennis Victory Flouncy Femme Noir,textile,2026-09-24T04:01:55.125Z,femme,adulte
46d5ba76-3fa9-4059-baa4-426264d80b05,Luxilon,ELEMENT 125 GARNITURE,cordages,2026-09-22T18:20:02.032Z,non_determine,adulte
46fad23d-63f2-4b1a-bfa0-a208161a3746,Tecnifibre,Fire 270,raquettes,2026-09-22T18:19:54.396Z,non_determine,adulte
47418e1a-ba73-4553-ae9c-b6938d3e3869,Babolat,VS TOUCH 130,cordages,2026-09-22T18:20:03.509Z,non_determine,adulte
479b2f92-9b24-45b8-8033-dc9375800814,Nike,Lot de 3 Paires de chaussettes Courtes Everyday Elevated Blanc,textile,2026-09-24T04:01:56.332Z,non_determine,adulte
47a57bad-44b7-41be-9e9a-c3bb61710084,Mizuno,Debardeur de tennis Mugen Printed Femme Bleu AH24,textile,2026-09-24T04:01:54.292Z,femme,adulte
47a607cc-9e97-4cff-93d4-97a9bfd7d4ec,Nike,T-shirt de tennis Advantage Printed Striped Homme Marron,textile,2026-09-24T04:01:55.858Z,homme,adulte
47daebfd-f138-4a39-88de-e2cde87bf480,Adidas,Jupe de tennis Match Pro Femme Blanc Orange,textile,2026-09-24T04:01:51.680Z,femme,adulte
480e0ded-09da-4f8a-9267-533c0d3bb467,Tecnifibre,Sac à dos Tour Endurance Blanc 2025,accessoires,2026-09-24T04:01:58.957Z,non_determine,adulte
4818038b-f61c-4395-8e64-37717ec6f50b,Head,Boom MP L 2026,raquettes,2026-09-22T18:19:49.874Z,non_determine,adulte
4852c950-4f9f-4c1e-ba76-ad5b83013a4a,Nike,Short de tennis Multi Enfant Bleu Marine,textile,2026-09-24T04:01:54.732Z,non_determine,enfant
48865ca2-d376-489e-a96f-6a5243f581e2,Nike,Vapor Pro 3 Terre Battue Homme Noir,chaussures,2026-09-24T04:01:50.237Z,homme,adulte
48a67583-a88c-4b96-a9e0-f0966417a88d,Head,12 Raquettes Tour Racquet Bag XL Parme,accessoires,2026-09-22T18:20:38.814Z,non_determine,adulte
48c2603d-fe38-4b3d-9bfd-bec60cd1544f,Yonex,Chaussures Eclipsion 5 Homme Terre Battue Bleu marine,chaussures,2026-09-24T04:01:49.427Z,homme,adulte
48ce4d2e-8922-4e70-9fd7-6120f89b8619,Asics,Solution Speed FF 4 Terre Battue Homme Night Energy,chaussures,2026-09-22T18:20:05.249Z,homme,adulte
48fe94a3-da2b-43d8-bf29-bc03bbb026bf,Adidas,T-shirt de tennis T-shirt New York Homme AH22,textile,2026-09-22T18:20:21.430Z,homme,adulte
49528e4d-2ade-4201-92dd-d62b93d232f4,Mizuno,Sous Short de tennis Tight Femme Blanc,textile,2026-09-24T04:01:54.257Z,femme,adulte
49734806-0855-4415-88d2-fe6251043e90,Tecnifibre,X One 36 Tubes de 3 balles,accessoires,2026-09-22T18:20:37.479Z,non_determine,adulte
49774fd5-f5ba-4d05-9a9b-5ce2e72015ad,Wilson,15 Raquettes Clash V3 Super Tour 2025,accessoires,2026-09-22T18:20:42.985Z,non_determine,adulte
49a1d080-021b-4f60-84a2-41e820d0a7f4,Head,Gravity Jr 25 2025,raquettes,2026-09-22T18:19:50.990Z,non_determine,enfant
49b8e34f-68da-4360-81bc-0c70c3bd7461,Adidas,Solematch Control 2 Homme Blanc Rouge PE25,chaussures,2026-09-24T04:01:49.563Z,homme,adulte
49c32eb0-dd9c-4ba0-b4aa-a560af84a227,Wilson,Sac à dos tennis RF Backpack Black 2024,accessoires,2026-09-24T04:01:59.696Z,non_determine,adulte
49d0a079-ec60-4ba3-9d46-029ff237ac5c,Lacoste,T-shirt de tennis Gros Logo Homme Vert Blanc,textile,2026-09-24T04:01:53.819Z,homme,adulte
4a12fc68-1cc5-4869-ab02-7df087928287,Prince,Sac à dos x Smiley Tour Noir jaune,accessoires,2026-09-24T04:01:58.574Z,non_determine,adulte
4a1ac45e-8487-4fa1-889d-7e5578ec155e,Nike,Debardeur de tennis Pro Enfant Parme,textile,2026-09-22T18:20:28.062Z,non_determine,enfant
4a1f2f9d-2ac3-47ff-be52-d1948078af2c,Adidas,Ubersonic 5 Homme Jaune,chaussures,2026-09-24T04:01:49.230Z,homme,adulte
4a8d2e76-118d-4a50-9f8d-6e8a6ca8d76b,Babolat,Boost Strike 2024,raquettes,2026-09-22T18:19:48.252Z,non_determine,adulte
4aa0f9bd-f323-4dc5-863c-8b46d3747032,Babolat,VS TOUCH 135,cordages,2026-09-22T18:20:03.484Z,non_determine,adulte
4aafee71-1c48-43dd-8021-37c15ba48adf,Tecnifibre,Fire 300,raquettes,2026-09-22T18:19:54.348Z,non_determine,adulte
4acd4bd8-314a-4abc-ab76-f23c0b96e752,Head,Lynx 120 Bobine 200m Vert,cordages,2026-09-24T04:01:45.806Z,non_determine,adulte
4b06f5f1-e7e0-48d7-ba76-a2674c97bebc,Nike,T-shirt de tennis Advantage Heritage Homme Violet,textile,2026-09-24T04:01:54.627Z,homme,adulte
4b615e7b-bbe1-43cf-b294-389b0664868d,Wilson,Surgrip de tennis PRO OVERGRIP PACK 3,accessoires,2026-09-22T18:20:35.639Z,non_determine,adulte
4bf68a13-a8ba-4e58-8631-94f712ae25de,Yonex,Power Cushion AD Accel Homme Beige,chaussures,2026-09-24T04:01:48.947Z,homme,adulte
4c269dca-9fec-4c70-8dd1-c3279539b69b,Babolat,Pulsion All Court Kid noir,chaussures,2026-09-24T04:01:51.007Z,non_determine,enfant
4cd3d271-812b-40f1-9737-3fff0b379f6b,Head,BIPACK PRO TUBE X4 BALLES,accessoires,2026-09-22T18:20:37.503Z,non_determine,adulte
4cff9481-7c15-4e39-8791-59dce7ba0138,Wilson,Rush Pro 4.5 USO Homme Blanc rouge,chaussures,2026-09-24T04:01:50.181Z,homme,adulte
4d0cdebb-6d45-4b7d-a42b-392486cf052e,Head,Gravity MP L 2025,raquettes,2026-09-22T18:19:50.888Z,non_determine,adulte
4d0f17da-f0c2-4598-8694-df07afbcdabd,Tecnifibre,Tour Endurance 6 Raquettes Beige,accessoires,2026-09-24T04:01:59.421Z,non_determine,adulte
4d6fda04-6844-4ad0-86e3-81e375aa5a9a,Wilson,Shift 99 V1 Roland Garros Night Session 2025,raquettes,2026-09-22T18:19:56.204Z,non_determine,adulte
4d7105eb-d9a7-449a-b10e-b4be721f55ce,Wilson,Rush Pro 4.5 Homme Noir AH24,chaussures,2026-09-24T04:01:51.089Z,homme,adulte
4db687ea-272e-4b83-a3a2-1ff4ff55738d,Nike,Casquette de tennis Advantage Club Kaki clair,textile,2026-09-24T04:01:54.892Z,non_determine,adulte
4de51240-0fe4-4238-ad2d-b4345fe8b316,Tecnifibre,T-Fight Team L 2025,raquettes,2026-09-22T18:19:54.990Z,non_determine,adulte
4df8339c-f0b1-492e-a6ba-e4aac25e595f,Hydrogen,T-shirt de tennis Sketch Homme Marine Jaune,textile,2026-09-24T04:01:53.317Z,homme,adulte
4e110873-cf7f-4009-b915-2805cf8cf0e1,Wilson,Rush Pro Extra Duty Homme Noir,chaussures,2026-09-24T04:01:50.170Z,homme,adulte
4e7fadb8-bdda-45fa-9344-41589a7d4014,Nike,Short de tennis Advantage Short 7 Homme Parme Automne 2024,textile,2026-09-22T18:20:32.345Z,homme,adulte
4e88c8d1-e5c4-4a3d-b335-63908d5d1779,Wilson,Surgrip de tennis PRO OVERGRIP PACK 30,accessoires,2026-09-22T18:20:36.484Z,non_determine,adulte
4e8ce270-35b5-461e-9860-e92b2d7da769,Babolat,Orange Carton de 24 Tubes de 3 Balles,accessoires,2026-09-24T04:01:57.502Z,non_determine,adulte
4e9b4ff6-70ed-41da-9834-a7035d5159f7,Mizuno,Wave Enforce Court CC Homme,chaussures,2026-09-22T18:20:13.035Z,homme,adulte
4ea6250e-3806-4d34-bb8a-d59bb3b96215,Babolat,Sac à dos de tennis Pure Drive Gen11,accessoires,2026-09-22T18:20:42.933Z,non_determine,adulte
4ef067f0-2106-4a02-84f4-7db90ddc92cd,Wilson,Pro Staff Team Classic,raquettes,2026-09-22T18:19:57.982Z,non_determine,adulte
4f286f9a-a9d0-4310-a41b-c989c576a9ce,Wilson,Blade 25 V10,raquettes,2026-09-22T18:19:57.634Z,non_determine,enfant
4f7e53b8-56d7-4230-ae97-4d2b12a4fea8,Nike,Zoom GP Challenge 1.5 Homme Steam black,chaussures,2026-09-24T04:01:48.234Z,homme,adulte
504907d0-1460-44a7-8d87-856b871e851f,Tecnifibre,Carton Balles Club 36 Tubes de 4 Balles,accessoires,2026-09-22T18:20:37.455Z,non_determine,adulte
5065a6fb-a164-43bf-b1e0-5950d1a52904,Nike,Vapor Lite 3 Homme Premium Gris Corail,chaussures,2026-09-24T04:01:50.204Z,homme,adulte
5088622a-c7be-49de-bb96-1cfb020d046f,Luxilon,Element 127 Soft IR,cordages,2026-09-22T18:20:03.712Z,non_determine,adulte
50d40d40-bcca-4f98-a856-7347825185c5,Babolat,XCEL 135 GARNITURE,cordages,2026-09-22T18:20:04.175Z,non_determine,adulte
510c5056-8ea0-4b69-94af-76385e9b4cbd,Nike,Pantalon Homme Heritage Gris clair,textile,2026-09-24T04:01:55.891Z,homme,adulte
51154488-5910-4b91-9444-b6c60d6b463d,Wilson,Rush Pro 4.5 Homme Noir rouge,chaussures,2026-09-24T04:01:49.484Z,homme,adulte
512a0f1c-d38a-47cb-b912-32cee1230b59,Head,Sac à dos de tennis Extreme 2024,accessoires,2026-09-22T18:20:43.193Z,non_determine,adulte
5130ea1e-2263-40a4-a93f-04ccd40858f6,Nike,Jupe de tennis Victory Flouncy Femme Blanc,textile,2026-09-24T04:01:55.031Z,femme,adulte
514f407c-7d8a-4049-a642-f22d697e81f7,Wilson,Ultra 25 V4.0 2023,raquettes,2026-09-22T18:19:57.063Z,non_determine,enfant
5186bf17-a449-46ee-948e-73df44748cfb,Nike,Short de tennis Advantage Short 7 Homme Bleu Hiver 2024,textile,2026-09-24T04:01:56.073Z,homme,adulte
51b339bb-b202-4c00-a2d4-41b7d25f3f66,Prince,Tour 1 Comp Noir Rose,accessoires,2026-09-24T04:01:59.479Z,non_determine,adulte
51d8ebb9-9596-41bf-b169-0c6cdee5518b,Tecnifibre,TGV 130 Naturel Bobine 200M,cordages,2026-09-22T18:20:01.025Z,non_determine,adulte
51df933d-3b5c-4740-bbbe-f61d46a92f71,Nike,Vapor Lite 3 Homme Steam Black,chaussures,2026-09-24T04:01:48.269Z,homme,adulte
5251422f-0886-4fe8-b85f-cf15b151693c,Adidas,T-shirt de tennis homme FreeLift T-shirt Pro Homme Gris clair PE24,textile,2026-09-24T04:01:52.438Z,homme,adulte
525a6498-a2dc-4edb-90dd-01caa9a993dc,Lacoste,T-shirt de tennis Equipe de France Homme Blanc,textile,2026-09-24T04:01:53.627Z,homme,adulte
52a94c03-0420-4c81-9cb6-611ec409c079,Yonex,Eclipsion 5 Homme Bleu marine Jaune,chaussures,2026-09-24T04:01:50.823Z,homme,adulte
52aaf51c-89e2-4a8f-9e0b-9f07632f72c9,Babolat,Propulse Enfant Orange,chaussures,2026-09-24T04:01:49.416Z,non_determine,enfant
52efc7a7-1adc-40da-8245-ca323d674392,Head,12 Raquettes Tour Racquet Bag XL Noir,accessoires,2026-09-24T04:01:58.334Z,non_determine,adulte
5306f95e-0ee4-4ea0-8fff-5de505ea452b,Adidas,Lot de 2 petits poignets Y3 Gris,textile,2026-09-24T04:01:52.104Z,non_determine,adulte
5309e4db-5c7b-41d8-94b7-22cce7287b2b,Adidas,Solematch Control Homme Bleu AH23,chaussures,2026-09-24T04:01:51.226Z,homme,adulte
5309f0c5-d949-4f4e-ba92-7c6feb96442d,Yonex,Polytour Pro 120 Jaune Bobine 200m,cordages,2026-09-24T04:01:47.144Z,non_determine,adulte
534b56a8-cb43-442e-b9e7-8cfd1d972fe0,Nike,Vapor Lite 3 Femme Jaune,chaussures,2026-09-24T04:01:48.452Z,femme,adulte
53ac79b5-6493-4648-98c9-5cb86ad22e9d,Head,Extreme Elite 2026,raquettes,2026-09-22T18:19:52.525Z,non_determine,adulte
53ae769f-b32c-4e86-95c1-06373f8d5f70,Babolat,Rpm Hurricane Jaune 120 Bobine 200m,cordages,2026-09-24T04:01:45.888Z,non_determine,adulte
53cfbf03-ff45-46f6-9fcb-fe146728c1d3,Le Coq Sportif,T-shirt de tennis Yannick Noah Enfant Blanc Bleu PE24,textile,2026-09-24T04:01:54.177Z,non_determine,enfant
53cfc0d9-71f7-494e-a2a0-4f6eeaffb3b9,Head,Gravity Pro 2025,raquettes,2026-09-22T18:19:50.785Z,non_determine,adulte
54022fe7-8799-4806-807e-ac42e4bf8544,Head,Speed MP 2022,raquettes,2026-09-22T18:19:51.785Z,non_determine,adulte
5429c398-c50e-4f01-b1e5-c3634135c20a,Head,Boom MP L Alternate 2026,raquettes,2026-09-22T18:19:49.839Z,non_determine,adulte
54368b45-b019-43f3-8e7f-25d3511661fb,Nike,Pantalon de tennis Fleece Heritage Homme Bleu canard,textile,2026-09-24T04:01:55.517Z,homme,adulte
543ad207-b128-4daf-8280-c58192f44049,Wilson,Rush Pro 4.0 Homme AH22,chaussures,2026-09-22T18:20:12.479Z,homme,adulte
54677a3e-beaa-49dd-9be9-14d013bd6ba9,Asics,Court FF 3 Terre Battue Homme Night Energy,chaussures,2026-09-22T18:20:05.120Z,homme,adulte
54a2a48e-d698-4d1b-8574-f505ff48b1e8,Nike,Zoom Vapor 12 Homme Light Silver,chaussures,2026-09-24T04:01:49.802Z,homme,adulte
553a9bcc-d5bd-414f-97c5-251a1998e45c,Lacoste,Short de tennis Enfant Marine,textile,2026-09-24T04:01:53.443Z,non_determine,enfant
5547fafc-5194-4996-8edc-4e2fd8100fd4,Asics,Gel Game Enfant Creme rose,chaussures,2026-09-24T04:01:49.208Z,non_determine,enfant
55a217c1-91e9-4434-a3d7-170a5a6ead60,Adidas,Lot de 2 Grands Poignets Trefle Blanc Vert,textile,2026-09-24T04:01:52.228Z,non_determine,adulte
55a46a31-0ff0-46fa-bdd3-e88686a4f8b5,Wilson,SENSATION 135 GARNITURE,cordages,2026-09-22T18:20:03.200Z,non_determine,adulte
55b307a7-2cff-4037-b9a1-2cc3f62d6100,Nike,"Short de tennis DriFIT Advantage 6"" Homme Mint",textile,2026-09-22T18:20:31.107Z,homme,adulte
55cfb385-8e54-4f1e-b8d8-a1dd06117598,Adidas,Lot de 2 Grands poignets Y3 Noir,textile,2026-09-24T04:01:52.216Z,non_determine,adulte
55f186d9-4dc0-4869-b734-5f0959a0e31a,Mizuno,T-shirt de tennis Printed Sleeve Femme Blanc,textile,2026-09-24T04:01:54.199Z,femme,adulte
567cc49f-1fae-4389-8dcd-ab8e4cf9cd52,Nike,Robe de tennis Victory Femme Pink Smoke,textile,2026-09-24T04:01:54.489Z,femme,adulte
5682c82f-1287-41f3-96b8-60010f1d1001,Tecnifibre,Ice Code 125 Bobine 200m,cordages,2026-09-22T18:19:59.977Z,non_determine,adulte
56bc7e7e-bcd4-4cef-ac9e-81f00b17b442,Head,Gravity Tour 2025,raquettes,2026-09-22T18:19:50.811Z,non_determine,adulte
56cd0444-42a0-4c7b-972c-7a0fb0030e8f,Wilson,Clash 100 L V3 2025,raquettes,2026-09-22T18:19:56.544Z,non_determine,adulte
574dd0b3-bb6a-4c73-b837-ef95979adea7,Head,Protection raquette de tennis Babolat Super Tape,accessoires,2026-09-22T18:20:33.772Z,non_determine,adulte
576d7b9c-9626-4ed3-89b7-749ef4d81abc,Wilson,Rush Pro Ace OZ Homme Blanc bleu,chaussures,2026-09-24T04:01:50.857Z,homme,adulte
578eddc1-ce15-4400-bbc7-eb939891d594,Nike,Short de tennis Victory 7 Homme Blanc,textile,2026-09-24T04:01:55.138Z,homme,adulte
57a79733-55e8-4bd1-b772-8b79cc8bc791,Dunlop,Fort 18 Tubes de 4 balles,accessoires,2026-09-22T18:20:37.148Z,non_determine,adulte
57c78412-1194-4f84-b9e2-e5f2a591d75c,Adidas,T-shirt Homme Seasonal Printed Olive,textile,2026-09-22T18:20:19.949Z,homme,adulte
57f2ed9d-7b0c-4a0d-b9e5-9b493804febc,Nike,Short de tennis Roland Garros Homme Beige,textile,2026-09-24T04:01:55.846Z,homme,adulte
5809ef40-8f43-487c-a165-161fefb22cc9,Nike,Short de tennis Court Slam Homme Baltic Blue,textile,2026-09-24T04:01:54.407Z,homme,adulte
581e49f4-b6f1-4e8b-9746-038baf763954,Lacoste,T-shirt de tennis Ultra Dry Gros Logo Homme Rouge PE24,textile,2026-09-24T04:01:53.950Z,homme,adulte
58682f9e-cb58-4a8e-8e44-0648ca6a36aa,Adidas,Debardeur de tennis Pro Preloved Femme Parme AH24,textile,2026-09-22T18:20:20.713Z,femme,adulte
591e68ef-73f1-4461-9d0c-94f8c916965c,Head,SONIC PRO 130 BLANC BOBINE 200m,cordages,2026-09-24T04:01:46.321Z,non_determine,adulte
59bc0997-3a16-4af6-8e1d-7cdcdd9574d7,Head,LYNX GRIS 120 BOBINE 200m,cordages,2026-09-24T04:01:46.422Z,non_determine,adulte
5a7aee25-0086-4dd7-957a-1f598333a19f,Wilson,Antivibrateur de tennis Antivibrateurs Roland Garros 2026 Tour Eiffel,accessoires,2026-09-22T18:20:33.409Z,non_determine,adulte
5a7ca4c5-dac8-4072-9f47-9f89d2168a73,Prince,TwistPower X 100 290g Right,raquettes,2026-09-22T18:19:54.038Z,non_determine,adulte
5a9782cc-3bed-44e9-834d-bba3fc17616d,Babolat,Propulse Fury 3 Homme Gris,chaussures,2026-09-24T04:01:49.322Z,homme,adulte
5a997b2d-d03d-4120-a1c2-d309c55ad280,Babolat,Pure Strike 98 16x19 Carbon,raquettes,2026-09-22T18:19:47.815Z,non_determine,adulte
5aab6999-d8ec-447e-99f2-222897ed65ba,Wilson,NXT 130 GARNITURE,cordages,2026-09-22T18:20:02.742Z,non_determine,adulte
5b1dfe26-0a34-4364-b283-3836eb594da3,Asics,T-shirt de tennis Match Jacquard Homme Aubergine,textile,2026-09-22T18:20:22.095Z,homme,adulte
5bd3d681-5ceb-47b4-96e4-089042805118,Asics,Gel Resolution X Homme Greige,chaussures,2026-09-22T18:20:04.484Z,homme,adulte
5c3e7b99-5908-4c23-bc81-beec9c4397de,Adidas,Short de tennis SH & Tight Homme White,textile,2026-09-24T04:01:51.366Z,homme,adulte
5caaa52e-4e4d-4335-a6a7-d0277fcbc592,Asics,Short de tennis Short Court 7IN Performance Homme Noir PE24,textile,2026-09-24T04:01:53.112Z,homme,adulte
5cb03d3a-8c29-42db-9fb4-9ba572251b6c,Wilson,Shift Super Tour Sac à Dos Artic Ice 2023,accessoires,2026-09-22T18:20:43.600Z,non_determine,adulte
5cd0f9c0-727a-4f24-a95a-3449fea8dc01,Asics,Gel Resolution X Femme Blanc vert,chaussures,2026-09-24T04:01:50.618Z,femme,adulte
5cdc460f-6bfb-4953-b8ab-0ec0674d5416,Babolat,Sac a Dos Pure Strike 2024,accessoires,2026-09-22T18:20:43.525Z,non_determine,adulte
5ce263b4-4ce2-4bf1-9f58-aeccb0dfb17f,Babolat,Jet Mach 3 Wide Homme Bleu clair AH24,chaussures,2026-09-24T04:01:49.117Z,homme,adulte
5cfeaf0c-e196-432a-a329-151a83ba0dd3,EA7,Débardeur de tennis femme Débardeur Ventus7 Femme Navy PE24,textile,2026-09-22T18:20:23.171Z,femme,adulte
5d4662d6-4899-4d76-bccf-1704184f819c,Adidas,T-shirt 1/2 Zip Homme Y3 Noir,textile,2026-09-24T04:01:52.127Z,homme,adulte
5d5a34f6-f27f-45f9-ab1c-d273943812e2,Babolat,Propulse Enfant Bleu,chaussures,2026-09-24T04:01:50.812Z,non_determine,enfant
5d75f7d8-5504-4009-8140-3c04a0714233,Asics,T-shirt de tennis femme Court Graphic SS Top Femme PE23,textile,2026-09-22T18:20:22.962Z,femme,adulte
5d8fd247-4b32-4a52-842d-62e8b16ea9e1,Asics,Gel Resolution X Femme Light Blue And Green,chaussures,2026-09-24T04:01:47.864Z,femme,adulte
5dc92528-c723-4258-9b84-86d088250553,Asics,Legging de tennis ColorBlock Legging Femme AH21,textile,2026-09-22T18:20:23.041Z,femme,adulte
5de9d57d-07d8-4feb-bc1a-8997edb3be7b,Asics,Gel Resolution X Homme Bleu turquoise,chaussures,2026-09-24T04:01:50.490Z,homme,adulte
5e0172c4-4002-4681-ab3a-fce8d90b24ef,Nike,Debardeur de tennis Advantage Femme Rouge,textile,2026-09-24T04:01:54.685Z,femme,adulte
5e02d42d-90fc-41fb-9ba9-cbe5455e2462,Head,Sprint Team 3.5 Homme Noir,chaussures,2026-09-24T04:01:51.238Z,homme,adulte
5e058835-1ae7-4d48-9c53-e8d9d50fb41c,Wilson,Blade Super Tour Sac 15 Raquettes V10,accessoires,2026-09-22T18:20:38.299Z,non_determine,adulte
5e3b5c9a-6e8c-48f9-ae37-8d469b56aea1,Adidas,Short Femme Club Aurora Vert,textile,2026-09-24T04:01:52.160Z,femme,adulte
5e70b376-5cb4-4dc3-b10a-aa31c58c2220,Nike,Short de tennis Victory 7 Homme Bleu marine,textile,2026-09-24T04:01:55.366Z,homme,adulte
5e7cc1a1-4971-45f2-b73c-a8bbb964385d,Nike,GP Challenge 1 Homme Abricot,chaussures,2026-09-22T18:20:15.976Z,homme,adulte
5ea39a02-1274-4771-9fda-ffb0daebf604,Asics,Court FF 3 Femme Blanc Corail PE24,chaussures,2026-09-24T04:01:51.181Z,femme,adulte
5f28392d-849c-43ca-aa90-de98a3577ff3,Asics,Gel Resolution X Femme Vieux rose PE25,chaussures,2026-09-24T04:01:50.950Z,femme,adulte
5f2e0e48-5622-4508-8343-983ea56fec93,Head,Boom Team L 2024,raquettes,2026-09-22T18:19:50.556Z,non_determine,adulte
5f6ea0da-7aa6-40d7-bb68-2e9fda07c98a,Head,Revolt Evo 5.0 Homme Myrtille Turquoise,chaussures,2026-09-24T04:01:47.744Z,homme,adulte
5f93b076-503a-4df2-b2fb-5c05380efeb3,Tecnifibre,T-Fight 300 IG Orange,raquettes,2026-09-24T04:01:44.253Z,non_determine,adulte
5fd1908f-b507-4195-9515-50279880ea38,Head,Boom Jr 25 2024,raquettes,2026-09-22T18:19:50.580Z,non_determine,enfant
6072a901-a708-472d-9d92-54aa9d5c50c9,Nike,Sweat de tennis Heritage II Femme Noir,textile,2026-09-24T04:01:55.342Z,femme,adulte
607460a3-e47a-4aea-b0d9-635e6fa9ace7,Wilson,Pro Staff 97 UL V14 2023,raquettes,2026-09-22T18:19:58.031Z,non_determine,adulte
60ac09ae-e21b-4e31-8694-4d4b89fc4cef,Head,CARTON PRO X3 24 TUBES,accessoires,2026-09-22T18:20:37.070Z,non_determine,adulte
6115a200-be13-40b2-9e11-0bd2ea466486,Nike,Zoom GP Challenge Pro Homme Bleu roi,chaussures,2026-09-24T04:01:50.340Z,homme,adulte
6118cba6-953d-4af6-b243-e63c93f3f4d8,Adidas,Jupe de tennis Match Jupe Femme Orange PE24,textile,2026-09-24T04:01:52.461Z,femme,adulte
613e2c1e-587e-4b44-9e7e-d64c8c447315,Adidas,Ubersonic 5 Homme Rouge fluo PE25,chaussures,2026-09-24T04:01:49.551Z,homme,adulte
615a85ab-7a98-49f9-8b74-f823f8b13aaf,Waterdrop,Gourde de tennis officielle Player ATP26 Blue 1L,accessoires,2026-09-24T04:01:56.504Z,non_determine,adulte
6195ec2d-7f57-4ba8-952d-22f424e88088,Yonex,Sac Pro 9 Raquettes Bleu 2024,accessoires,2026-09-24T04:01:59.808Z,non_determine,adulte
61e3c784-51a9-46f7-9120-508e96a4b0bc,Head,Sac de tennis Gravity Pro X Duffle Bag L Noir Gris,raquettes,2026-09-24T04:01:43.021Z,non_determine,adulte
62236967-70e6-4445-bc4e-f8141bc1cb77,Luxilon,ALU POWER SOFT 125 GARNITURE,cordages,2026-09-22T18:20:02.153Z,non_determine,adulte
6245e7b6-bdde-4a43-8b2f-aa13326f5fb1,Babolat,Jet Mach 3 Enfant Jaune,chaussures,2026-09-24T04:01:49.393Z,non_determine,enfant
62cb1c93-2c61-4b3a-a4c3-ea31917479da,Nike,Jupe de tennis Slam Ace London Femme Blanc,textile,2026-09-24T04:01:55.640Z,femme,adulte
62f02577-f9a6-443a-b4f2-f97f33a07593,Babolat,Pure Strike Carbon Sac 6 raquettes,accessoires,2026-09-22T18:20:39.756Z,non_determine,adulte
632d07e1-388e-4308-9be9-781cb3f21b0d,Adidas,T-shirt Homme Tennis Club Blanc Violet,textile,2026-09-24T04:01:52.025Z,homme,adulte
63465221-0f75-4a2a-898a-3a3501b770e6,Wilson,Revolve 130 Orange Bobine 200m,cordages,2026-09-24T04:01:45.938Z,non_determine,adulte
634a95f5-9cf9-4fe7-bc9c-c24889242616,Yonex,Percept Pro 6 Raquettes Vert foncé,accessoires,2026-09-24T04:01:59.296Z,non_determine,adulte
637cd7c8-9e20-416d-9352-76d04f8e864a,Tecnifibre,T-Fight 300S 2025,raquettes,2026-09-22T18:19:55.112Z,non_determine,adulte
6438416b-3fdd-40e4-89e2-ffd7ade9b9cc,Asics,Gel Resolution X Homme Night Energy,chaussures,2026-09-22T18:20:05.144Z,homme,adulte
6476afee-8814-4ea9-988c-08816a5eec95,Adidas,Robe de tennis Dress Pro White,textile,2026-09-24T04:01:51.380Z,non_determine,adulte
648613a7-b934-4c1c-a312-aec9b28a3267,Nike,"Short de tennis DriFIT Advantage 6"" Homme Violet",textile,2026-09-24T04:01:55.561Z,homme,adulte
64953d93-029f-499e-8578-d38e7834ceac,Prince,Beast 100 (280g) 2023,raquettes,2026-09-22T18:19:53.582Z,non_determine,adulte
64cb6b7f-acaa-4931-8091-ad41928f936a,Lacoste,AG-LT Ultra Medvedev Terre Battue Homme Marine et Jaune,chaussures,2026-09-24T04:01:48.749Z,homme,adulte
64ee4c25-ca25-4008-9fc0-09a70d3bc101,Nike,Polo Advantage Homme Noir Hiver 2024,textile,2026-09-24T04:01:56.039Z,homme,adulte
64fd1966-ac93-47c3-8e43-6baea7cb41ed,Head,12 Raquettes Tour Racquet Bag XL Orange,accessoires,2026-09-24T04:01:58.379Z,non_determine,adulte
651c3ae4-03d3-4746-afa3-f9c1e3cce0b2,Prince,Tour Carbon 98 (305g),raquettes,2026-09-22T18:19:53.836Z,non_determine,adulte
65378781-d280-462f-8347-e81839685293,Tecnifibre,Tour Endurance IG Orange 12 Raquettes,accessoires,2026-09-24T04:01:59.140Z,non_determine,adulte
655b52fe-745e-4853-9282-76d8ddf7fa4d,Head,Grip de raquette de tennis GRIP CUIR,accessoires,2026-09-22T18:20:34.998Z,non_determine,adulte
657225d1-625d-47f6-9cb7-dc27cc407d77,Adidas,T-Shirt de tennis Climacool FreeLift Homme Bleu Marine,textile,2026-09-24T04:01:51.584Z,homme,adulte
65d308d7-c0fe-45a2-976d-088ff4a2c031,Babolat,Pure Strike 97 Carbon,raquettes,2026-09-22T18:19:47.748Z,non_determine,adulte
66854143-d7b3-4a39-9de3-8d8a133e06ad,Hydrogen,Raquettes de tennis Prince by Neon 305g 2024,raquettes,2026-09-22T18:19:52.960Z,non_determine,adulte
669973a1-3fc3-4802-bc79-fa4122732a27,Asics,Short de tennis Match 7 Homme Night Energy,textile,2026-09-22T18:20:22.144Z,homme,adulte
66df2681-f9c0-46e4-97b2-32fef2782f24,Head,Boom MP Neon,raquettes,2026-09-22T18:19:50.761Z,non_determine,adulte
6723b49e-175b-4b3d-8d82-823c191125f0,Head,Boom Team Alternate 2026,raquettes,2026-09-22T18:19:50.044Z,non_determine,adulte
67505573-11f2-4c96-b015-8a116ca33856,Asics,Short Court 7 Homme Aurora green,textile,2026-09-24T04:01:52.939Z,homme,adulte
67660c1b-ffc6-4976-a381-932cff07dfc6,Tecnifibre,X One 36 Tubes de 4 balles,accessoires,2026-09-22T18:20:37.173Z,non_determine,adulte
679a4dfe-fe81-4ec4-92fc-aba6b53031ff,Tecnifibre,Tour Endurance 12 Raquettes Beige,accessoires,2026-09-24T04:01:58.732Z,non_determine,adulte
67d36dd4-3111-42c2-97d6-eeb577498336,Nike,Vapor Pro 3 Homme Blanc noir,chaussures,2026-09-24T04:01:50.316Z,homme,adulte
68017eee-57d0-47fe-9f5e-81a62b22b190,Wilson,Sac à dos de tennis Roland Garros 2026 Team Clay,accessoires,2026-09-22T18:20:38.206Z,non_determine,adulte
68310f00-5bc2-47a3-9980-d0816028cd83,Wilson,team 3 raquettes Marine rouge,accessoires,2026-09-24T04:01:59.432Z,non_determine,adulte
685e4383-9d56-425d-985b-a3e8e78e536c,Head,Boom Jr 25 Alternate 2026,raquettes,2026-09-22T18:19:50.660Z,non_determine,enfant
68785178-695c-496d-acf2-3583e3f97de5,Luxilon,SAVAGE VERT 127 BOBINE 200M,cordages,2026-09-24T04:01:47.211Z,non_determine,adulte
687f3c0f-9b02-4183-89c3-28db91aa9589,Dunlop,FORT,accessoires,2026-09-22T18:20:37.353Z,non_determine,adulte
68a94cb9-0ea6-4f3b-8e14-22e0509f7bde,Adidas,T-Shirt de tennis Climacool Classic Enfant White,textile,2026-09-25T04:01:46.971Z,non_determine,enfant
68b163eb-25e0-4ae5-b7b4-3e634047b718,Nike,Short de tennis Court Advantage Homme Vert,textile,2026-09-24T04:01:54.614Z,homme,adulte
68d73598-ecea-4658-acba-8507224031e2,Head,SONIC PRO 130 NOIR BOBINE 200m,cordages,2026-09-24T04:01:46.798Z,non_determine,adulte
691b858c-734a-4dd1-ae07-8b8cdb483c8c,Head,Boom Team 2024,raquettes,2026-09-22T18:19:50.503Z,non_determine,adulte
69ff858f-4870-49f0-9bbc-22884c87511e,Asics,Court FF 3 Terre Battue Femme Blanc Corail PE24,chaussures,2026-09-24T04:01:49.678Z,femme,adulte
6a055c13-e709-46d0-844e-d7972db00b82,Head,PWR 115 Noir,raquettes,2026-09-24T04:01:42.574Z,non_determine,adulte
6a90d4d0-7f92-446b-b158-e490e277f842,Dunlop,Open Australie Carton 18 Tubes de 4 balles,accessoires,2026-09-22T18:20:36.742Z,non_determine,adulte
6a911ea6-e760-4345-94f8-813536c086e1,Adidas,Adizero Ubersonic 4 Homme Noir AH23,chaussures,2026-09-24T04:01:51.215Z,homme,adulte
6b4d2928-f63b-4aa0-b5cd-b22444f6fa41,Le Coq Sportif,T-shirt de tennis Homme Bleu AH24,textile,2026-09-24T04:01:54.120Z,homme,adulte
6b8801f1-a437-44cf-9155-c636776d0003,Babolat,Jet Tere 2 Femme Bleu Xenon AH24,chaussures,2026-09-24T04:01:51.136Z,femme,adulte
6baf0dc8-8013-4bc6-acbe-affbaa57a927,Nike,Débardeur de tennis femme Court Slam Debardeur Femme Printemps 2023,textile,2026-09-22T18:20:32.974Z,femme,adulte
6bb0e2ee-7a88-4ecb-9ae2-eaac78549a29,Yonex,Ezone Sonic 2023,raquettes,2026-09-22T16:07:38.527Z,non_determine,adulte
6beaa497-1c4e-4538-a522-12f3c7a1aac1,Babolat,Pure Drive Wimbledon 2026,raquettes,2026-09-22T18:19:47.636Z,non_determine,adulte
6c879118-f5ec-48f0-970a-2a3e7ecd6a69,Lacoste,Jupe de tennis plissée shorty intégré Enfant Blanc,textile,2026-09-24T04:01:53.546Z,non_determine,enfant
6cd5221b-10b1-4260-a8fc-fc4e2ab8bdd9,Babolat,Grip de Tennis Syntec Pro Blanc,accessoires,2026-09-24T04:01:56.618Z,non_determine,adulte
6ce70687-e942-49b7-b94a-8692c0ae10e8,Babolat,RPM Rough Rouge 125 Bobine 200m,cordages,2026-09-24T04:01:45.500Z,non_determine,adulte
6d0ba355-331f-49d2-818d-d9f1b6964b17,Wilson,Clash 100 S,raquettes,2026-09-22T16:07:38.135Z,non_determine,adulte
6d4f8f21-7348-4702-8db6-1b50a1af846a,Adidas,Defiant Speed Terre Battue Homme Noir PE25,chaussures,2026-09-24T04:01:49.574Z,homme,adulte
6d5c742f-df1b-4cf6-8467-de5c5dabb20b,Asics,Challenger 15 Homme Vert gris,chaussures,2026-09-24T04:01:50.065Z,homme,adulte
6d84be2e-30b3-4ac8-8f59-bda8b49699a3,Babolat,Pure Strike 100,raquettes,2026-09-22T16:07:38.328Z,non_determine,adulte
6d87d925-a437-4709-9e73-95c70fef0130,Asics,Challenger 15 Homme Vert fluo,chaussures,2026-09-24T04:01:50.583Z,homme,adulte
6ddcaafd-4a7f-434a-b899-c54b6aff2dc4,Adidas,T-shirt de tennis Freelift Pro Homme Rouge Fluo PE25,textile,2026-09-24T04:01:52.308Z,homme,adulte
6de07936-df51-4471-a16b-c09bc829cc60,Nike,Sweat de tennis Fleece Heritage Homme Cramoisi,textile,2026-09-22T18:20:29.612Z,homme,adulte
6dfea422-0b02-4f48-a69e-9212f91cc7d0,Babolat,Pure Strike Lite 2024,raquettes,2026-09-22T18:19:48.303Z,non_determine,adulte
6e18c1ac-ea12-44a4-be42-597c75b80537,New Balance,FuelCell 996v6 Homme,chaussures,2026-09-22T18:20:13.226Z,homme,adulte
6e21e57c-f120-45b8-9ea9-72091701e9b7,Babolat,RPM Rough Jaune 130 Bobine 200m,cordages,2026-09-24T04:01:45.467Z,non_determine,adulte
6e240f5d-b4dd-4f47-b111-b43b16e412cd,Head,Antivibrateur de tennis SMARTSORB ROUGE,accessoires,2026-09-24T04:01:57.279Z,non_determine,adulte
6e25759a-6bcd-4d61-90ed-716216cda810,Wilson,Antivibrateur de tennis Antivibrateur Pro feel Pro Staff,accessoires,2026-09-22T18:20:34.306Z,non_determine,adulte
6eb14ff2-95c5-4268-9721-dcad9295e3c5,Babolat,Jet Mach 4 Homme Noir Jaune,chaussures,2026-09-24T04:01:48.301Z,homme,adulte
6efb98de-3884-43bf-9854-782e0efa9aa0,Asics,Solution Speed FF 3 Femme Jaune,chaussures,2026-09-24T04:01:49.253Z,femme,adulte
6efde89a-6973-43cd-a775-a66b929bce89,Adidas,T-shirt Manches longues Homme Pro Trefle Blanc,textile,2026-09-24T04:01:51.979Z,homme,adulte
6f1b816d-dd04-4b52-8c1c-836d4ae9f660,Babolat,Pure Strike 26 Carbon,raquettes,2026-09-22T18:19:48.020Z,non_determine,enfant
6f5ca42a-0fff-4722-a752-4a543958b327,Yonex,Eclipsion 5 Homme Rouge,chaussures,2026-09-24T04:01:50.834Z,homme,adulte
6f5dbcce-5a85-4f82-bae9-87657b96ce73,Wilson,Blade 100 UL V10,raquettes,2026-09-22T18:19:57.534Z,non_determine,adulte
6f8159f0-7d05-41c2-9e12-4eaf8096102b,Asics,T-shirt de tennis Garçon Aurora Green,textile,2026-09-24T04:01:52.730Z,homme,enfant
6f818c90-4480-4041-bb80-c0e30c45ef38,Head,Speed Jr 26 2026,raquettes,2026-09-22T18:19:51.887Z,non_determine,enfant
6fa7780f-a42c-47a1-ab6f-5bf9a8b85b60,Asics,Pantalon Femme Performance Noir,textile,2026-09-24T04:01:53.042Z,femme,adulte
6fd5215e-d6f6-4556-b1d3-34a4b889a515,Adidas,Visiere Y3 Noir,textile,2026-09-24T04:01:52.194Z,non_determine,adulte
6ff983c4-9215-40cc-aa13-855d887f402a,Nike,Vapor Pro 3 Homme Noir,chaussures,2026-09-24T04:01:50.226Z,homme,adulte
700ef5a0-fa66-4427-9f58-cd190b1ae7cf,Asics,Legging de tennis Graphic Legging Femme PE23,textile,2026-09-22T18:20:22.938Z,femme,adulte
70376443-a623-43c2-a269-a3367aa6d8c1,Wilson,Antivibrateur de tennis Antivibrateur Shock Trap,accessoires,2026-09-22T18:20:35.663Z,non_determine,adulte
7045eb95-223a-431c-b182-bb3ab045fcc0,Nike,GP Challenge 1.5 Femme Blanc volt,chaussures,2026-09-24T04:01:48.408Z,femme,adulte
7047bb9e-a936-4fc4-ae81-0806eb889fd6,Asics,T-shirt de tennis Fille Lila,textile,2026-09-22T18:20:21.993Z,femme,enfant
7067c288-762e-4f0f-a878-b013c1ade6f3,Babolat,Pure Drive Super Lite Gen11,raquettes,2026-09-22T18:19:49.069Z,non_determine,adulte
70a05aaa-b2ff-4490-aeb2-6adf941f7537,Prince,Vortex 300g 2023,raquettes,2026-09-22T18:19:54.167Z,non_determine,adulte
70ddd37a-8022-4e77-ae24-abdbc836490c,Nike,T-shirt de tennis Advantage Heritage Homme Lime,textile,2026-09-22T18:20:30.234Z,homme,adulte
713a64c2-3c7b-42e8-9649-5d8d89601d4c,Head,3 Raquettes Tour Racquet Bag S Turquoise,accessoires,2026-09-24T04:01:58.413Z,non_determine,adulte
714409a1-7946-4a44-a1fc-0bc364a19e16,Tecnifibre,T-Fight Tour 26 2025,raquettes,2026-09-22T18:19:55.603Z,non_determine,enfant
715e5ed0-43a8-49ae-978f-6c302f9362c5,Head,Speed Pro 2026,raquettes,2026-09-22T18:19:51.194Z,non_determine,adulte
71bf1e43-58d0-4b33-8aa3-a871b62280e1,Nike,"Short de tennis DriFIT Advantage 6"" Homme Rouge",textile,2026-09-24T04:01:55.550Z,homme,adulte
71d0459e-997d-445d-b9be-10e3f6cc7173,Wilson,RF Practice Racquet Bag 6PK Black 2024,accessoires,2026-09-24T04:01:59.707Z,non_determine,adulte
71f2f0ac-e351-4f5e-a214-5a327fe9f44c,Wilson,3 Raquettes Clash V3 Super Tour 2025,accessoires,2026-09-22T18:20:43.009Z,non_determine,adulte
71f6c498-f822-4d49-9336-57188c63c02c,Tecnifibre,BLACK CODE 4S 125 BOBINE 200m,cordages,2026-09-24T04:01:46.670Z,non_determine,adulte
720ba5c2-bb25-4206-8fbb-4c45d2c382a9,Le Coq Sportif,Short de tennis Blanc Homme Equipe de France Paris 2024,textile,2026-09-24T04:01:54.109Z,homme,adulte
723a2abc-7c0e-4407-bf50-6b0aa1223887,Head,Lynx Tour 130 Bobine 200m Orange,cordages,2026-09-24T04:01:45.852Z,non_determine,adulte
724d6a4b-a9c0-46e3-b23f-952e3152aed5,Prince,Premier Control Noir 140 Bobine,cordages,2026-09-24T04:01:46.121Z,non_determine,adulte
7252cecb-76d9-4a51-a6f0-0f5c29e82273,Asics,Chaussures Solution Speed FF 4 Terre Battue Femme Bleu ciel Rouge,chaussures,2026-09-24T04:01:48.679Z,femme,adulte
7260a579-cf32-4812-9158-b7ce1f109d4e,Head,9 Raquettes Pro Racquet Bag L Marine,accessoires,2026-09-24T04:01:59.273Z,non_determine,adulte
7265fdf1-f8d3-400c-826b-183634c93999,Babolat,Pure Aero Lite 2023,raquettes,2026-09-22T18:19:48.508Z,non_determine,adulte
727fca06-2cf7-49f7-b58d-307328a1a48b,Lacoste,T-shirt de tennis Ultra Dry Édition Roland-Garros Homme Orange,textile,2026-09-24T04:01:53.593Z,homme,adulte
727fe5cb-533d-41d3-8079-1177895ab928,Adidas,Short de tennis Pro Enfant Legend Ink,textile,2026-09-22T18:20:18.465Z,non_determine,enfant
72e1eddb-a42d-40b2-9197-8f950f19b857,Asics,Gel Resolution X Femme Night Energy,chaussures,2026-09-22T18:20:05.096Z,femme,adulte
72ee1f63-b191-4acf-9408-3642c7a1c389,Waterdrop,"Gourde de tennis Thermo Exploreur OA26 1,1L",accessoires,2026-09-22T18:20:33.694Z,non_determine,adulte
7303198c-c4ee-45ba-91e0-4069a1f1d45e,Nike,Sweat de tennis Fleece Heritage Homme Rouille,textile,2026-09-22T18:20:30.619Z,homme,adulte
73c1d49e-9925-4022-b93d-3606e2dedbd3,Adidas,Jupe de tennis Match Jupe Femme Blanc PE23,textile,2026-09-24T04:01:52.576Z,femme,adulte
73e11e37-a7cf-4cf3-b21e-0e4dae1dbe0e,Waterdrop,Gourde Thermo Sila x Novak Djokovic 1L Bleue 2024,accessoires,2026-09-24T04:01:57.179Z,non_determine,adulte
746b116c-75ef-4c02-8f5c-0cfc4be658e1,EA7,Short de tennis Short Ventus7 Homme Navy PE24,textile,2026-09-22T18:20:23.247Z,homme,adulte
749bddf2-0a3f-4a0d-b605-4aa84860b9b5,Babolat,Team All Courts Carton de 18 Tubes de 4 Balles,accessoires,2026-09-22T18:20:36.843Z,non_determine,adulte
74b00fd7-f3d2-4b96-ad7e-9e2ad79f0e45,Head,Speed Team UL,raquettes,2026-09-22T16:07:37.427Z,non_determine,adulte
74b15a70-23e4-43a9-ad8f-7ac336c20a74,Le Coq Sportif,Short de tennis Homme Bleu,textile,2026-09-24T04:01:54.064Z,homme,adulte
74b5dfba-1178-4dad-bdf8-504e73de3c3e,Le Coq Sportif,T-shirt de Tennis Homme Graphique Blanc,textile,2026-09-24T04:01:54.019Z,homme,adulte
74b940a0-6714-4a70-81c3-5455c3516802,Wilson,6 Raquettes Clash V3 Super Tour 2025,accessoires,2026-09-22T18:20:40.527Z,non_determine,adulte
751b9798-ec73-467d-a960-6b64280b08d7,Wilson,Defyer 100 V1,raquettes,2026-09-22T18:19:55.788Z,non_determine,adulte
752c37a7-2c02-4da6-b4fc-d943cbdcda42,Nike,Zoom GP Challenge Pro Homme Bleu marine,chaussures,2026-09-24T04:01:50.767Z,homme,adulte
75719347-bbbd-414e-9479-accf640d0d68,Babolat,Pure Aero 26 2023,raquettes,2026-09-22T18:19:48.713Z,non_determine,enfant
75913654-454e-49ed-b337-0136bd43fc61,Asics,Chaussures Solution Speed FF 4 Homme Terre Battue Noir green,chaussures,2026-09-24T04:01:48.633Z,homme,adulte
75a3637b-d33b-450c-aa10-242cb152ad05,Wilson,Antivibrateur de tennis RF Dampener 2 Pack Black 2024,accessoires,2026-09-24T04:01:56.675Z,non_determine,adulte
75d3c080-f730-406d-a7e8-793fb26876ee,Nike,Jupe de tennis enfant Victory Flouncy Jupe Enfant Marine Automne 2024,textile,2026-09-24T04:01:56.096Z,non_determine,enfant
764a5d94-0409-43c1-aefb-830052832d7c,Wilson,Ultra V5 Tour 6 raquettes,accessoires,2026-09-22T18:20:40.142Z,non_determine,adulte
76f8060e-0d99-49a5-a0da-0fc019cae28e,Tecnifibre,TF X1 V2 300 2024,raquettes,2026-09-22T16:07:37.940Z,non_determine,adulte
77586556-e81e-445c-a7ee-314827e27c70,Nike,Debardeur de tennis Advantage Femme Noir,textile,2026-09-24T04:01:54.708Z,femme,adulte
779d71bc-ce9b-4861-9466-7fe452f515e8,Adidas,"Short Club 7"" Homme Noir",textile,2026-09-24T04:01:51.754Z,homme,adulte
77aacb9f-6114-4bdb-b239-ee74720b5d95,Adidas,Débardeur de tennis femme Paris Y Debardeur Jaune Femme PE23,textile,2026-09-24T04:01:52.552Z,femme,adulte
77e25d54-a58a-4672-8d02-b5982e5a44d1,Wilson,9 Raquettes Super Tour Rouge 2025,accessoires,2026-09-24T04:01:58.889Z,non_determine,adulte
77f66817-2940-4825-94dd-0589bc333027,Babolat,Team 18 Tubes de 4 balles,accessoires,2026-09-22T18:20:37.251Z,non_determine,adulte
784de396-a702-4020-8eb2-9cceb1bf9290,Babolat,Cordage de tennis XCEL 130 GARNITURE,raquettes,2026-09-22T18:19:49.489Z,non_determine,adulte
78505790-80d4-4e7a-9852-191d8856cfd6,Adidas,Short de tennis enfant Short Club Enfant Noir AH24,textile,2026-09-24T04:01:52.425Z,non_determine,enfant
78545c9f-eb2d-4ae3-b156-fb140cbb65a4,Mizuno,Short de tennis Amplify 8 Homme Noir,textile,2026-09-24T04:01:54.234Z,homme,adulte
78b795e3-ecd9-4550-9ef5-0ba3cd2162d2,Adidas,Lot de 2 Grands poignets Y3 Gris,textile,2026-09-24T04:01:52.205Z,non_determine,adulte
7904a1dc-3807-47ea-99e7-8bca51c78a57,Adidas,Sweat de tennis Femme Cover Up Black,textile,2026-09-25T04:01:47.048Z,femme,adulte
7944d8e4-8c63-464d-ac8e-c5405c662b44,Wilson,RF Tournament Racquet Bag 15PK Black 2024,accessoires,2026-09-24T04:01:59.004Z,non_determine,adulte
796b0b95-275f-48f7-bdd4-430129bb9f31,Asics,Solution Speed FF 4 Homme Blanc sakura,chaussures,2026-09-24T04:01:48.611Z,homme,adulte
79a1264a-35ac-4363-9aa6-9d7f95a95991,Nike,Zoom GP Challenge Pro Femme Mint,chaussures,2026-09-22T18:20:04.851Z,femme,adulte
79ba54fb-1d2d-4b02-b9ff-58bcb7b8595e,Wilson,Sac à dos Junior Ultra V5 Tour,accessoires,2026-09-22T18:20:42.509Z,non_determine,enfant
79e14b71-b6eb-4ea7-af98-1600bf45d258,Babolat,Grip de raquette de tennis Xcel Gel Noir,accessoires,2026-09-24T04:01:56.792Z,non_determine,adulte
79ffdf7c-f8c7-4eb8-a88e-a3e74232fc89,Adidas,Defiant Speed 2 Femme Blanc Silver orange,chaussures,2026-09-24T04:01:48.475Z,femme,adulte
7a3a3a2b-14ce-4e57-bec5-593996dcf01d,Head,Boom Team 2026,raquettes,2026-09-22T18:19:50.068Z,non_determine,adulte
7a450bf3-f468-4bca-bb5e-3816853c6b8c,Adidas,Ubersonic 5 Terre Battue Homme Jaune,chaussures,2026-09-24T04:01:49.241Z,homme,adulte
7a73e07d-7d60-4e4c-be60-674b163f5d81,Nike,Robe de tennis Advantage Femme Rouge,textile,2026-09-24T04:01:54.674Z,femme,adulte
7a7f9c65-c340-4e11-b2dc-6361bd9c2ab5,Lacoste,T-shirt de tennis Miami Enfant Saumon,textile,2026-09-22T18:20:23.845Z,non_determine,enfant
7adfdbd1-9898-46a1-976a-59e5710bb972,Wilson,Clash 26 V3 2025,raquettes,2026-09-22T18:19:56.647Z,non_determine,enfant
7b632be0-f16a-40e8-8b98-5ce782a97e00,Lacoste,T-shirt de tennis Léger Stretch Homme Bleu marine,textile,2026-09-24T04:01:53.762Z,homme,adulte
7b7e7c2d-2c1e-44b1-b20b-69a453f39fe6,Wilson,Intrigue Tour Femme Blanc marine rose,chaussures,2026-09-24T04:01:49.496Z,femme,adulte
7b80ab67-eaa7-475f-975f-45ae9fa89de4,Adidas,Ubersonic 5 Enfant White,chaussures,2026-09-24T04:01:47.688Z,non_determine,enfant
7b9d5e6b-1c70-4af5-9cf0-4d0d25f28b88,Wilson,Clash 25 V3 2025,raquettes,2026-09-22T18:19:56.700Z,non_determine,enfant
7badc135-f5d5-40b4-b87d-92e07dfd9df8,Wilson,Blade 25 V9 2024,raquettes,2026-09-22T18:19:57.751Z,non_determine,enfant
7beb713d-0cb6-4dc7-801e-bc342e3af731,Adidas,Solematch Control 2 Homme Blanc vert,chaussures,2026-09-24T04:01:49.016Z,homme,adulte
7c1194c7-08f9-412b-9207-7a8fc021449b,Head,Sac à dos de tennis Tour Backpack 25L Noir,accessoires,2026-09-24T04:01:58.481Z,non_determine,adulte
7c5d9d7f-e5cb-45ef-b1cb-98b6fa0fb839,Adidas,Avacourt Femme PE23,chaussures,2026-09-22T18:20:17.845Z,femme,adulte
7ca4dcd3-17a0-48eb-ac2b-ee2fbfbea3c6,Babolat,RPM 125 + VS 130 Garniture,cordages,2026-09-22T18:19:59.473Z,non_determine,adulte
7d6b8818-4730-4acd-9c1b-22c315735e1b,Babolat,Pure Strike VS 2022,raquettes,2026-09-22T18:19:48.407Z,non_determine,adulte
7d71a434-abda-4498-9812-3940a8c981a2,Nike,Veste Heritage Femme Vert foncé,textile,2026-09-24T04:01:55.458Z,femme,adulte
7d76f0be-c374-46c8-a986-0017cf39e0c9,Nike,Vapor Lite 3 Enfant Blanc Noir,chaussures,2026-09-24T04:01:50.397Z,non_determine,enfant
7d79d391-b6ab-4dd6-969a-e3ebee56da66,Waterdrop,Gourde de tennis Thermo ATP Tour Officiel 600ml Blanche 2024,accessoires,2026-09-24T04:01:56.640Z,non_determine,adulte
7dbd6d98-5c2a-4ebd-8ff5-8dc07a491966,Nike,T-shirt de tennis Court Slam RG Homme Jaune,textile,2026-09-24T04:01:54.568Z,homme,adulte
7dca2ce1-91e4-4acb-a8e2-3c5d9bb5504c,Nike,T-shirt de tennis Femme Victory Blanc,textile,2026-09-24T04:01:54.973Z,femme,adulte
7dd741b1-870e-4b21-b928-739852f3c4ad,Wilson,Rush Pro 4.0 Navy Homme AH22,chaussures,2026-09-22T18:20:12.327Z,homme,adulte
7df60d14-172c-4d7b-b255-b8fadbdb1d68,Mouratoglou,Pantalon Velour Melbourne Rose,textile,2026-09-24T04:01:54.361Z,non_determine,adulte
7e17dd8e-51d6-42e6-a4dc-c42305575109,Adidas,Jupe de tennis Match Jupe Femme Noir AH24,textile,2026-09-24T04:01:52.414Z,femme,adulte
7e8513f5-a8c8-47df-97d0-a496065bcc41,Head,Pressurisateur de balles x4 Pump,accessoires,2026-09-22T18:20:34.203Z,non_determine,adulte
7ee4c3a7-5324-4e51-ad35-a38f7f32795d,Nike,Vapor Pro 3 Homme Camo Green,chaussures,2026-09-24T04:01:47.458Z,homme,adulte
7ef2a3d9-d8ac-46ad-9a28-0256527f65f0,Babolat,3 Raquettes Carlitos Junior,accessoires,2026-09-22T18:20:38.709Z,non_determine,enfant
7f0c0d78-35bc-4bb6-a1fc-5fbe2b0c92cc,Head,Tour Racquet Bag XL Orange,accessoires,2026-09-24T04:01:59.515Z,non_determine,adulte
7f701481-f267-4e7f-af93-a6e61e5bf84b,Asics,Solution Speed FF 4 Homme Gris vert,chaussures,2026-09-24T04:01:50.043Z,homme,adulte
7fafdb13-b9dd-4fb8-81cd-8d6b563124eb,Babolat,RPM BLAST 130 GARNITURE,cordages,2026-09-22T18:20:03.567Z,non_determine,adulte
7fe16d41-320b-48ea-95b5-39cf51cdcb8f,Nike,Pantalon de tennis Heritage Homme Bleu canard,textile,2026-09-24T04:01:55.664Z,homme,adulte
7fe7e8a6-6732-4c3f-9178-d1290a25e02d,Tecnifibre,Triax 128 Bobine (200m),cordages,2026-09-22T18:20:00.696Z,non_determine,adulte
8013291c-6ef9-4318-88d5-787b15d945cb,Wilson,Surgrip de tennis PRO OVERGRIP PACK 12,accessoires,2026-09-22T18:20:35.615Z,non_determine,adulte
80297ad9-ee54-4e75-92ba-38dbde377193,Luxilon,BIG BANGER ORIGINAL BOBINE 200m,cordages,2026-09-22T18:20:03.307Z,non_determine,adulte
8039b8eb-0257-43f0-8018-0e7cc7f4d6f5,Asics,Solution Speed FF 3 Femme Blanc rose,chaussures,2026-09-24T04:01:49.139Z,femme,adulte
805512e1-0b81-4b24-9b34-20fb5d86f8cf,Yonex,Ezone Alpha SL 245g 2025,raquettes,2026-09-22T18:19:58.448Z,non_determine,adulte
805b4435-22cb-4e77-8691-748a05510b1f,Head,Speed Jr 25 2026,raquettes,2026-09-22T18:19:51.430Z,non_determine,enfant
80d36b68-82e5-4600-9d40-1ec7d6932797,Lacoste,AG-LT Ultra All Femme Blanc,chaussures,2026-09-24T04:01:48.349Z,femme,adulte
80f98195-9a3c-4b13-b0af-d56edaae1825,Head,Extreme MP 2026,raquettes,2026-09-22T18:19:52.604Z,non_determine,adulte
8152d565-039e-4e69-a29d-537d12f0adeb,Head,Rip Control 125 Noir Bobine 200 mètres,cordages,2026-09-24T04:01:45.913Z,non_determine,adulte
815c9043-9f4e-44e7-b771-66ecf9e882f1,Nike,Vapor X Enfant Violet,chaussures,2026-09-24T04:01:48.338Z,non_determine,enfant
8170f774-f5f3-4fc2-bcdd-928da4d156c6,Tecnifibre,6 Raquettes Reform,accessoires,2026-09-22T18:20:38.496Z,non_determine,adulte
817b601f-9e5d-47db-9bc4-87659d1b7823,Asics,Court FF 3 Homme Night Energy,chaussures,2026-09-22T18:20:05.329Z,homme,adulte
8181c753-bfcf-4cf5-81f1-7e80189c5777,Nike,Debardeur de tennis Slam USO Femme Bleu roi,textile,2026-09-24T04:01:55.721Z,femme,adulte
8191fcb5-b481-4069-8672-f139d3694b8a,Babolat,6 raquettes Pure Drive Gen11,accessoires,2026-09-22T18:20:42.909Z,non_determine,adulte
819407b5-7f6e-4804-9cc6-02a12f7b6226,Nike,Pantalon de tennis Fleece Heritage Homme Cramoisi,textile,2026-09-22T18:20:29.693Z,homme,adulte
819a8e84-fdb5-40c1-b454-cc87e696103c,Babolat,Pure Lite Wimbledon,accessoires,2026-09-22T18:20:37.865Z,non_determine,adulte
819b122e-bca4-4042-b293-bfbeb26ae55d,Adidas,Débardeur de tennis femme BRASSIERE PHARRELL WILLIAMS NY MULTICOLORE AH17,textile,2026-09-24T04:01:52.698Z,femme,adulte
81b14434-befb-420b-ad06-1cef2cb2550e,Lacoste,Polo de tennis Athlete Homme Melbourne Miami Multicolore,textile,2026-09-24T04:01:53.867Z,homme,adulte
81e87cfa-3c18-4274-9023-64f444ee4507,Wilson,Blade 98 18x20 V10,raquettes,2026-09-22T18:19:57.236Z,non_determine,adulte
8247703b-7f9d-43c1-bdb7-6cadfed3832a,Nike,Chaussettes de tennis Everyday Max Cushioned x3 Chaussettes Invisibles,textile,2026-09-22T18:20:33.360Z,non_determine,adulte
8248ca3c-e68d-44a0-ada9-04ad5782ad4d,Lacoste,T-shirt de tennis Equipe de France Homme Bleu,textile,2026-09-24T04:01:53.432Z,homme,adulte
826ae930-1924-43ff-a342-dfc3d50931a6,Babolat,RPM Rough Noir 125 Bobine 200m,cordages,2026-09-24T04:01:47.083Z,non_determine,adulte
828e0fe7-19fd-44b6-a64b-de6c446c94c3,Adidas,Barricade 14 Homme Orange Noir,chaussures,2026-09-24T04:01:48.090Z,homme,adulte
82a5d690-1815-497b-92bb-eb554ef747b6,Nike,Debardeur Pro Enfant Noir,textile,2026-09-24T04:01:55.618Z,non_determine,enfant
82d4219b-ee64-473b-9461-5cd17f0db69c,Adidas,Barricade 13 Homme Cuir Blanc vert,chaussures,2026-09-24T04:01:48.993Z,homme,adulte
82f69a40-6f6f-4961-98df-e393c333bc89,Babolat,Jet Tere 2 Homme Bleu roi,chaussures,2026-09-24T04:01:49.689Z,homme,adulte
831ad959-cfc1-4419-afab-9ace0e7990a7,Wilson,RF 01 Pro Laver Cup,raquettes,2026-09-22T18:19:56.008Z,non_determine,adulte
831c7ee5-9a88-4b2c-a006-6db1056e4ab8,Prince,O3 Legacy 120 2024,raquettes,2026-09-22T18:19:53.243Z,non_determine,adulte
83393a4c-80d1-4df2-a773-9d0f48202db9,Asics,Gel Game Enfant Foggy,chaussures,2026-09-22T18:20:04.603Z,non_determine,enfant
83fe4388-ed0e-448a-9f52-223d85fd0207,Head,Speed MP L 2026,raquettes,2026-09-22T18:19:51.297Z,non_determine,adulte
8414da68-846b-46aa-9378-5240aca93a2f,Nike,Advantage Robe Femme Bleu Printemps 2024,textile,2026-09-24T04:01:56.107Z,femme,adulte
844f3f2e-1340-4819-8760-c88dd9df61d7,Asics,Gel Resolution X Femme Rose fluo,chaussures,2026-09-24T04:01:50.629Z,femme,adulte
844fe895-034b-40a3-acdb-f7979d04759d,Babolat,Team All Court Tubes de 4 Balles,accessoires,2026-09-22T18:20:36.662Z,non_determine,adulte
848d601d-734f-4f22-ad0b-ac06b62a03c2,Nike,Vapor Lite 3 Femme Blanc Mint,chaussures,2026-09-24T04:01:50.385Z,femme,adulte
84933132-5dfb-4699-a0a6-861e8561ca5c,Asics,Gel Resolution X Femme Blanc rose,chaussures,2026-09-24T04:01:50.089Z,femme,adulte
84a674cb-fca1-4155-8654-c49c2cafcf33,Lacoste,Legging de tennis Stretch Ultra Dry Femme Noir,textile,2026-09-24T04:01:53.740Z,femme,adulte
84aba73b-4de2-4997-8376-56ad757145e8,Adidas,Short Enfant Y3 Violet,textile,2026-09-24T04:01:52.116Z,non_determine,enfant
84ade99f-31d7-466e-9e4f-2b1378132183,Asics,Solution Speed FF 3 Terre Battue Homme Mint And Night,chaussures,2026-09-24T04:01:47.898Z,homme,adulte
84f4a09b-fffe-479d-9462-978123e3faa4,Adidas,Courtflash Enfant Lucid ray and Blue,chaussures,2026-09-24T04:01:47.804Z,non_determine,enfant
85777e0c-e27a-4f4e-b31f-c6bfba7c3dfa,Lacoste,Polo de tennis slim fit Ultra Dry Homme Violet,textile,2026-09-24T04:01:53.718Z,homme,adulte
85825482-791e-4f4c-83b4-cf16478dcee4,Lacoste,T-shirt de tennis Ultra Dry Roland Garros Marine Unisexe PE24,textile,2026-09-24T04:01:53.927Z,non_determine,adulte
859d4118-a7d3-47b8-bffa-7430e076df70,Head,Boom MP Alternate 2024,raquettes,2026-09-22T18:19:50.273Z,non_determine,adulte
859f429b-ef7c-428f-b276-9fe57bd3834e,Babolat,Sac à dos de tennis Court Hero Noir,accessoires,2026-09-24T04:01:58.619Z,non_determine,adulte
85bbdce6-5c16-47a9-93b6-60c4e3be0907,Mizuno,Debardeur de tennis Femme Rose mulicolore,textile,2026-09-24T04:01:54.246Z,femme,adulte
861ef30b-9da6-4a45-9eee-a69c8c367f5b,Nike,Vapor Pro 3 PRM Femme Mint,chaussures,2026-09-22T18:20:04.827Z,femme,adulte
86504b6b-99b5-4a82-9e51-e794298d773a,Asics,Gel Resolution X Enfant Gris vert,chaussures,2026-09-24T04:01:48.773Z,non_determine,enfant
867a8d0b-ec57-482b-a5f6-1a5ee6a308c0,K-swiss,Ultrashot 3 Classic Homme PE23,chaussures,2026-09-22T18:20:12.381Z,homme,adulte
86a3d170-879c-400d-810d-2cc507873f63,Asics,Gel Resolution X Terre Battue Femme Vieux rose PE25,chaussures,2026-09-24T04:01:50.961Z,femme,adulte
86cac6d0-ff06-4c66-9a8f-68dbb86f6c4c,Babolat,Pure Drive 98 2023,raquettes,2026-09-22T18:19:49.430Z,non_determine,adulte
87928ffd-dea6-425c-95be-2a309d7af495,Babolat,Pure Drive 98 Gen11,raquettes,2026-09-22T18:19:48.864Z,non_determine,adulte
87a7329a-6022-4886-92ec-a7577c6e8d23,Tecnifibre,Surgrip de tennis PRO PLAYER&#039;S X30 BLANC,accessoires,2026-09-24T04:01:57.336Z,non_determine,adulte
87b14e3b-fdc9-4e57-b7c0-f93957043042,Asics,Chaussures Solution Speed FF 3 Terre Battue Rouge fluo,chaussures,2026-09-24T04:01:50.572Z,non_determine,adulte
87b1e914-f4bb-4a60-b748-d54c1c0e9f33,Nike,Court Lite 4 Homme Blanc Bleu Hiver 2024,chaussures,2026-09-24T04:01:50.996Z,homme,adulte
8816d560-9483-4890-addb-c1aaee5a8df0,Head,Speed Tour 2026,raquettes,2026-09-22T18:19:51.218Z,non_determine,adulte
881b0a6e-7c71-4d81-8c5c-8709ced8536b,Waterdrop,"Gourde Thermo Sila x Novak Djokovic 1,4L Blanche 2024",accessoires,2026-09-24T04:01:56.652Z,non_determine,adulte
8832b022-a9d9-4959-adbb-88828a2f5ab8,Asics,Gel Resolution X Enfant Bleu ciel,chaussures,2026-09-24T04:01:50.111Z,non_determine,enfant
889b0164-eaee-4e92-b1d6-240f9ce974e0,Tecnifibre,TF X1 V2 285 2024,raquettes,2026-09-22T16:07:38.040Z,non_determine,adulte
88a07741-4f7b-43dc-974d-f60bd7a2945a,Adidas,Ubersonic 5 Enfant Dark Blue,chaussures,2026-09-24T04:01:47.995Z,non_determine,enfant
88c565f2-bda6-48f6-a7dd-a378dd99f949,Luxilon,Eco Power 125 Bobine 200m,cordages,2026-09-22T18:20:03.815Z,non_determine,adulte
88cd166f-ea7e-41b6-96a6-2abfe0bb7519,Nike,Veste de tennis Homme Heritage Noir,textile,2026-09-24T04:01:55.481Z,homme,adulte
88dbc0b0-22cd-458e-ba0a-f8ed7e457271,Nike,Chaussettes de tennis Everyday Max Cushioned x3 Chaussettes Invisible,textile,2026-09-22T18:20:33.315Z,non_determine,adulte
88f7bfa4-9b23-4a69-804a-08b905005f31,Adidas,Debardeur de tennis Match Pro Climacool femme Aurora Ink,textile,2026-09-22T18:20:17.999Z,femme,adulte
89047885-da82-42f2-b892-af4f412bb7a1,Adidas,Short de tennis Pro Enfant Bordeaux PE25,textile,2026-09-24T04:01:52.331Z,non_determine,enfant
890f17f6-fb8a-4c1a-9f2b-3ed26a7736dd,Tecnifibre,Tour Endurance Ultra Noir Sac a dos 2024,accessoires,2026-09-24T04:01:59.740Z,non_determine,adulte
8924180b-ea81-4102-af7a-a9b2125396ce,Head,Sac à dos de tennis Gravity Pro X 30L Noir Gris,raquettes,2026-09-24T04:01:43.046Z,non_determine,adulte
89333a90-d677-484b-9948-09352d3bdee8,Adidas,Barricade Femme Blanc Parme,chaussures,2026-09-24T04:01:49.027Z,femme,adulte
89be40ae-fbb7-430f-b8ef-94d49a7a1415,Head,Surgrip de tennis XTREME SOFT ROSE,accessoires,2026-09-24T04:01:57.245Z,non_determine,adulte
8a11507e-1230-49d1-abc1-7fd4cf27c843,Adidas,T-Shirt de tennis Climacool Freelight Pro Homme Legend Ink,textile,2026-09-22T18:20:18.843Z,homme,adulte
8a2267c9-e94a-4012-8dec-644314b8f100,Wilson,Ultra Team V5,raquettes,2026-09-22T18:19:57.110Z,non_determine,adulte
8a530ef5-dbe9-40cf-a046-49dc94ca78b6,Nike,Short de tennis One 2 en 1 Femme Noir,textile,2026-09-24T04:01:55.824Z,femme,adulte
8a56a8c0-99c2-4cbf-93fe-54bb2079a726,Nike,Chaussettes de tennis Multiplier Crew 2 pack Chaussettes,textile,2026-09-22T18:20:33.257Z,non_determine,adulte
8a67b0da-7081-464c-ae71-2ff22469d5da,Adidas,T-shirt de tennis Melbourne Pro Enfant Blanc,textile,2026-09-24T04:01:51.861Z,non_determine,enfant
8a6c22a4-26b3-45d5-9b1b-62fdb8c7076e,Head,Speed Pro 2024,raquettes,2026-09-22T18:19:51.480Z,non_determine,adulte
8a788bd4-5e46-47f9-b8ce-31496718e2fc,Adidas,Sweat de tennis Tennis Club Homme Blanc Vert,textile,2026-09-24T04:01:51.967Z,homme,adulte
8a7d5722-a925-4d19-afc0-08d151e9b379,Adidas,Debardeur de tennis Y Climacool femme White,textile,2026-09-24T04:01:51.448Z,femme,adulte
8a8261da-9e6f-479a-8ef9-891bc7dd97a6,Babolat,Pure Strike 98 18x20 Carbon,raquettes,2026-09-22T18:19:47.791Z,non_determine,adulte
8ac4ba14-e390-4ffe-a68d-279988f86653,Adidas,Debardeur de tennis Enfant Pro Blanc vert trefle,textile,2026-09-24T04:01:52.250Z,non_determine,enfant
8adc4a71-a966-4928-93a1-004c5988c9ce,Babolat,Sac a dos Pure Strike Carbon,accessoires,2026-09-22T18:20:39.810Z,non_determine,adulte
8aefda9a-d080-4ae1-956d-a29fd7938f0d,Yonex,Sonicage Wide Homme Noir,chaussures,2026-09-24T04:01:49.462Z,homme,adulte
8b334cd9-2789-40f4-8a72-060035aca51e,Adidas,Short de tennis Climacool Classic Enfant Bahia Blue,textile,2026-09-25T04:01:46.958Z,non_determine,enfant
8b68e6af-ae67-48ac-b96d-8e1e86f419a8,Wilson,Sac à dos de tennis Roland Garros 2026 Cream,accessoires,2026-09-22T18:20:41.565Z,non_determine,adulte
8b6cf684-ad79-444e-868a-b4b0d4692952,Nike,T-shirt de tennis Multi Tech Enfant Noir,textile,2026-09-24T04:01:55.789Z,non_determine,enfant
8ba201b3-6a8d-4f89-b3ee-d4d1bd1c98a4,Babolat,RPM BLAST 135 GARNITURE,cordages,2026-09-22T18:20:02.230Z,non_determine,adulte
8c08029d-356e-4a93-b1c4-fd61d2ec432c,Babolat,12 Raquettes Pure Aero Gen9,accessoires,2026-09-22T18:20:38.607Z,non_determine,adulte
8c567d12-8b68-4c89-92db-48995be1094d,Head,Boom Jr 26 2026,raquettes,2026-09-22T18:19:50.198Z,non_determine,enfant
8c721e2f-c817-4e75-902d-9953660e0535,Yonex,V Core 100 L Rouge,raquettes,2026-09-24T04:01:45.408Z,non_determine,adulte
8c772ec7-9203-439f-9f09-2acec6fd2b83,Head,Extreme MP 2022,raquettes,2026-09-22T18:19:52.809Z,non_determine,adulte
8d083e78-1c5b-42cc-b0e3-60185ecd36b9,Wilson,Ultra 100 L V5,raquettes,2026-09-22T18:19:56.953Z,non_determine,adulte
8d159cd5-27aa-4b17-9ad3-a97244cb5b1c,Mizuno,Wave Enforce Court AC Homme,chaussures,2026-09-22T18:20:13.130Z,homme,adulte
8d47aad3-174e-4f6d-bd31-4c614da2419c,Nike,Air Zoom Vapor 12 Homme Blanc volt,chaussures,2026-09-24T04:01:49.848Z,homme,adulte
8d75f356-dfeb-46dd-ac6c-08fc621eac7a,Nike,Zoom GP Challenge Pro Femme Blanc Bleu Hiver 2024,chaussures,2026-09-24T04:01:51.018Z,femme,adulte
8dcffafd-c2e0-4559-846b-4452b5884f63,Lacoste,Polo de tennis Ultra Dry jacquard Homme Bleu,textile,2026-09-24T04:01:53.386Z,homme,adulte
8de9642c-e608-444b-90c2-2162ef1e05f9,Prince,Sac à dos Junior x Smiley Tour Noir jaune,accessoires,2026-09-24T04:01:59.341Z,non_determine,enfant
8e10ba0c-27fa-4ef4-a383-e7f4bc59a686,Head,Radical Pro 2025,raquettes,2026-09-22T18:19:52.147Z,non_determine,adulte
8e7b3451-c6ee-45f9-8e57-671d3434f991,Head,Gravity Jr 26 2023,raquettes,2026-09-22T18:19:51.170Z,non_determine,enfant
8eb28eb3-bfe6-425e-ac38-072b4879c888,Nike,Vapor Pro 3 Femme Vert clair,chaussures,2026-09-24T04:01:48.325Z,femme,adulte
8f12ce0f-d5e3-4677-b6ca-2e28ff37b8a9,Head,LYNX ROUGE 130 BOBINE 200m,cordages,2026-09-24T04:01:46.364Z,non_determine,adulte
8f216da1-463b-438e-bd29-dff331b462f0,Head,Boom Jr Alternate 2024,raquettes,2026-09-22T18:19:50.685Z,non_determine,enfant
8f5edc61-8214-401f-9b50-973b84df579f,Hydrogen,Raquettes de tennis Prince by Neon 275g 2024,raquettes,2026-09-22T18:19:52.935Z,non_determine,adulte
8f645a92-ec88-44ba-a130-98560db4a07e,Head,enfant Speed Jr 25 2024,raquettes,2026-09-22T18:19:51.544Z,non_determine,enfant
8f79ea46-e30f-4955-a389-3264c9da5e95,Babolat,Polo 150ans Homme Creme,textile,2026-09-22T18:20:23.065Z,homme,adulte
8f9c700d-ac5e-411b-8c18-41345244c19e,Wilson,Defyer 100UL V1,raquettes,2026-09-22T18:19:55.676Z,non_determine,adulte
8fae92f8-40fa-4c2a-b5db-a1e8700a2076,Luxilon,ALU POWER ROUGH 125 BOBINE 220m,cordages,2026-09-22T18:20:02.996Z,non_determine,adulte
8fb55522-53a5-4e94-bca1-89b8b8143bfb,Yonex,Ezone 08 98 L 2025,raquettes,2026-09-22T18:19:58.658Z,non_determine,adulte
90069751-dddd-444f-9fcc-ed3b82670238,Head,Tour Racquet Bag L Vert fluo,accessoires,2026-09-24T04:01:59.549Z,non_determine,adulte
9010b87b-3f43-43a7-acc8-e401c48a96b4,Asics,Short de tennis Match Laser Cut 7 Homme Midnight,textile,2026-09-22T18:20:22.119Z,homme,adulte
905b3e8b-9529-4a44-bbc2-95b529dd5a3d,Mouratoglou,Pantalon Melbourne bleu,textile,2026-09-24T04:01:54.396Z,non_determine,adulte
90bcd694-a1aa-43fa-9795-52fd7e2c29fc,Head,Hawk Touch 125 Garniture,cordages,2026-09-22T18:20:00.796Z,non_determine,adulte
90e396e4-f63e-4f61-9f3c-537a10731fa1,Wilson,6 raquettes Pro Staff Classic,accessoires,2026-09-22T18:20:41.679Z,non_determine,adulte
90edd245-cc0d-4c86-8008-27d0245d273d,Wilson,Rush Tour 5 Homme White Bay Fiery,chaussures,2026-09-24T04:01:49.779Z,homme,adulte
913ab394-d579-46d3-9acb-7704fb43a007,Head,Surgrip de tennis XTREME SOFT ROUGE,accessoires,2026-09-24T04:01:56.719Z,non_determine,adulte
914bdbca-0685-458b-b061-6c834232ffbb,Luxilon,4G SOFT 125 BOBINE 200m,cordages,2026-09-22T18:20:04.003Z,non_determine,adulte
915daf56-2ed9-4b01-9c34-7ad08f022c2a,Babolat,Jet Mach 4 Homme Spectra,chaussures,2026-09-22T18:20:05.772Z,homme,adulte
921e8061-0974-42ab-8d3f-d29940e488a4,Nike,Chaussettes de tennis DRY CUSH SOCKS 3 PAIRES HAUTES DRI-FIT NOIRES,textile,2026-09-22T18:20:33.053Z,non_determine,adulte
92575b60-7f84-4bc6-a4a4-f3f60fa7b637,Head,Tour Racquet Bag L Orange,accessoires,2026-09-24T04:01:59.527Z,non_determine,adulte
9274f88b-fada-4b42-8a93-f274d1ab3291,Nike,Robe de tennis Slam Robe Femme Graphic Violet Ete 2023,textile,2026-09-24T04:01:56.242Z,femme,adulte
92983f04-ab4e-47bb-8541-1c27172cfef4,Lacoste,T-shirt de tennis coton technique Ultra Dry Femme Noir,textile,2026-09-24T04:01:53.672Z,femme,adulte
92d22e37-1130-465f-8efe-d94e8394edf8,Adidas,T-shirt de tennis Pro Rouge fluo Enfant PE25,textile,2026-09-24T04:01:52.391Z,non_determine,enfant
93436faf-1dbe-4611-93da-1205940f1af0,Head,Boom MP UL Alternate 2026,raquettes,2026-09-22T18:19:49.944Z,non_determine,adulte
937fdfa4-351c-4fdc-bc0f-0a8bed3ebadc,Adidas,Ubersonic 5 Femme Blanc Parme,chaussures,2026-09-24T04:01:49.038Z,femme,adulte
93857f2f-1559-452f-aad4-75f1f5e41930,Babolat,Team Clay Carton de 18 Tubes de 4 Balles,accessoires,2026-09-22T18:20:36.951Z,non_determine,adulte
9393470f-d7ad-40ed-8a11-546a98186a4e,Nike,Pantalon de tennis Fleece Heritage Homme Noir,textile,2026-09-24T04:01:55.331Z,homme,adulte
93cab7a8-7999-497e-8546-321a1fb610cb,Head,Sac à dos Tour Backpack 25L Vert Fluo,accessoires,2026-09-24T04:01:59.561Z,non_determine,adulte
93e7a1c0-0afa-440b-b2a2-277cc765e0aa,Babolat,Jet Tere 2 Femme Terra Cotta,chaussures,2026-09-22T18:20:09.223Z,femme,adulte
93fdb0f8-e6a7-47d9-9cba-1a1c8a04bf54,Adidas,Debardeur de tennis Y-Tank Rouge Fluo Femme PE25,textile,2026-09-24T04:01:52.320Z,femme,adulte
93fdef76-517a-4edd-82cf-045f9ca2a1e8,Adidas,Short Homme Y3 Ergo Noir,textile,2026-09-24T04:01:51.955Z,homme,adulte
941b6b4f-d40a-48f6-aa31-406eed4886b9,Nike,Polo de tennis Advantage Heritage Homme Rouge,textile,2026-09-24T04:01:55.698Z,homme,adulte
942614fb-f0b2-4efe-ac34-569b9b6068cd,Head,Tour Racquet Bag L Navy,accessoires,2026-09-22T18:20:41.591Z,non_determine,adulte
946052fd-0a30-4188-9c4d-11ea50d63ea6,Tecnifibre,RAZOR CODE 125 BLEU GARNITURE,cordages,2026-09-24T04:01:46.820Z,non_determine,adulte
9494e04f-0407-4302-89b9-2cc684c4d8d9,Nike,Vapor Lite 3 Homme Bleu corail,chaussures,2026-09-24T04:01:49.893Z,homme,adulte
94999678-2668-4c87-bc04-3e0cecdbbc87,Lacoste,Veste de tennis Homme Bleu marine,textile,2026-09-24T04:01:53.808Z,homme,adulte
94a143e1-7d1a-4d83-8775-88e13b281297,Prince,Tour 100 (290g) 2023,raquettes,2026-09-22T18:19:53.962Z,non_determine,adulte
94b7c75b-a2f7-4782-a2d7-d1daacc2badc,Wilson,15 Raquettes Super Tour Rouge 2025,accessoires,2026-09-24T04:01:59.491Z,non_determine,adulte
94ea6794-8dae-40e5-8f6a-84a15ed532e0,Head,Speed Team 2022,raquettes,2026-09-22T18:19:51.809Z,non_determine,adulte
951103a9-83be-4be2-b8cc-10b71a91e2c6,Asics,Pantalon Homme Performance Kaki,textile,2026-09-24T04:01:53.054Z,homme,adulte
9531402b-5fa0-412f-8437-c41164aafa3f,Asics,Solution Speed FF 4 Femme Blanc Multicolore,chaussures,2026-09-24T04:01:48.692Z,femme,adulte
953c5ee6-6906-4241-ae11-95564acc3d47,Adidas,T-shirt de tennis Club Homme Dark blue,textile,2026-09-24T04:01:51.391Z,homme,adulte
953f853c-9312-4baf-bb9e-fadc606eedab,Nike,T-shirt de tennis Enfant Miller Blanc,textile,2026-09-24T04:01:55.960Z,non_determine,enfant
9561bc5f-75fe-46d7-a6a5-eeaf7b4c731d,Asics,Solution Speed FF 4 Femme White And Mauve,chaussures,2026-09-24T04:01:47.875Z,femme,adulte
95813cde-94a0-4ef2-bda6-7c2f3f291496,Nike,Vapor Lite 3 Premium Femme Blanc Rouge fluo,chaussures,2026-09-24T04:01:50.270Z,femme,adulte
95932172-228c-4eff-87fa-0515f531f7e0,Nike,T-shirt de tennis Advantage Printed Striped Homme Bleu,textile,2026-09-24T04:01:55.389Z,homme,adulte
95c2b417-23ca-44e5-8b10-5fc112946faf,Asics,Chaussures Gel Resolution X Homme Terre battue Noir Green,chaussures,2026-09-24T04:01:48.577Z,homme,adulte
95c386e0-b01c-44d9-9925-b35c79764589,Lacoste,AG-LT Pro Daniil Medvedev Homme Bleu,chaussures,2026-09-24T04:01:48.045Z,homme,adulte
95e38471-a8c5-4f86-9346-4ecde39f338c,Asics,Chaussures Solution Speed FF 4 Terre Battue Homme Vert rose,chaussures,2026-09-24T04:01:50.031Z,homme,adulte
9657abd7-e3ea-4095-b00d-8b803c25cf73,Asics,Gel Game Enfant Noir Indigo,chaussures,2026-09-24T04:01:49.197Z,non_determine,enfant
96fd936f-b05a-47c8-ac66-1f48fec2ad9e,Head,Sac à dos Tour 30L Palm Tree Crew,accessoires,2026-09-22T18:20:40.071Z,non_determine,adulte
9745f978-47bb-4dca-a32d-c9f6ba04abc5,Wilson,Duffle Roland Garros 2026 Session de soirée,accessoires,2026-09-22T18:20:37.992Z,non_determine,adulte
976b898d-55a0-442e-a9c4-d1ff7bed6eec,Asics,Veste Femme Night Energy Noir Bleu Dragonfly,textile,2026-09-24T04:01:52.985Z,femme,adulte
97ad6eb8-3ee7-42d3-a78d-6cae32849e17,Nike,Debardeur de tennis Court Advantage Femme Indigo,textile,2026-09-22T18:20:29.493Z,femme,adulte
97bfa4bf-9685-4ae7-842a-ab9e8b323274,Head,enfant Speed Jr 2024,raquettes,2026-09-22T18:19:51.625Z,non_determine,enfant
97d86f07-25e6-4a31-a75b-1dc812e292f1,Babolat,SFX 4 Terre Battue Homme Noir Bleu,chaussures,2026-09-24T04:01:47.982Z,homme,adulte
97f54c47-5d4b-4395-bb91-07be66771c29,Adidas,Defiant Speed 2 Homme White Dark Blue,chaussures,2026-09-24T04:01:48.008Z,homme,adulte
981c3402-e322-452a-87d8-13cd8cae80b1,Asics,Gel Challenger 15 Femme Menthe,chaussures,2026-09-22T18:20:10.380Z,femme,adulte
985c924c-6dd5-4a08-a6a4-783e57e8d055,Asics,Jupe de tennis Game Femme Bubblegum,textile,2026-09-24T04:01:52.767Z,femme,adulte
9864c0f9-2910-43bd-ab54-cffbabcfd7b8,Nike,Air Zoom Vapor 12 Homme Noir,chaussures,2026-09-24T04:01:50.868Z,homme,adulte
98baf322-2fe5-49e4-9cbc-d8dcd8c1bdec,Wilson,REVOLVE ORANGE 125 GARNITURE,cordages,2026-09-24T04:01:47.222Z,non_determine,adulte
98d39d3e-130a-4279-85fe-632aa0dbacb6,Babolat,Propulse Fury 3 Homme Noir Multicolore,chaussures,2026-09-24T04:01:48.808Z,homme,adulte
98f326a5-a28e-49d2-a9da-2b7009af764c,Nike,Sweat de tennis Fleece Heritage Homme Noir,textile,2026-09-24T04:01:55.320Z,homme,adulte
99179b65-4b64-490d-8539-18dd0da2a26a,Babolat,Propulse Fury 3 Homme Orange,chaussures,2026-09-24T04:01:49.311Z,homme,adulte
991edbc7-24d0-4ff3-ae75-4d3057d562c6,Nike,Vapor X Enfant Blanc vert,chaussures,2026-09-24T04:01:48.925Z,non_determine,enfant
9926f72f-5387-4eaa-84df-f18fb845cc50,Mouratoglou,Jupe avec Shorty intégré Melbourne Rose,textile,2026-09-24T04:01:54.372Z,non_determine,adulte
99276538-3c4a-4158-958a-d6c26bf4d0ea,Babolat,Antivibrateur de tennis Custom Damp,accessoires,2026-09-22T18:20:34.394Z,non_determine,adulte
99790e29-854d-47fb-8c0b-3162b598ff96,Head,Tour Racquet Bag S Extreme Vert,accessoires,2026-09-24T04:01:58.018Z,non_determine,adulte
9979b108-3cb3-4241-8e83-4bff0e35baf5,Adidas,T-Shirt de tennis Club Tee Glor Enfant Blue,textile,2026-09-24T04:01:51.534Z,non_determine,enfant
998ac64e-2dd1-433f-81a7-6efccde1f9b4,Babolat,Grip de Tennis Syntec Team Noir,accessoires,2026-09-24T04:01:56.595Z,non_determine,adulte
99aa4aa6-a3f8-47b6-8474-eb9728854729,Head,RIP CONTROL 130 NOIR BOBINE 200m,cordages,2026-09-24T04:01:46.252Z,non_determine,adulte
9a0e13c0-9345-4e53-b5f5-77b024c45199,Head,12 Raquettes Pro X Racquet Bag XL Noir,accessoires,2026-09-24T04:01:58.540Z,non_determine,adulte
9abd48f2-bc8f-4a7a-a2d0-35cd42e83b6f,Wilson,RF 01 Future Lite 2025,raquettes,2026-09-22T18:19:55.817Z,non_determine,adulte
9ac300af-0a1d-47a1-a114-af391541cf48,Adidas,T-shirt de tennis homme FreeLift T-shirt Homme Vert PE24,textile,2026-09-24T04:01:52.484Z,homme,adulte
9b4629fa-8878-4163-bdfe-fa6a2db12a00,Asics,Gel Resolution X Homme Terre Battue Night Energy,chaussures,2026-09-22T18:20:05.353Z,homme,adulte
9b5ab241-999a-4e1f-9548-5bd0e2fd54e7,Le Coq Sportif,Short Yannick Noah Homme Blanc Jaune PE24,textile,2026-09-24T04:01:54.188Z,homme,adulte
9b64b4ce-0b0d-4e54-810b-a353e03ab247,Head,Pressurisateur de balles x3 Pump,accessoires,2026-09-22T18:20:34.227Z,non_determine,adulte
9b8973f0-f0e3-47bc-bed0-30f3b0e1dd60,Head,Boom Jr 26 Alternate 2026,raquettes,2026-09-22T18:19:50.174Z,non_determine,enfant
9b90068b-aca5-4b62-8816-5992150855e4,Asics,Game FF Homme Violet Orange PE25,chaussures,2026-09-24T04:01:50.927Z,homme,adulte
9be04903-ec04-4bc9-8b8b-3e45cb75b819,Wilson,Surgrip de tennis Surgrips Roland Garros 2024,accessoires,2026-09-22T18:20:36.022Z,non_determine,adulte
9be8a927-ff7e-45bc-aacd-6d5e414a6045,Wilson,Clash 100 UL V3 2025,raquettes,2026-09-22T18:19:56.598Z,non_determine,adulte
9c0496b2-0f72-419d-a03b-0c38954a0a94,Nike,Air Zoom Vapor 12 Femme Blanc Mint,chaussures,2026-09-24T04:01:50.362Z,femme,adulte
9c0953e5-797e-4438-9ae9-1e78b919c3cc,Asics,Short Laser Cut Femme Vert fluo,textile,2026-09-24T04:01:52.916Z,femme,adulte
9c6c8e21-03d8-4fe5-9db1-36acb8021465,Head,Sac à dos de tennis enfant Tour 14L Hibou 2024,accessoires,2026-09-22T18:20:43.123Z,non_determine,enfant
9c75e966-3da7-4633-83e4-094a6579c51d,Asics,Solution Speed FF 4 Homme Noir green,chaussures,2026-09-24T04:01:48.622Z,homme,adulte
9c9c94dc-3ec7-4c01-b80b-6ce814f0d561,Adidas,T-Shirt de tennis Climacool Freelight Pro Homme White,textile,2026-09-24T04:01:51.777Z,homme,adulte
9ca62139-4f6c-4530-9e41-b470fd2b0f7e,Tecnifibre,TF X1 V2 275 2024,raquettes,2026-09-22T18:19:54.755Z,non_determine,adulte
9cb53e6d-2b36-40af-8410-37e0551878c7,Wilson,RF Tournament Racquet Bag 9PK Black 2024,accessoires,2026-09-24T04:01:59.718Z,non_determine,adulte
9cdb5935-0edf-441b-be58-d02381ecf532,Nike,Short de tennis Victory 9 Homme Noir,textile,2026-09-24T04:01:54.997Z,homme,adulte
9ce0fb0e-b360-434a-ba67-f5123944faa7,Adidas,T-Shirt de tennis Pro Enfant Legend Ink,textile,2026-09-22T18:20:18.307Z,non_determine,enfant
9cf093c8-3662-4758-a6ce-d8d21b40f5cd,Adidas,Jupe de tennis Melbourne Jupe Femme PE22,textile,2026-09-22T18:20:21.537Z,femme,adulte
9d0bb60f-f560-4877-b48e-cef87c24e7fe,Tecnifibre,Tour Endurance Blanc 6 Raquettes 2025,accessoires,2026-09-24T04:01:59.640Z,non_determine,adulte
9d2bbb83-7a05-403f-9b18-03031c2b9e27,Yonex,Polytour Pro 125 Anthracite Bobine 200m,cordages,2026-09-22T18:19:59.719Z,non_determine,adulte
9d48a4ef-b32d-479d-87f7-7f5a5b3be093,Head,3 Raquettes Tour Racquet Bag S Rose,accessoires,2026-09-24T04:01:58.436Z,non_determine,adulte
9d7a0e36-9ad1-4188-811e-8f66b0455f9c,Adidas,Débardeur de tennis enfant PrimeBlue Debardeur Enfant AH21,textile,2026-09-22T18:20:21.625Z,non_determine,enfant
9d9aef1b-2349-4b6d-be82-15fb576f3f8a,Head,Surgrip de tennis XTREME TRACK NOIR,accessoires,2026-09-24T04:01:57.122Z,non_determine,adulte
9d9ba366-9c77-4cc4-9d86-30042e31119d,Tecnifibre,Triax 138 Garniture,cordages,2026-09-22T18:20:00.591Z,non_determine,adulte
9db2f9a0-19eb-4cf4-a66f-4aab04d47703,Wilson,Ultra V5 Tour 12 raquettes,accessoires,2026-09-22T18:20:40.118Z,non_determine,adulte
9dbeaf85-802f-46e7-849d-9186f8d74cc0,Adidas,T-Shirt de tennis Tee Pro Homme Maroon,textile,2026-09-25T04:01:47.034Z,homme,adulte
9e189210-0418-46c2-904f-dd68fb5e2b76,Head,Lynx Touch 130 Bobine 200m,cordages,2026-09-22T18:20:00.027Z,non_determine,adulte
9e212b14-ef54-4e09-b918-0fd2aa827b64,Nike,Vapor Lite 3 Homme Blanc turquoise,chaussures,2026-09-24T04:01:49.060Z,homme,adulte
9e673e95-2d3a-4335-b1d7-974ce31d6f9e,Babolat,Jet Mach 3 Homme,chaussures,2026-09-22T18:20:12.405Z,homme,adulte
9ea7b953-7cc3-4c9f-a643-d57dfe2d8915,Asics,Solution Speed FF 4 Homme White And Midnight,chaussures,2026-09-24T04:01:47.911Z,homme,adulte
9eb30335-c50f-472e-aeb6-92417bce9170,Wilson,Blade 100 L V10,raquettes,2026-09-22T18:19:57.453Z,non_determine,adulte
9efd24e7-c72e-40fb-96a0-5155b5e6aa48,Tecnifibre,BLACK CODE 4S 125 GARNITURE,cordages,2026-09-24T04:01:46.704Z,non_determine,adulte
9f37687b-138c-458f-9aea-ad28289b1fcf,Head,Tour Duffle Bag L Palm Tree Crew,accessoires,2026-09-22T18:20:40.020Z,non_determine,adulte
9f60cfa5-5405-4832-af3b-ea573b1e7948,Wilson,Roland Garros 2026 3 raquettes Team Clay,accessoires,2026-09-22T18:20:38.230Z,non_determine,adulte
9ff905c9-0687-4a33-948d-81e64b851aad,Head,Boom MP Alternate 2026,raquettes,2026-09-22T18:19:49.761Z,non_determine,adulte
a0097a82-7678-4777-a3b8-240a6519423a,Babolat,RPM Rough Noir 130 Bobine 200m,cordages,2026-09-24T04:01:45.455Z,non_determine,adulte
a0193518-cc47-46b2-aa3c-a72eec685ab1,Nike,Court Lite 4 Homme Bleu Jaune,chaussures,2026-09-24T04:01:50.351Z,homme,adulte
a01a3b23-fb8c-480b-9646-434265ebc1a4,Nike,Short de tennis Slam Homme Lime vert,textile,2026-09-24T04:01:55.042Z,homme,adulte
a0328784-6fc2-48d4-9cfe-ab1f2c1d7957,Yonex,Ezone 08 100 2025,raquettes,2026-09-22T18:19:58.545Z,non_determine,adulte
a03ca6af-433c-4601-b0c5-f56763a83136,Head,Sprint Team 3.5 Homme Gris jaune,chaussures,2026-09-24T04:01:50.663Z,homme,adulte
a03fdae4-c43a-4e77-b769-9c3a660583e9,Tecnifibre,T-Fight 305S 2025,raquettes,2026-09-22T18:19:55.086Z,non_determine,adulte
a0613009-c189-4844-92cd-110920a99ba5,Tecnifibre,TGV 135 Naturel Garniture,cordages,2026-09-22T18:20:02.537Z,non_determine,adulte
a081086a-9f67-483d-b222-717ea21bf405,EA7,Polo de tennis Polo Ventus7 Homme Vert PE24,textile,2026-09-24T04:01:53.248Z,homme,adulte
a0ae38e8-8d50-4a74-9884-7facaee19b40,Head,Prestige MP L 2023,raquettes,2026-09-22T18:19:51.990Z,non_determine,adulte
a0b89ef0-b243-4246-b507-01fa275b394c,Nike,Pantalon de tennis Heritage Femme Bleu gris Hiver 2024,textile,2026-09-24T04:01:56.028Z,femme,adulte
a0bff3f1-72e3-4b7d-bc41-0af8ef027bdb,Lacoste,Short de tennis Enfant Blanc,textile,2026-09-24T04:01:53.638Z,non_determine,enfant
a0c87906-13e8-433d-aa33-de69ee352270,Babolat,Pure Strike Lite Carbon,raquettes,2026-09-22T18:19:47.995Z,non_determine,adulte
a164d785-3368-48bd-87ca-5aa090645e35,Babolat,Pure Strike Team Carbon,raquettes,2026-09-22T18:19:47.933Z,non_determine,adulte
a18afc91-6cb8-4328-97ce-91470d08d085,Adidas,Jupe Femme Club Pleatskirt Blanc,textile,2026-09-24T04:01:52.171Z,femme,adulte
a194247c-48ba-40da-ad07-b64ed91a543e,Mizuno,Wave Enforce Tour 2 Homme Blanc vert,chaussures,2026-09-24T04:01:49.219Z,homme,adulte
a1dafcf8-8b8d-4bc0-87a2-dea7cf320391,Lacoste,Pack T-shirt et Casquette de tennis Novak Djokovic Homme Orange,textile,2026-09-24T04:01:53.570Z,homme,adulte
a2bee439-526e-4a21-bdc4-bb573be8f630,Tecnifibre,Tour Endurance ID Bleu 12 Raquettes,accessoires,2026-09-24T04:01:59.443Z,non_determine,adulte
a2c5c931-cdc8-4d4b-b4d4-6465a5e70072,Head,Lynx Tour 125 Bobine 200m Gris,cordages,2026-09-24T04:01:45.864Z,non_determine,adulte
a2e39c24-70a6-4f2a-a169-1af92ebfc2f2,Nike,Short de tennis Victory 7 Homme Orange fluo,textile,2026-09-24T04:01:55.008Z,homme,adulte
a34c46b9-f546-464f-83fb-b7a008591902,Adidas,Short de tennis Pro Enfant Noir,textile,2026-09-24T04:01:52.368Z,non_determine,enfant
a387fbdb-20df-4a80-b1c4-6795c5d29bb6,Lacoste,Chaussettes de tennis Lot de 3 paires basses Blanc,textile,2026-09-24T04:01:53.455Z,non_determine,adulte
a3915e99-2acb-4af3-863b-0aac32e910cf,Lacoste,AG-LT Ultra Clay Homme Noir Vert,chaussures,2026-09-24T04:01:47.629Z,homme,adulte
a3ea0e04-04aa-4654-8454-474053a6e14f,Wilson,Surgrip de tennis PRO OVERGRIP PACK 3 ROSE,accessoires,2026-09-24T04:01:56.816Z,non_determine,adulte
a3f48ab1-e5e9-4265-81e4-990f576d75e4,Prince,Tour 1 Comp Noir Rouge,accessoires,2026-09-24T04:01:58.586Z,non_determine,adulte
a4008b73-cad3-4be2-b079-582f4a3cf21c,Yonex,Polytour Pro 130 Jaune Bobine 200m,cordages,2026-09-24T04:01:45.670Z,non_determine,adulte
a433364e-6af8-4105-b6ca-cd98def7705e,Luxilon,CORDAGE ALU POWER SOFT 125 BOBINE 200m,cordages,2026-09-22T18:20:02.177Z,non_determine,adulte
a44c5d1a-3eca-4be3-b70f-7fe847ccabb5,Asics,Gel Dedicate 8 Enfant Rose clair,chaussures,2026-09-24T04:01:50.136Z,non_determine,enfant
a44c73a1-6709-4b14-ab92-2d4b07663edf,Nike,Zoom GP Challenge Pro Femme Blanc Lavande,chaussures,2026-09-24T04:01:50.778Z,femme,adulte
a4843baa-36cc-48dd-b827-092c8485b48d,Prince,Warrior White Edition 100 265g,raquettes,2026-09-24T04:01:43.869Z,non_determine,adulte
a4b827dc-d825-455c-85f4-1296e1844286,Babolat,RPM BLAST 135 BOBINE 200m,cordages,2026-09-22T18:20:02.254Z,non_determine,adulte
a4f58b2b-47ed-4d57-93f2-22e991c4bacf,Yonex,Chaussures Sonicage Terre battue Homme Bleu,chaussures,2026-09-24T04:01:49.450Z,homme,adulte
a4febf22-6bec-4c32-835f-e8c22306dc6d,Wilson,Roland Garros 2026 6 raquettes Team Clay,accessoires,2026-09-22T18:20:38.274Z,non_determine,adulte
a5543e11-79e0-4ec1-8c93-bcd663506e75,Wilson,Blade 104 V10,raquettes,2026-09-22T18:19:57.424Z,non_determine,adulte
a5577206-3f9d-4552-b1c3-9c708195f7c1,Asics,T-shirt de tennis Game Homme Greige,textile,2026-09-24T04:01:52.743Z,homme,adulte
a56b888f-8958-4686-a097-4cf6e7185039,Babolat,Surgrip de tennis VS Original Blanc x3,accessoires,2026-09-24T04:01:56.754Z,non_determine,adulte
a581755d-c140-46eb-81fa-050ad4717234,Yonex,Power Cushion AD Accel Femme Beige Rose,chaussures,2026-09-24T04:01:48.970Z,femme,adulte
a5d78cc8-7b07-45bd-b9bf-5e581ae1ace3,Head,Prestige Tour 2023,raquettes,2026-09-22T18:19:52.039Z,non_determine,adulte
a6370763-9059-4988-9a5a-12c1923302bb,Babolat,Court L Noir,accessoires,2026-09-24T04:01:58.597Z,non_determine,adulte
a682584b-4fec-4aee-9d7a-f5bd3d48d5ab,Nike,T-shirt de tennis Court Slam Homme Vert,textile,2026-09-24T04:01:54.512Z,homme,adulte
a6d41dd1-183a-4c0c-8d05-568bbe89e850,Nike,Vapor Pro 3 Terre Battue Homme Bleu jaune,chaussures,2026-09-24T04:01:50.328Z,homme,adulte
a6dafb36-95e4-4f6b-bbdd-2d0994a9f3f9,Babolat,Surgrip de tennis VS Original Noir x3,accessoires,2026-09-24T04:01:56.561Z,non_determine,adulte
a7002f69-1a20-4ae2-8509-565d099dab1b,Nike,Air Vapor Pro 3 Femme Creme Rouge,chaussures,2026-09-24T04:01:49.083Z,femme,adulte
a73c43a9-b832-4250-98f7-879bdf90e321,Wilson,Ultra 100 UL V5,raquettes,2026-09-22T18:19:57.014Z,non_determine,adulte
a75f22ff-3db8-45a4-bdef-67b6d287208a,Yonex,Garniture Polytour Pro 125,cordages,2026-09-22T18:20:03.923Z,non_determine,adulte
a7a35aaa-4d5f-4790-b809-242b5869a35f,Babolat,Pure Aero Rafa 2023,raquettes,2026-09-22T18:19:47.611Z,non_determine,adulte
a7b70a34-c16e-4436-8dad-2a7b16287f83,Nike,Sweat de tennis Fleece Heritage Homme Blanc Hiver 2024,textile,2026-09-24T04:01:56.005Z,homme,adulte
a83390fa-960f-4504-a3c5-9f77daaddd83,Yonex,Power Cushion Eclipsion 5 Terre Battue Homme Silver Orange,chaussures,2026-09-24T04:01:48.211Z,homme,adulte
a847f5d0-2eb0-40d3-99c7-f1badd918822,Head,Lynx Touch 125 Bobine 200m,cordages,2026-09-22T18:20:00.079Z,non_determine,adulte
a85a8998-f65e-4019-87e8-9902aee10dbb,K-swiss,Kswiss Ultra Shot 3 Bordeaux PE24,chaussures,2026-09-24T04:01:51.030Z,non_determine,adulte
a87b45c6-f89c-4dd7-9414-8eaf5777ba40,Babolat,Pure Aero 98 Lot de 2 2023,raquettes,2026-09-22T18:19:48.535Z,non_determine,adulte
a8be2cb8-5acb-4dac-a0f7-e5b4b40a43e2,Mizuno,Wave Exceed Tour Homme Blanc AH22,chaussures,2026-09-24T04:01:51.260Z,homme,adulte
a8da1d8b-618e-4283-9769-b701f22da05d,Wilson,Blade 100 V10,raquettes,2026-09-22T18:19:57.344Z,non_determine,adulte
a8ea7fa2-84a5-4605-beef-dccc1f237b38,Asics,Gel Resolution X Homme Noir Green,chaussures,2026-09-24T04:01:49.996Z,homme,adulte
a8fd9d56-8542-49dd-aaec-d2806b126bd2,Adidas,T-Shirt Homme FreeLift Pro Y3 Gris,textile,2026-09-24T04:01:51.944Z,homme,adulte
a92e3a41-210b-4d0c-9841-fb243fe7750c,Adidas,Short Homme Ergo 7 Vert,textile,2026-09-24T04:01:52.013Z,homme,adulte
a9442ab0-6ffd-47ec-a244-bcb5b3151a40,Mizuno,Wave Enforce Court 2 CC Homme,chaussures,2026-09-22T18:20:05.658Z,homme,adulte
a94a4bb7-26cf-43bb-9f83-77d301d57582,Head,Boom Pro 2026,raquettes,2026-09-22T18:19:49.737Z,non_determine,adulte
a95f1c58-5478-4cf4-9764-d09dd849c16f,Wilson,Pro Staff 97 UL Classic,raquettes,2026-09-22T18:19:57.952Z,non_determine,adulte
a97b67a2-a4fb-4363-ba8c-b7a3cd79726b,Yonex,Sac à dos Pro Cobalt Blue,accessoires,2026-09-24T04:01:59.307Z,non_determine,adulte
a97b99b7-b842-440d-99f2-a013cb85f552,Asics,Gel Challenger 14 Bleu Jaune Femme AH23,chaussures,2026-09-24T04:01:51.249Z,femme,adulte
a9814cc2-e788-47dd-b7f7-fc6d00467ed2,Wilson,Blade 98 16x19 V10,raquettes,2026-09-22T18:19:57.212Z,non_determine,adulte
a9abdae7-b014-447c-bec3-8cf6ce35165e,Asics,Débardeur de tennis femme Match Graphic Debardeur Femme Marine AH22,textile,2026-09-24T04:01:53.146Z,femme,adulte
a9ec7fb8-9cfc-4a4b-8b50-9f96e779625a,Head,Sac à dos de tennis Tour Backpack 25L Turquoise,accessoires,2026-09-24T04:01:58.470Z,non_determine,adulte
aa36ff0b-e5d5-4f42-96f9-9445c8ee073e,Mizuno,Wave Enforce Tour 2 AC Homme,chaussures,2026-09-22T18:20:06.548Z,homme,adulte
aa40fa87-4ac7-4fbf-aadb-a3929c66a9c1,Prince,Warrior White Edition 100 300g,raquettes,2026-09-24T04:01:43.844Z,non_determine,adulte
aa4c2ba3-fc31-49df-9a31-01dd0fc87f41,Nike,T-shirt de tennis Court Advantage Homme Carreau vert,textile,2026-09-24T04:01:54.602Z,homme,adulte
aa55ba73-b8e0-41b1-b74f-3f79eadcb4e0,Adidas,T-shirt de tennis Club Homme Jaune fluo,textile,2026-09-24T04:01:52.273Z,homme,adulte
aa6c1e52-71b7-4e3f-b189-49a797a30bc5,Asics,Solution Speed FF 3 Homme Creme Marine,chaussures,2026-09-24T04:01:50.515Z,homme,adulte
aae6f53f-f670-4fdf-afa1-27a63ea54d3c,Lacoste,Short de tennis Ultra Dry Homme Blanc,textile,2026-09-24T04:01:53.489Z,homme,adulte
aae7a507-0c87-444c-951c-4618fc21ac8d,EA7,Short de tennis Short Ventus7 Homme Marine PE24,textile,2026-09-24T04:01:53.214Z,homme,adulte
ab3da4ab-7f2b-4d0e-932d-20060918d177,Nike,Polo de tennis Polo Advantage 1/2 Zip Homme Vert Pomme Ete 2023,textile,2026-09-24T04:01:56.220Z,homme,adulte
ab4c4eb7-ef63-4856-8853-af24238d9499,Head,12 Raquettes Tour Racquet Bag XL Turquoise,accessoires,2026-09-24T04:01:59.218Z,non_determine,adulte
ab87277b-5dad-441c-a3c1-ae76f8a5dfe0,Nike,Vapor Lite 3 Enfant Noir,chaussures,2026-09-24T04:01:49.105Z,non_determine,enfant
aba29c76-5ae8-4e6a-b955-4fa7382b71d1,Wilson,Sac à dos Pro Staff Classic,accessoires,2026-09-22T18:20:38.583Z,non_determine,adulte
aba889cd-50d4-4003-9074-24e4a9cf1702,Lacoste,Veste de tennis Ultra Dry à capuche Femme Noir,textile,2026-09-24T04:01:53.650Z,femme,adulte
abaa35e1-ab7c-49ec-a730-76ca1b5d5701,K-swiss,Kswiss Hyper Court Supreme 2 Homme Bleu marine Blanc,chaussures,2026-09-24T04:01:49.287Z,homme,adulte
abc1725d-f093-4c6c-b249-b7ebefb939c9,Head,Lynx 130 Bobine 200m Vert,cordages,2026-09-24T04:01:45.784Z,non_determine,adulte
abcc50fc-839b-48a8-9b25-372793f74621,Lacoste,T-shirt de tennis Gros Logo Homme Bleu clair,textile,2026-09-24T04:01:53.831Z,homme,adulte
ac89e721-4250-4523-a0aa-ddaf9f84a99f,Head,LYNX JAUNE 120 BOBINE 200m,cordages,2026-09-24T04:01:46.533Z,non_determine,adulte
acff35bc-3d18-4133-964e-af75d1a6df88,Head,Tour Racquet Bag L Extreme Vert,accessoires,2026-09-24T04:01:58.029Z,non_determine,adulte
adcc3ec0-1537-416a-a480-1cc445de1de9,Tecnifibre,T-Fight 315S 2025,raquettes,2026-09-22T18:19:55.062Z,non_determine,adulte
addc4c22-2c21-4c9a-a766-2644e3ce3af5,Head,Speed PWR 2024,raquettes,2026-09-22T18:19:51.683Z,non_determine,adulte
ae4f6c74-c292-40e3-b8d4-3d7557835677,Asics,Gel Resolution X Homme Blanc Noir,chaussures,2026-09-24T04:01:49.609Z,homme,adulte
ae6876d2-06c6-4afb-99fe-f2d132703eed,Adidas,Defiant Speed 2 Femme Rose Argent,chaussures,2026-09-24T04:01:48.079Z,femme,adulte
ae85fb58-2a83-490d-8664-1923185a0c8a,Nike,Casquette de tennis Advantage Club Casquette Noir,textile,2026-09-24T04:01:54.823Z,non_determine,adulte
ae92b9c6-943d-40bb-bd5e-8791c3c88cd8,Head,LYNX GRIS 125 BOBINE 200m,cordages,2026-09-24T04:01:46.786Z,non_determine,adulte
ae975876-5f28-4976-99a4-899810156b83,Nike,T-shirt de tennis Court Dry Fit Carlos Alcaraz Homme Burgundy,textile,2026-09-22T18:20:27.011Z,homme,adulte
aedd6995-3511-4721-b03a-806b48c33f67,Wilson,Shift Super Tour 9 raquettes Artic Ice 2023,accessoires,2026-09-22T18:20:41.271Z,non_determine,adulte
aeef6788-1f36-4bc8-a0d6-188f12bbf937,Nike,Zoom GP Challenge Pro Homme White,chaussures,2026-09-24T04:01:48.246Z,homme,adulte
af168f07-316a-4f10-a0aa-4857bc27f7ba,Head,Antivibrateur de tennis SMARTSORB JAUNE FLUO,accessoires,2026-09-24T04:01:57.267Z,non_determine,adulte
af1d898d-43ce-4afd-8cf5-41c53bf30cca,Babolat,Xalt 130 garniture,cordages,2026-09-22T18:19:59.168Z,non_determine,adulte
af2e91a2-debb-4fb9-b063-c4602c49abca,Babolat,Pure Strike Carbon Sac 9 raquettes,accessoires,2026-09-22T18:20:39.733Z,non_determine,adulte
af4a2a6b-45a9-438a-bdc0-3a8885dd6a8e,Wilson,Blade 98 S V9 2024,raquettes,2026-09-22T18:19:57.660Z,non_determine,adulte
af58f267-a8eb-4f39-9a7e-b61e72a91209,Asics,Solution Speed FF 4 Homme Mint And Navy,chaussures,2026-09-24T04:01:47.923Z,homme,adulte
af7439ae-9410-48da-b075-3062c7a684cc,Wilson,Antivibrateur de tennis Antivibrateur Pro feel Ultra,accessoires,2026-09-22T18:20:35.817Z,non_determine,adulte
af828b65-3856-4190-8c42-e5e8a737e290,Asics,Gel Challenger 15 Homme White & Cherry,chaussures,2026-09-24T04:01:47.346Z,homme,adulte
af9425ac-b120-4584-8ac3-a87fb77c773d,Lacoste,Short de tennis Ultra Dry Homme Bleu Gris,textile,2026-09-24T04:01:53.362Z,homme,adulte
afa4d4d0-5f3d-494c-9b69-0cbcc1966298,Babolat,Jet Tere Femme Vert d'eau AH23,chaussures,2026-09-24T04:01:49.711Z,femme,adulte
afc376a0-ded8-4dad-97c9-4963ea71b30d,Wilson,RF 01 Black 2024,raquettes,2026-09-24T04:01:44.544Z,non_determine,adulte
afd3bbbe-e5a6-4621-887e-340bdd8922c9,Wilson,Sac a dos RF Laver Cup Noir,accessoires,2026-09-24T04:01:59.376Z,non_determine,adulte
b0083b60-5c18-4d18-8518-5314e8d8ca22,Lacoste,Jupe de tennis Ultra Dry shorty intégré Femme Blanc,textile,2026-09-24T04:01:53.785Z,femme,adulte
b0236624-d7dd-4a60-bbf2-3df4f1944757,Babolat,Pure Drive 107 Gen11,raquettes,2026-09-22T18:19:49.020Z,non_determine,adulte
b0684b1f-67dd-4426-9a22-b564100151c2,Lacoste,T-shirt de tennis Gros Logo Enfant Bleu pastel PE24,textile,2026-09-24T04:01:53.974Z,non_determine,enfant
b07f4822-6e73-4756-a5c2-2bdb32d6043e,Yonex,V Core 98 Rouge,raquettes,2026-09-24T04:01:45.431Z,non_determine,adulte
b0839c4e-22f9-4202-beb6-b619be667e6c,Wilson,MICRO-DRY COMFORT GRIP NOIR,accessoires,2026-09-24T04:01:56.941Z,non_determine,adulte
b0c4a03c-9908-4c73-a5ab-9d3b3ba768c8,Asics,Chaussures Gel Resolution X Femme Terre Battue Noir rouge,chaussures,2026-09-24T04:01:48.726Z,femme,adulte
b13562e9-739d-4ae9-9ebc-0147f5160c3f,Adidas,Short de tennis CLUB SW Homme Rose,textile,2026-09-24T04:01:51.294Z,homme,adulte
b13a7c78-5aec-42c7-a8a6-c6bad15ec526,Prince,Beast 100 (265g) 2023,raquettes,2026-09-22T18:19:53.533Z,non_determine,adulte
b1472565-89d7-4990-843d-0a5286b2cb02,Adidas,T-Shirt de tennis FreeLift Homme Pure Orange,textile,2026-09-24T04:01:51.886Z,homme,adulte
b1506df4-e7ab-4855-86ba-6011ff21d573,Tecnifibre,Sac à dos de tennis Tour Endurance Kaki 2024,accessoires,2026-09-24T04:01:58.969Z,non_determine,adulte
b18e46fd-78d5-4b72-94c6-f93dba3a7cbf,Nike,Haut à manches longues 1/2 Zip Enfant Rose,textile,2026-09-24T04:01:55.607Z,non_determine,enfant
b198fea8-5923-4576-be4f-68ab83816327,Babolat,9 raquettes Pure Drive Spectra Gen11,accessoires,2026-09-22T18:20:37.608Z,non_determine,adulte
b1debe94-574e-48d8-b834-b1d8b86edd01,Head,LYNX ROUGE 120 BOBINE 200m,cordages,2026-09-24T04:01:46.389Z,non_determine,adulte
b20694cf-8089-4d4d-87c7-fa0d04e9b01a,Nike,Vapor Pro 3 Femme Pink Smoke,chaussures,2026-09-24T04:01:47.481Z,femme,adulte
b20e9e4a-5ee2-4a0e-a450-6795b39465ed,Adidas,Débardeur de tennis enfant Debardeur Pro Enfant Blanc orange PE24,textile,2026-09-24T04:01:52.496Z,non_determine,enfant
b24a7fea-bcfc-410c-b688-d03395dd68dd,Asics,T-shirt de tennis Game Femme Aubergine,textile,2026-09-22T18:20:21.890Z,femme,adulte
b26964ae-d603-4ac5-bede-a7c53a8731fa,Adidas,Barricade Enfant White,chaussures,2026-09-24T04:01:47.676Z,non_determine,enfant
b29db9ec-38c4-49a6-9b6a-2e58b6fc83e4,Babolat,RPM BLAST 125 BOBINE 200m,cordages,2026-09-22T18:20:03.151Z,non_determine,adulte
b2a152e8-4381-4f7c-9d79-626ded7c1e7c,Babolat,Jet Tere 2 Homme Sunny Lime,chaussures,2026-09-22T18:20:06.845Z,homme,adulte
b2c83c64-fec3-48d5-af4d-bc74762ccacb,Prince,x Smiley Tour 2 Comp Noir jaune,accessoires,2026-09-24T04:01:58.551Z,non_determine,adulte
b2d427c7-2c2b-4237-a2f7-73f91365ec5f,Yonex,V Core 100 Rouge,raquettes,2026-09-24T04:01:45.397Z,non_determine,adulte
b2f4c79d-b711-461a-8b31-67e83dcb29b3,Asics,Chaussures Gel Resolution X Homme Terre Battue Noir,chaussures,2026-09-24T04:01:50.443Z,homme,adulte
b3347c5b-88da-4771-8209-3c11864a3dea,Babolat,Pure Drive Jr 26 Gen11 Lighter blue,raquettes,2026-09-24T04:01:42.501Z,non_determine,enfant
b38431a7-491c-46cf-a046-3e8efec15877,Mizuno,Wave Enforce Tour AC Homme,chaussures,2026-09-22T18:20:08.218Z,homme,adulte
b39d9038-62cb-447e-b2e8-e50047bac965,Head,LYNX JAUNE 130 BOBINE 200m,cordages,2026-09-24T04:01:46.444Z,non_determine,adulte
b3c59e2b-6b5d-43c1-954b-712cc6e2776c,Tecnifibre,TF X1 V2 270 2024,raquettes,2026-09-22T18:19:54.780Z,non_determine,adulte
b3e6780d-4c7d-41e6-abcb-58ac798d70d3,Adidas,Adizero Cybersonic Homme Blanc Bleu AH24,chaussures,2026-09-24T04:01:49.667Z,homme,adulte
b404b6d3-43b0-4c28-b98c-e8eed115ecf0,Lacoste,Short de tennis Ultra Dry stretch Homme Violet,textile,2026-09-24T04:01:53.707Z,homme,adulte
b40abb26-f0fd-4fc7-95dd-3301f0cbd71f,Nike,Debardeur de tennis Slam USO Femme Cramoisi,textile,2026-09-22T18:20:30.802Z,femme,adulte
b413d693-10d0-4c66-890a-834c8fb474e4,Nike,T-shirt de tennis Trophy 23 Enfant Bleu roi,textile,2026-09-24T04:01:54.720Z,non_determine,enfant
b42f9244-23c1-41c6-8eac-2a2f8be906b0,Nike,Short de tennis Victory 7 Homme Noir,textile,2026-09-24T04:01:55.494Z,homme,adulte
b4958e14-ad1d-48ae-b4fe-320675b1bb74,Tecnifibre,Tour Endurance Sac a dos Beige,accessoires,2026-09-24T04:01:58.743Z,non_determine,adulte
b4dc9bbf-7036-41d3-b413-d45cd9e9925e,Slazenger,X4 18 TUBES,accessoires,2026-09-22T18:20:37.094Z,non_determine,adulte
b50addf8-0ecd-41f3-8746-692e8d45ea3c,Babolat,Team Tubes de 4 Balles,accessoires,2026-09-22T18:20:37.558Z,non_determine,adulte
b513ccc3-9bac-4e71-bd23-82bf101b641d,Tecnifibre,Ice Code 130 Bobine 200m,cordages,2026-09-22T18:19:59.929Z,non_determine,adulte
b55d8096-e8db-4428-b8ff-adc953228cb4,Babolat,Antivibrateur de tennis Strike Damp,accessoires,2026-09-22T18:20:33.903Z,non_determine,adulte
b569872f-40af-48c5-9018-3f597930275f,Tecnifibre,Tour Endurance Ultra Noir Duffel 2024,accessoires,2026-09-24T04:01:59.027Z,non_determine,adulte
b57e5fd1-9f98-4b96-8097-e270762cbd0c,Nike,T-shirt de tennis Court Slam Homme Blanc,textile,2026-09-24T04:01:54.546Z,homme,adulte
b5911d1f-eea9-4dc3-8043-73444ca9120e,Nike,GP Challenge 1 Homme Blanc turquoise,chaussures,2026-09-24T04:01:49.049Z,homme,adulte
b59d53bc-484e-47f6-b51f-0469a94bd025,Head,Extreme MP L 2026,raquettes,2026-09-22T18:19:52.550Z,non_determine,adulte
b5ca37b4-321c-4d4f-9820-a44d9bc6508c,Adidas,T-shirt de tennis enfant T-shirt New York Noir Enfant AH23,textile,2026-09-24T04:01:52.507Z,non_determine,enfant
b5da5814-7edd-4521-be1e-9dad0fe52fb7,Head,Antivibrateur de tennis SMARTSORB NOIR,accessoires,2026-09-24T04:01:57.313Z,non_determine,adulte
b603b92c-d205-4092-96c8-7243cb8edca7,Nike,T-shirt de tennis Court Advantage Femme Pink,textile,2026-09-24T04:01:54.466Z,femme,adulte
b61d8a84-3f8e-46cf-8c61-69e710973bf6,Prince,Tour 1 Comp Noir Bleu,accessoires,2026-09-24T04:01:58.821Z,non_determine,adulte
b63e526f-7624-4802-bb05-9e4937d5c674,Luxilon,SAVAGE BLANC 127 BOBINE 200m,cordages,2026-09-24T04:01:47.284Z,non_determine,adulte
b66265e6-6c5f-4372-8d25-dbd6ec2385a5,Tecnifibre,T-Fight 280 Isoflex 2023,raquettes,2026-09-22T16:07:37.321Z,non_determine,adulte
b6c830fa-fc39-4d7f-be13-0a398112ff7e,Adidas,Sweat de tennis Tennis Club Homme Blanc bleu,textile,2026-09-24T04:01:51.616Z,homme,adulte
b72d71f1-61ec-4c31-b500-5fda6e10d64f,Wilson,Revolve 125 Orange Bobine 200m,cordages,2026-09-24T04:01:45.926Z,non_determine,adulte
b7602869-b13b-48ac-af4c-e15a675e100b,Prince,Vortex 310g 2023,raquettes,2026-09-22T18:19:54.140Z,non_determine,adulte
b777852a-ca86-4c81-bfc3-e727298a1954,Lacoste,T-shirt de tennis Novak Djokovic Homme Vert,textile,2026-09-24T04:01:53.729Z,homme,adulte
b79ab524-de07-4e71-bfa2-75d9e1c00c4b,Mizuno,Wave Enforce Court 2 AC Homme,chaussures,2026-09-22T18:20:05.711Z,homme,adulte
b7b67f41-2533-4f78-a4eb-8af0ec419712,Head,PWR 110 Blanc,raquettes,2026-09-24T04:01:42.561Z,non_determine,adulte
b82e7d2f-17af-4184-a6aa-04a360297338,Adidas,Ubersonic Enfant Jaune,chaussures,2026-09-24T04:01:50.675Z,non_determine,enfant
b82f9bbc-f786-49e0-b772-1b3477ed2772,Nike,Short Enfant Multi Blanc,textile,2026-09-24T04:01:54.916Z,non_determine,enfant
b857f028-5f8d-494c-a63b-9b012a061c0e,Babolat,Team Carton de 30 Tubes de 3 Balles,accessoires,2026-09-22T18:20:37.198Z,non_determine,adulte
b8856cbe-c100-4640-8633-86b81471f851,Adidas,Débardeur de tennis femme Melbourne Y Debardeur Femme PE23,textile,2026-09-22T18:20:21.403Z,femme,adulte
b8a771bf-4de2-4932-89a7-bad09f8a1d61,Tecnifibre,T-Fight 255 Isoflex 2023,raquettes,2026-09-22T16:07:38.959Z,non_determine,adulte
b8ea484e-09e5-4878-b6c9-a60718f82b52,Nike,Debardeur de tennis Slam Homme Blanc Vert,textile,2026-09-24T04:01:55.171Z,homme,adulte
b90a6ff1-a5b8-430b-8446-c8be73e445e6,Prince,by Hydrogen Random 280g 2022,raquettes,2026-09-22T18:19:54.086Z,non_determine,adulte
b91ab495-9243-4523-b9d1-b6afccd05ae0,Babolat,Pure Drive +,raquettes,2026-09-22T18:19:49.263Z,non_determine,adulte
b94c75d7-e00f-478a-bdf2-5289e29e9c42,Adidas,T-shirt de tennis Freelift Pro Homme Blanc PE25,textile,2026-09-24T04:01:52.380Z,homme,adulte
ba25860e-939a-4be9-a640-82bec8697be7,Asics,T-shirt de tennis Fille White,textile,2026-09-24T04:01:52.812Z,femme,enfant
ba8a29cd-a176-4b4f-b185-c765e0291218,Head,Lynx Jaune 120 Garniture,cordages,2026-09-24T04:01:46.029Z,non_determine,adulte
ba98429e-1cba-4097-9611-cef5a9509aac,Yonex,Eclipsion 4 Homme Navy PE22,chaussures,2026-09-22T18:20:17.899Z,homme,adulte
bab903c6-505b-4742-9b4f-4d92284250da,Babolat,12 raquettes Pure Drive Gen11,accessoires,2026-09-22T18:20:40.473Z,non_determine,adulte
bb2e9d94-c48f-40c9-ab38-19b060f2a519,Babolat,Pure Drive Team Spectra Gen11,raquettes,2026-09-22T18:19:48.761Z,non_determine,adulte
bb81d6fe-e377-4efb-9477-556f7400024e,Asics,Court FF 3 Femme Rose clair,chaussures,2026-09-24T04:01:48.668Z,femme,adulte
bb9ca69b-e7e4-40a8-b497-482acaaef269,Nike,Sweat de tennis Fleece Heritage Homme Gris clair,textile,2026-09-24T04:01:55.879Z,homme,adulte
bbd155bf-9f54-43f8-a5e2-a192051f550c,Head,Tour Racquet Bag XL Gris Bleu 2024,accessoires,2026-09-24T04:01:59.061Z,non_determine,adulte
bc1d0df5-243c-43be-998d-f9d55a8b759e,Tecnifibre,RAZOR CODE 130 BLEU BOBINE 200m,cordages,2026-09-24T04:01:46.867Z,non_determine,adulte
bc3fcfe6-5c47-4ada-9251-8b8a09f219df,Nike,Air Zoom Vapor 12 Femme Bleu,chaussures,2026-09-24T04:01:50.880Z,femme,adulte
bc65fce2-fa3b-4984-8d6a-71549dd5e61e,Nike,Sweat de tennis Court Collection Femme Bleu marine,textile,2026-09-24T04:01:55.020Z,femme,adulte
bc6f5a08-0577-420a-a4f5-c0fd6a00fa84,Asics,Chaussures Gel Resolution X Homme Terre battue Night And Mint,chaussures,2026-09-24T04:01:47.935Z,homme,adulte
bcd247e1-c6b5-4060-974b-aca62d0632f6,Wilson,Ultra 100 L V5 Roland Garros 26,raquettes,2026-09-22T18:19:56.836Z,non_determine,enfant
bd036fdd-863c-4d34-95d2-9c0344c30578,Nike,Lot de 3 Paires de chaussettes Hautes Everyday Elevated Blanc,textile,2026-09-24T04:01:56.379Z,non_determine,adulte
bd2fff52-f009-49d9-893e-840758433361,Babolat,M7 140 BOBINE 200m,cordages,2026-09-22T18:20:02.080Z,non_determine,adulte
bd392111-ef7e-49c0-b614-1505bd8bb626,Babolat,Pure Drive Super Lite 2021,raquettes,2026-09-22T18:19:49.330Z,non_determine,adulte
bd3dc0b7-63cc-4577-86bd-fe8c04248262,Head,9 Raquettes Tour Racquet Bag L Bleu canard,accessoires,2026-09-24T04:01:59.229Z,non_determine,adulte
bd3defe2-07a2-42f1-8ef7-287c82ad3e6c,Asics,T-shirt Homme Game SS Top Aurora green,textile,2026-09-24T04:01:52.928Z,homme,adulte
bd455f4c-f05d-436c-aa60-4ffd409434e7,Nike,T-shirt de tennis Court Slam RG Homme Rose,textile,2026-09-24T04:01:54.580Z,homme,adulte
bd8deecf-e664-4ee1-aa1f-99b9bafda37d,Head,Boom MP L Neon,raquettes,2026-09-22T18:19:50.709Z,non_determine,adulte
bd9314d9-abdc-4241-b013-7da025742d59,Asics,Solution Speed FF 3 Homme Rouge fluo,chaussures,2026-09-24T04:01:50.560Z,homme,adulte
bd964e50-a3b7-4255-ba91-d7e67528acc1,Head,RIP CONTROL 130 BLANC BOBINE 200m,cordages,2026-09-24T04:01:46.217Z,non_determine,adulte
bdbbd806-101b-4b53-ad1f-bc2b6a5441af,Asics,Gel Resolution X Homme White And Dark Aubergine,chaussures,2026-09-24T04:01:47.946Z,homme,adulte
bdd4a8db-ccd2-45db-9e5e-14f75c944b40,Nike,Air Zoom Vapor 12 Homme Bleu,chaussures,2026-09-24T04:01:50.215Z,homme,adulte
be20ce83-60df-4eb7-bdaa-1b3adcd3e3a3,Lacoste,Jupe de tennis Edition Roland Garros Femme Vert,textile,2026-09-24T04:01:53.523Z,femme,adulte
be3ac4d1-c7e0-43b2-8e87-9c29695d13fb,Nike,Sweat de tennis Fleece Heritage Homme Kaki clair,textile,2026-09-24T04:01:55.194Z,homme,adulte
be565f97-375d-4c52-949f-d8c4ec725a24,Babolat,Team Tubes de 3 Balles,accessoires,2026-09-22T18:20:36.533Z,non_determine,adulte
be57c5dd-d7a4-469f-a3d6-bb4782f933d7,Babolat,Sac a dos Kids 3rd Generation Bleu Rouge 2024,accessoires,2026-09-24T04:01:59.752Z,non_determine,enfant
be5ae86f-0df8-469a-ace1-eee0cd2f758d,Head,3 Raquettes Tour Racquet Bag S Noir,accessoires,2026-09-24T04:01:58.425Z,non_determine,adulte
be859036-bbcf-4083-a2af-c51d58336abf,Asics,Gel Resolution X Homme Blanc Rose Green,chaussures,2026-09-24T04:01:48.588Z,homme,adulte
beba24eb-41f5-42cb-8029-c1b7a62fc206,Asics,Court FF 3 Homme Noir Vert,chaussures,2026-09-24T04:01:49.814Z,homme,adulte
bedfdb0b-e6fb-4052-a55f-8b16f1692b45,Wilson,Defyer 100L V1,raquettes,2026-09-22T18:19:55.701Z,non_determine,adulte
bf41a147-3d68-433e-9558-dda4bcd9f108,Lacoste,AG-LT Ultra Clay Edition RG Homme Bleu Marine,chaussures,2026-09-24T04:01:48.032Z,homme,adulte
bf6d105a-068f-44e9-be9c-8c6c22bd1792,Prince,Tour 98 (305g) 2023,raquettes,2026-09-22T18:19:53.887Z,non_determine,adulte
c0606ade-b580-405b-930f-b650da1dfbea,Nike,T-shirt Manches Longues Homme Miller Noir,textile,2026-09-24T04:01:55.446Z,homme,adulte
c076efd9-87f5-47d7-84b1-f852c82b180d,Head,Boom Jr 25 2026,raquettes,2026-09-22T18:19:50.249Z,non_determine,enfant
c08aa464-fc05-4e84-b26b-5649b12282f5,Wilson,SENSATION 135 BOBINE 200m,cordages,2026-09-22T18:20:03.380Z,non_determine,adulte
c0cbb5f4-0cdd-4adb-991a-3ebeead42cd6,Adidas,Courtflash Comfort Scratch Enfant Blanc Jaune,chaussures,2026-09-24T04:01:50.305Z,non_determine,enfant
c0eaff7e-02bd-4c1a-aa6f-94c56ef4ef07,Adidas,Courtflash Enfant Pink,chaussures,2026-09-24T04:01:47.792Z,non_determine,enfant
c13040d8-8dcd-45e9-858a-94d48e1c931c,Mizuno,Short de tennis Mug 8 Homme Blanc AH24,textile,2026-09-24T04:01:54.281Z,homme,adulte
c1c2fc92-7858-41bc-a6f6-2f3629a6161c,Adidas,Debardeur de tennis Y Climacool femme Pure Orange,textile,2026-09-24T04:01:51.909Z,femme,adulte
c1fa330f-135a-4335-9efd-f4358f958d52,Babolat,Propulse Fury 3 Homme Blanc Bleu Rouge,chaussures,2026-09-24T04:01:49.700Z,homme,adulte
c2008a41-3ff8-4f89-ad42-2916b1bf2a43,Head,REFLEX MLT 125 NATUREL BOBINE 200m,cordages,2026-09-22T18:20:01.349Z,non_determine,adulte
c207127b-205c-47b9-82a6-b8a010f57382,Asics,Court FF 3 Novak Homme Bleu PE25,chaussures,2026-09-24T04:01:50.904Z,homme,adulte
c242922c-2c58-4109-86e1-ca33106c6c2e,Asics,Solution Speed FF 3 Terre Battue Femme Vieux rose PE25,chaussures,2026-09-24T04:01:49.620Z,femme,adulte
c2a56bb5-9cfb-4f8c-b430-5de31808b0c5,Wilson,Blade 104 V9 2024,raquettes,2026-09-22T18:19:57.727Z,non_determine,adulte
c2d896be-94e8-482e-892a-9a6609c72922,Yonex,Fusion Rev 5 Homme Saphire Navy 2024,chaussures,2026-09-22T18:20:12.088Z,homme,adulte
c301c4f0-9f9a-4ad1-b8fa-679eb4261e3e,Head,Radical Junior 26 2025,raquettes,2026-09-22T18:19:52.246Z,non_determine,enfant
c32150aa-754d-4598-a2f3-ccc67f740d45,Nike,Chaussettes de tennis DRY LIGHTWEIGHT SOCKS X3 COURTES DRI-FIT NOIRES,textile,2026-09-22T18:20:32.999Z,non_determine,adulte
c32577c4-f72c-4460-b5a0-ff566ce8847a,Adidas,Short de tennis CLUB SW Homme Pure Orange,textile,2026-09-24T04:01:51.921Z,homme,adulte
c361241d-cbe0-440c-ad25-cf1f64699a4a,Tecnifibre,Fire 305 S,raquettes,2026-09-22T18:19:54.283Z,non_determine,adulte
c3792ec6-cf17-44c1-86ec-769089495048,Lacoste,Robe de tennis Édition Roland-Garros Femme Vert Pistache,textile,2026-09-24T04:01:53.616Z,femme,adulte
c40c7a2d-f155-40f0-aa81-1b2d43312814,Wilson,"Rush Pro 4,5 Homme Blanc Bleu Jaune",chaussures,2026-09-24T04:01:48.854Z,homme,adulte
c413516a-d1c7-41d1-bb77-03ab267d5dbd,Adidas,Jupe de tennis Paris Match Jupe Femme Taupe PE23,textile,2026-09-22T18:20:21.328Z,femme,adulte
c4e782f3-0ace-4e60-9bcc-55e5f13e3a01,Head,Rip Control 125 Blanc Bobine 200 mètres,cordages,2026-09-24T04:01:45.901Z,non_determine,adulte
c519ccac-0d23-47a1-9e43-9c197d63b9f1,Babolat,XCEL 135 BOBINE 200m,cordages,2026-09-22T18:20:03.405Z,non_determine,adulte
c54c5ccd-d09b-44e3-a445-592117cae6cd,Wilson,Clash 100 V3 Reverse,raquettes,2026-09-22T18:19:56.315Z,non_determine,adulte
c552e3db-2758-401f-8d63-2a7523bc0c88,Wilson,Clash 100 UL V3 Reverse,raquettes,2026-09-22T18:19:56.439Z,non_determine,adulte
c5826b55-16b8-43bb-ac49-eb2d2a6ffde5,Adidas,Avacourt 3 Femme Blanc Orange,chaussures,2026-09-24T04:01:48.371Z,femme,adulte
c593b614-d14d-47c1-98e7-1cf95e3a67ce,Adidas,Debardeur Femme Y Midi Aurora Vert,textile,2026-09-24T04:01:52.093Z,femme,adulte
c5c7c63f-5a95-4e6b-aab4-8e7f022cfbf0,Babolat,Surgrip de tennis Lot Syntec Pro + Vs Original Blanc,accessoires,2026-09-24T04:01:57.201Z,non_determine,adulte
c5e953e4-fc1f-41c9-864e-31919cfb33d7,Wilson,Rush Pro 5 Homme Black Red White,chaussures,2026-09-24T04:01:48.189Z,homme,adulte
c62f99a4-689e-45c0-a05b-6b66596bbc30,Babolat,Pure Drive Jr 25 Gen11 Lighter blue,raquettes,2026-09-24T04:01:42.425Z,non_determine,enfant
c644cbc4-95ef-4783-a988-b6aa23c6e4b7,Asics,Gel Resolution X Homme Vert fonce,chaussures,2026-09-24T04:01:50.698Z,homme,adulte
c68d350f-4696-4d8c-8831-b7dfbb6a0bb5,Babolat,Jet Tere 2 Homme Noir,chaussures,2026-09-24T04:01:49.349Z,homme,adulte
c6ec5d41-87d6-4b4e-be1a-309d5631d50f,Adidas,Debardeur de tennis Club enfant Blanc,textile,2026-09-24T04:01:51.647Z,non_determine,enfant
c70db838-a09c-4076-9680-c505acf9a0ff,Nike,Sweat 1/2 Zip Enfant Bleu electrique,textile,2026-09-24T04:01:55.777Z,non_determine,enfant
c71f273d-e6c1-4cb2-b421-090b2fe0c733,Asics,Gel Resolution X Homme Gris vert,chaussures,2026-09-24T04:01:48.566Z,homme,adulte
c736d029-ee88-443c-b808-018cc75b471f,Head,HAWK GRIS 125 BOBINE 200m,cordages,2026-09-24T04:01:46.727Z,non_determine,adulte
c78beeaa-5fdd-4f76-aca9-a4fdb9ebb5e1,Luxilon,Big Banger Original 130 Garniture,cordages,2026-09-22T18:20:02.947Z,non_determine,adulte
c78f23d8-1663-4bf6-8f5c-778c0238da33,Asics,T-shirt de tennis Match Actibreeze Violet PE25,textile,2026-09-24T04:01:53.089Z,non_determine,adulte
c78f376c-0c47-445d-a4bf-db74b942f9f8,Asics,Gel Challenger 15 Femme White & Taro,chaussures,2026-09-24T04:01:47.333Z,femme,adulte
c79c1fd1-14d3-4709-b36a-476b0d6ef240,Nike,Zoom GP Challenge Pro Homme Premium Beige Vert Printemps 2024,chaussures,2026-09-24T04:01:51.170Z,homme,adulte
c7a4dc5a-f007-4232-8c46-2cc2ccae8d23,Nike,Débardeur tennis femme Slam Debardeur New York Creme Femme Automne 2023,textile,2026-09-22T18:20:32.667Z,femme,adulte
c7ac71e4-e4c4-4e1e-91b6-7b2ec343d2f8,Tecnifibre,Fire 255,raquettes,2026-09-22T18:19:54.473Z,non_determine,adulte
c84ea857-a697-462e-b164-70e9d039cd87,Adidas,T-shirt de tennis enfant T-shirt Pro Enfant Vert PE24,textile,2026-09-24T04:01:52.473Z,non_determine,enfant
c85403d9-d5b2-4cbc-8403-625f7d894d69,Le Coq Sportif,T-shirt de Tennis Homme Orange,textile,2026-09-24T04:01:54.053Z,homme,adulte
c8755740-e304-442e-8c32-7df22d52f086,Nike,Debardeur de tennis Court Advantage Femme White,textile,2026-09-24T04:01:54.478Z,femme,adulte
c8e0b0df-e798-4599-8962-d046cca86859,Asics,Sweat Homme Performance Kaki,textile,2026-09-24T04:01:52.973Z,homme,adulte
c90c74bb-13c3-4004-aa24-448085258471,Wilson,Clash 100 V3 2025,raquettes,2026-09-22T18:19:56.495Z,non_determine,adulte
c92ad317-0bc3-44a6-b8d1-82da7e49a982,Dunlop,Balles ATP Tubes de 4 balles,accessoires,2026-09-22T18:20:37.000Z,non_determine,adulte
c9333f6c-7823-4d3d-ab11-51b782d776d5,Asics,Game FF Homme Noir indigo,chaussures,2026-09-24T04:01:50.606Z,homme,adulte
c965a07a-9d5a-4187-a996-16dc2f571685,Nike,Air Vapor Pro 3 Femme Blanc Mint,chaussures,2026-09-24T04:01:50.373Z,femme,adulte
c9b7df77-65cb-4dd5-b043-ffda23e42ccc,Nike,Robe Femme Victory Vert sauge,textile,2026-09-24T04:01:55.765Z,femme,adulte
c9c5d837-07e7-4937-84da-1eb7f543b210,Nike,Short de tennis Victory 7 Homme Lime,textile,2026-09-22T18:20:29.426Z,homme,adulte
c9c79c2a-e04a-4bdd-be22-e807ebfcc006,Wilson,Defyer Sac 15 Raquettes,accessoires,2026-09-22T18:20:41.296Z,non_determine,adulte
c9dc944f-4c93-441b-9e58-4ace8e8cc173,Adidas,Adizero Ubersonic 5 Homme White Dark Blue,chaussures,2026-09-24T04:01:48.020Z,homme,adulte
c9f1808e-9eb3-4534-b3d2-aa374bd61bfe,Tecnifibre,Surgrip de tennis PRO PLAYERS OVERGRIPS X3 NOIR,accessoires,2026-09-24T04:01:57.009Z,non_determine,adulte
ca1143d6-54ea-44dd-b767-ef0956c8b4db,Head,VELOCITY MLT BOBINE 200m,cordages,2026-09-22T18:20:01.252Z,non_determine,adulte
ca4c67c8-1d55-4715-baed-d3e2fb500412,Nike,Short de tennis Advantage Short 7 Homme Jaune fluo Automne 2024,textile,2026-09-24T04:01:56.084Z,homme,adulte
ca6a0693-fc49-4806-8e0d-0d2f7cf84b18,Head,Gravity Team 2025,raquettes,2026-09-22T18:19:50.912Z,non_determine,adulte
ca78b788-c359-4a53-85ac-e98098adbf8e,Lacoste,Short de tennis Ultra Dry stretch Homme Blanc Écru,textile,2026-09-24T04:01:53.695Z,homme,adulte
ca883d04-b1fd-4455-86ea-6977027729d5,Nike,Debardeur de tennis Advantage Femme Jaune,textile,2026-09-24T04:01:55.111Z,femme,adulte
caba9449-9b8b-407e-a40f-9da681921861,Wilson,Sac à dos de tennis Roland Garros 2026 Session de soirée,accessoires,2026-09-22T18:20:37.968Z,non_determine,adulte
cae0f3e3-d4a8-4c86-8fb4-42d4ac02f08a,Adidas,Debardeur de tennis Club Enfant Rouge fluo PE25,textile,2026-09-24T04:01:52.343Z,non_determine,enfant
cb2351da-0376-4668-9e33-27e494945347,Adidas,Game Court 3 Homme White And Black,chaussures,2026-09-24T04:01:47.815Z,homme,adulte
cbe97755-ea6c-4ad4-8895-77e0a3d2727f,Prince,Warrior White Edition 100 285g,raquettes,2026-09-24T04:01:43.858Z,non_determine,adulte
cbea50a7-514b-4ab8-9a23-c2d9b77a8bbb,Head,Gravity MP 2025,raquettes,2026-09-22T18:19:50.863Z,non_determine,adulte
cc3a6f51-3bd4-4c4f-9f90-d32d30aded25,Head,Boom Jr 2024,raquettes,2026-09-22T18:19:50.604Z,non_determine,enfant
cc639644-9ae8-4762-ab95-d093fd1938da,Head,RIP CONTROL 125 NATUREL BOBINE 200m,cordages,2026-09-22T18:20:02.663Z,non_determine,adulte
ccf7792a-5571-4619-8118-275634e662f8,Nike,Veste à capuche de tennis Enfant Club Oversize Noir,textile,2026-09-24T04:01:55.937Z,non_determine,enfant
cd0397b3-37d7-4fd6-8555-0ffccb1686d9,Head,Extreme MP L 2024,raquettes,2026-09-22T18:19:52.706Z,non_determine,adulte
cd046a08-a1e7-4d4b-ae80-bd50ced7da6e,Babolat,XCEL 130 BOBINE 200m,cordages,2026-09-22T18:20:03.591Z,non_determine,adulte
cd0f3056-f7af-48d9-b54f-2850f0832327,Asics,Solution Speed FF 4 Terre Battue Femme Night Energy,chaussures,2026-09-22T18:20:05.224Z,femme,adulte
cdc59f38-7c53-4cee-92b8-2eddb988ab7d,Yonex,Ezone 100 Espresso 2026,raquettes,2026-09-22T18:19:58.263Z,non_determine,adulte
ce2da22c-8591-4f09-9310-cd112cc9a627,Head,Radical 26 2023,raquettes,2026-09-22T18:19:52.297Z,non_determine,enfant
cea5ef59-84c1-4b7f-90cc-ee3d99f6391c,Asics,Gel Resolution X Homme Marine vert,chaussures,2026-09-24T04:01:50.479Z,homme,adulte
cea603b9-82e5-4406-a11f-4e7d587a6e1a,Lacoste,Short de tennis Ultra Dry Homme Noir,textile,2026-09-24T04:01:53.774Z,homme,adulte
cedb6fcc-df25-47c9-b804-671ec7c5d2c8,Le Coq Sportif,Short de tennis Bleu Enfant AH24,textile,2026-09-24T04:01:54.143Z,non_determine,enfant
ceefe585-433c-4b2c-bb1b-ee53491cea28,Head,12 Raquettes Tour Racquet Bag XL Bleu canard,accessoires,2026-09-24T04:01:58.368Z,non_determine,adulte
cf11a50b-0e71-4543-8c2d-5f1232ab9d7a,Adidas,Débardeur tennis femme Y Debardeur Femme Blanc orange PE24,textile,2026-09-24T04:01:52.450Z,femme,adulte
cf1d7dbe-2c6d-4d49-bf31-70110e0cbd8c,Adidas,T-Shirt de tennis Climacool Freelight Pro Homme Turbo,textile,2026-09-22T18:20:17.949Z,homme,adulte
cf8357b5-aba3-46cc-8d8d-e4ac99c5a5d6,Head,Sac à dos de tennis Tour 25L Orange,accessoires,2026-09-24T04:01:59.572Z,non_determine,adulte
cf9d69ff-184e-4b2e-adc7-c851ff5cd782,Head,Speed MP Legend 2025,raquettes,2026-09-22T18:19:49.660Z,non_determine,adulte
cfd9385d-0c9f-4e19-be2a-12fcb71da687,Asics,Chaussures Solution Speed FF 4 Homme Terre Battue Gris vert,chaussures,2026-09-24T04:01:50.054Z,homme,adulte
d03667ea-35a5-4daa-b73f-ac4088a84c6f,Asics,Short de tennis Match Femme Violet PE25,textile,2026-09-24T04:01:53.077Z,femme,adulte
d046ebc8-4bb0-469e-bd17-5b4265828c6e,Head,3 Raquettes Tour Racquet Bag S Orange,accessoires,2026-09-24T04:01:58.458Z,non_determine,adulte
d0540018-63c4-4d2d-9aca-c21bdcc3bfb0,Nike,Zoom GP Challenge 1 Premium Homme Beige Bleu,chaussures,2026-09-24T04:01:49.276Z,homme,adulte
d0619081-c57c-4d47-bf90-ca41bafc88c9,Babolat,Lot de 2 Pure Strike 97 2024,raquettes,2026-09-22T18:19:48.045Z,non_determine,adulte
d0a519ae-a5e8-4b7e-ba6e-85e34ac43aae,Tecnifibre,TF40 290 16M 2024,raquettes,2026-09-22T18:19:54.857Z,non_determine,adulte
d0b374da-3d55-42f7-bf19-ad2055e53366,Babolat,Pure Strike Lite,raquettes,2026-09-22T16:07:38.734Z,non_determine,adulte
d0bb78fe-0f54-423f-bedc-0e126acf175e,Nike,Débardeur tennis femme Solid Slam Debardeur Femme Corail Automne 2023,textile,2026-09-24T04:01:56.153Z,femme,adulte
d0d6fdc3-897c-4c3f-8152-d6cbe75f99d2,Asics,Solution Speed FF 4 Homme Night Energy,chaussures,2026-09-22T18:20:05.200Z,homme,adulte
d152f070-f123-41ca-9745-564d8dadfcac,Wilson,RF 01 PRO Black 2024,raquettes,2026-09-24T04:01:44.559Z,non_determine,adulte
d16a6774-bfd0-420e-98b9-0ef0ae168320,Babolat,Lots de 2 Raquettes de tennis Pure Strike 97 Carbon,raquettes,2026-09-22T18:19:47.723Z,non_determine,adulte
d1753afb-45ad-4928-9552-5ed51f26ea13,Adidas,Jupe de tennis Match Pro Femme Legend Ink,textile,2026-09-22T18:20:18.921Z,femme,adulte
d19a69ef-5616-4fbc-abe4-e63763e7e2ff,Head,CORDAGE LYNX GRIS 130 BOBINE 200m,cordages,2026-09-24T04:01:46.405Z,non_determine,adulte
d1b06781-d0ac-42d9-a2f6-bdfd9da724d5,Wilson,Antivibrateur de tennis Pro feel Blade V10,accessoires,2026-09-22T18:20:33.486Z,non_determine,adulte
d1cf9d2d-82ce-4a2e-bebf-0b5ed86853cc,Wilson,RF Racquet Cover 1PK Black 2024,accessoires,2026-09-24T04:01:58.993Z,non_determine,adulte
d1dd62ef-e648-4774-8a27-00c95cd57c12,Nike,Short de tennis Court Slam Homme Blanc,textile,2026-09-24T04:01:54.523Z,homme,adulte
d1f2a795-5ae8-4c9a-bf93-579183865618,Nike,T-shirt Femme Advantage Noir,textile,2026-09-24T04:01:55.285Z,femme,adulte
d252f8df-365b-4d92-b547-f2ffdee06c3f,Wilson,Intrigue Pro Femme White Cameo,chaussures,2026-09-24T04:01:48.056Z,femme,adulte
d26dec7a-0c2f-4b74-8fa4-bb2f52ee497a,Nike,Short de tennis Slam Homme Kaki jaune,textile,2026-09-24T04:01:55.077Z,homme,adulte
d2776416-64b4-4823-bba0-c6d46716a552,Wilson,Ultra 99 Pro V5,raquettes,2026-09-22T18:19:56.861Z,non_determine,adulte
d2b78a4e-fe4b-451a-a27e-1a7525c298c0,Head,Boom MP UL 2026,raquettes,2026-09-22T18:19:49.989Z,non_determine,adulte
d2d2ec89-b316-482d-83ab-7d40448bd463,Yonex,Surgrip de tennis 102 EX,accessoires,2026-09-22T18:20:36.124Z,non_determine,adulte
d2d2f8bf-bf60-49cc-97f8-87f1de7760f0,Tecnifibre,Razor Soft 125 Blanc Bobine 100m,cordages,2026-09-24T04:01:45.555Z,non_determine,adulte
d2da2275-f1be-4716-8552-424dde25fd19,Adidas,Y Debardeur Femme Noir Bleu AH21,textile,2026-09-24T04:01:52.642Z,femme,adulte
d3059b04-0fee-40e6-aea7-712bdd64daa1,Nike,Veste de tennis Heritage Homme Bleu Hiver 2024,textile,2026-09-24T04:01:55.994Z,homme,adulte
d312f982-ea61-4023-86b2-f1727dc722f2,Luxilon,4G 125 Noir Garniture,cordages,2026-09-24T04:01:45.693Z,non_determine,adulte
d3193e67-6253-44f3-b14b-4ccb7356ea3c,Head,Antivibrateur de tennis SMARTSORB BLEU,accessoires,2026-09-24T04:01:56.872Z,non_determine,adulte
d31c7fa2-61c7-4c5f-9cd7-fab3ab2ab70a,Nike,Jupe de tennis enfant Victory Flouncy Jupe Enfant Blanc,textile,2026-09-24T04:01:54.835Z,non_determine,enfant
d384982f-e565-46c4-9e72-016aae42f8d5,Nike,Débardeur tennis femme One Luxe Debardeur Femme Lie de vin Automne 2023,textile,2026-09-22T18:20:32.770Z,femme,adulte
d3a38183-ec0d-4419-bd45-83659a79054b,Babolat,Team Clay Carton de 30 Tubes de 3 Balles,accessoires,2026-09-22T18:20:36.976Z,non_determine,adulte
d3d3eedc-ae6b-422b-9a22-5a5cfa8efd56,Babolat,Pure Drive + Gen11,raquettes,2026-09-22T18:19:48.942Z,non_determine,adulte
d3f82975-a851-46ef-8230-49cc691416d9,Adidas,Débardeur de tennis enfant Keyhole Debardeur Enfant AH20,textile,2026-09-22T18:20:21.710Z,non_determine,enfant
d4006fd3-80cb-4ff5-b821-18a4a13fb112,Head,Revolt Pro 5.0 Homme Blanc Marine,chaussures,2026-09-24T04:01:47.756Z,homme,adulte
d4086c81-0f5a-4654-99ec-0a49f814a91f,Babolat,Pure Strike 100 16x20 Carbon,raquettes,2026-09-22T18:19:47.840Z,non_determine,adulte
d41b4e6e-e115-4ffb-a540-614322e13e63,Head,Speed Elite 2026,raquettes,2026-09-22T18:19:51.402Z,non_determine,adulte
d43e3fcc-ac56-4edf-bea7-d8a8647dca96,Nike,Debardeur de tennis Femme Slam DriFIT London White,textile,2026-09-24T04:01:54.534Z,femme,adulte
d4562611-43f8-42c8-bdc7-54936d698e26,Nike,Pantalon de tennis Homme Heritage Noir,textile,2026-09-24T04:01:55.354Z,homme,adulte
d476f97c-155b-4562-afd7-351c0e388dea,Tecnifibre,Antivibrateur de tennis IG Tour Eiffel,accessoires,2026-09-22T18:20:33.462Z,non_determine,adulte
d4cf8f05-3364-43c0-8161-f409f2ce4e22,Nike,Vapor Pro 3 Femme Gris bleu,chaussures,2026-09-24T04:01:50.259Z,femme,adulte
d4e9af20-52db-4ad9-9ba9-e1c1c9261798,EA7,Robe de tennis Robe Ventus7 Femme Navy PE24,textile,2026-09-22T18:20:23.272Z,femme,adulte
d568a979-2d73-4ea7-b398-17730023d4fc,Adidas,Jupe de tennis Climacool Pro Enfant Blanc,textile,2026-09-24T04:01:51.692Z,non_determine,enfant
d56ae2d4-7dec-46ae-8c1a-ac1ff7494ce5,Asics,Gel Resolution X Homme Night And Mint,chaussures,2026-09-24T04:01:47.958Z,homme,adulte
d5e951b8-ec75-466f-a3bf-98f4bda36064,Nike,Vapor Pro 3 Homme Smokey Blue,chaussures,2026-09-24T04:01:47.492Z,homme,adulte
d641aa40-69a2-474b-b8d2-57243136fe61,Prince,Textreme 2.5 O3 Ripstick 280g 2021,raquettes,2026-09-22T18:19:54.258Z,non_determine,adulte
d649dba8-9866-4ba2-9254-a6c5e54ec63c,Babolat,Lot de deux Raquettes de tennis Pure Drive 98 Gen11,raquettes,2026-09-22T18:19:48.840Z,non_determine,adulte
d65f0877-6a46-4509-898f-d1b99c604c52,Wilson,Blade 100 PRO V10,raquettes,2026-09-22T18:19:57.317Z,non_determine,adulte
d6740bea-78a3-49a0-9cae-159d6e75df27,Babolat,Pure Aero Team 2023,raquettes,2026-09-22T18:19:48.661Z,non_determine,adulte
d67ccc80-f249-493b-9051-f4879bbb2bc0,Babolat,Antivibrateur de tennis Pure Drive,accessoires,2026-09-22T18:20:34.023Z,non_determine,adulte
d6c97591-8017-44f2-b701-3b47d6758c54,Babolat,Xalt 125 bobine 200m,cordages,2026-09-22T18:19:59.363Z,non_determine,adulte
d6cb7f03-fc6c-480b-87e7-ea426e5764a6,Wilson,Bobine Revolve Spin 125 Noir 200 M,cordages,2026-09-24T04:01:46.074Z,non_determine,adulte
d70b4bb1-3d9a-4d8f-8145-165c1b47386a,Head,Tour Sac a Dos 25L Noir 2024,accessoires,2026-09-24T04:01:59.774Z,non_determine,adulte
d7286f5f-be69-47b1-92d3-007c55d2e202,Hydrogen,Prince by Spark 265g 2023,raquettes,2026-09-22T18:19:53.039Z,non_determine,adulte
d7791f6e-4ea0-45ff-be6f-15b8729ec1eb,Head,Radical Team 2023,raquettes,2026-09-22T18:19:52.399Z,non_determine,adulte
d7aa1446-f42f-4f08-ad40-09c69552bf76,Nike,Vapor Lite 3 Femme Vert clair,chaussures,2026-09-24T04:01:49.825Z,femme,adulte
d7bd94a2-9edc-4300-b5c2-a46e34685a8c,Nike,Short de tennis Slam Short NY Homme Bleu pastel Automne 2023,textile,2026-09-24T04:01:56.187Z,homme,adulte
d7f05d99-2ee7-44fd-90ae-ee9e5973445c,Head,RIP CONTROL 125 NATUREL GARNITURE,cordages,2026-09-22T18:20:01.543Z,non_determine,adulte
d7fa0103-f305-4302-aa26-4cfefb4676fe,Lacoste,Short de tennis Édition Roland-Garros Homme Bleu Orange,textile,2026-09-24T04:01:53.558Z,homme,adulte
d840c10e-e4d3-495e-9710-e3ddba0207cb,Head,Racquet Bag Base L Vert Fluo,accessoires,2026-09-24T04:01:58.243Z,non_determine,adulte
d8975356-4859-4e81-9d04-d2b0e2716bd9,Wilson,Pro Staff X V14 2023,raquettes,2026-09-22T18:19:58.055Z,non_determine,adulte
d8b9779a-bee2-4ce0-88be-a521728c16a7,Head,Extreme Enfant 2024,raquettes,2026-09-22T18:19:52.833Z,non_determine,enfant
d8dcfc97-c26c-4bc0-8f1a-9462116f1779,Mizuno,Wave Enforce Court CC Femme,chaussures,2026-09-22T18:20:13.104Z,femme,adulte
d8ecb433-e702-49e1-add7-612207072284,Adidas,Ubersonic 5 Homme White,chaussures,2026-09-24T04:01:47.641Z,homme,adulte
d902038f-ddda-4532-8848-795860a90fc8,Wilson,Sac à dos de tennis Roland Garros 2026 Team Junior,accessoires,2026-09-22T18:20:38.071Z,non_determine,enfant
d976c380-10f5-4920-bce9-444b9510cb40,Head,Sac à dos de tennis Tour Backpack 25L Parme,accessoires,2026-09-22T18:20:39.245Z,non_determine,adulte
d99555a8-cfab-49e9-a52b-ff3ff0b74864,Wilson,Rush Pro Ace Homme Blanc Bleu Jaune,chaussures,2026-09-24T04:01:48.865Z,homme,adulte
d99836f2-2148-469a-9f36-544caa0446dd,Adidas,Legging de tennis Match Tight Femme Noir,textile,2026-09-24T04:01:51.737Z,femme,adulte
d9bde115-d7c8-49db-b0be-78f6a5491d76,Lacoste,T-shirt de tennis Balles Enfant Bleu,textile,2026-09-24T04:01:53.398Z,non_determine,enfant
da16abc0-705c-4c68-a757-4ff2bca6239b,Wilson,Grip de raquette de tennis SUBLIME GRIP,accessoires,2026-09-22T18:20:35.023Z,non_determine,adulte
da21ef92-f2b5-4518-a0de-15342f2e9f23,Head,Coaching pack tennis COACHING PACK,accessoires,2026-09-22T18:20:34.949Z,non_determine,adulte
da23542f-6a76-4d8f-b999-de88016835ba,Nike,T-shirt de tennis Advantage Heritage Homme Bordeaux,textile,2026-09-24T04:01:55.377Z,homme,adulte
da4f49ee-b5de-4e74-9efb-6c64b7d86cbb,Head,REFLEX MLT 130 NATUREL BOBINE 200m,cordages,2026-09-22T18:20:01.308Z,non_determine,adulte
daa0d836-a15d-44a2-ad16-15b2ce3903d3,Asics,Court FF 3 Homme White And Foggy,chaussures,2026-09-24T04:01:47.886Z,homme,adulte
dae2cd74-d30a-4563-89de-54f00e9cfda8,Tecnifibre,Razor Soft 125 Carbon Bobine 200m,cordages,2026-09-22T18:19:59.629Z,non_determine,adulte
db079b81-b353-44ae-a693-5ba79da33734,Nike,Sweat de tennis Fleece Heritage Homme Blanc,textile,2026-09-24T04:01:55.251Z,homme,adulte
db2455dd-f468-4aaa-be87-10556e70da20,Head,Boom Pro 2024,raquettes,2026-09-22T18:19:50.399Z,non_determine,adulte
db82ffe0-5783-4ad3-b612-0efc5a4d981b,Head,Racquet Bag L Noir,accessoires,2026-09-24T04:01:58.698Z,non_determine,adulte
dbcce969-428b-4153-9313-8eca90f0d2f1,Adidas,Jupe de tennis Club Jupe Femme Noir AH23,textile,2026-09-24T04:01:52.541Z,femme,adulte
dbeb8622-0988-4a64-93b7-d142cd45094b,Adidas,Robe Femme Wow Blanc Vert,textile,2026-09-24T04:01:52.082Z,femme,adulte
dc129ef8-8cd0-4c1a-b8a2-484cbfec6182,Wilson,Clash 100 Pro V2.0 2022,raquettes,2026-09-22T18:19:56.726Z,non_determine,adulte
dc223e6e-6af0-4ed5-b2aa-35a9b518b336,Nike,Lot de 3 Paires de chaussettes Hautes Everyday Elevated Noir,textile,2026-09-24T04:01:56.344Z,non_determine,adulte
dc5c05ef-eff1-4358-99df-9885953dd051,Babolat,Jet Mach 3 Enfant Marine,chaussures,2026-09-24T04:01:49.405Z,non_determine,enfant
dd4abaf6-8963-47dd-b0ad-4858fcf49697,Head,Sac a dos Team 21L Noir Gris,accessoires,2026-09-24T04:01:58.832Z,non_determine,adulte
dd5ebaab-3bc4-4f82-87d9-72d7a34b39c0,Adidas,Chaussures Defiant Speed 2 Terre battue Homme Blanc Orange,chaussures,2026-09-24T04:01:49.928Z,homme,adulte
ddf9d662-0b65-4c3c-b304-8acf1c8afae9,Hydrogen,Short de tennis Tech Short Homme Noir AH24,textile,2026-09-24T04:01:53.340Z,homme,adulte
de38a976-b378-4e44-96cf-a04a8c1f69de,Adidas,Short de tennis SH & Tight Homme Aurora Ink,textile,2026-09-24T04:01:51.330Z,homme,adulte
de58be5a-6eb0-4e64-b40d-118a060a358a,Luxilon,Antivibrateur de tennis ANTIVIBRATEUR LEGACY,accessoires,2026-09-22T18:20:34.895Z,non_determine,adulte
de8f8589-856d-457a-a11f-39b0f5a848dd,Babolat,Pure Drive Jr 26 Gen11 Darker blue,raquettes,2026-09-24T04:01:42.411Z,non_determine,enfant
ded73e3a-21d8-4077-989d-09dc4fdb3602,Babolat,Jet Mach 3 Enfant Black Sunset,chaussures,2026-09-24T04:01:47.722Z,non_determine,enfant
df12a828-56f2-4f1a-914f-aa033fb0c87c,Prince,Beast 100 RED Limited Edition (280g) 2024,raquettes,2026-09-24T04:01:43.822Z,non_determine,adulte
df148098-73b1-4e41-a8fc-d8c0f6359808,Mouratoglou,Legging Melbourne Rose,textile,2026-09-24T04:01:54.350Z,non_determine,adulte
df32a224-3490-4a2d-af3f-459f779f0c44,Lacoste,Veste de tennis Édition Roland-Garros Femme Vert sapin,textile,2026-09-24T04:01:53.581Z,femme,adulte
df8df3ff-1635-4465-9c45-aa94a45b867c,Wilson,Clash 100 L V3 Reverse,raquettes,2026-09-22T18:19:56.392Z,non_determine,adulte
dfa71689-4cf5-4239-8c6b-562dbe3b9f33,Prince,Raquette de tenns x Smiley Enfant 26,raquettes,2026-09-22T18:19:53.165Z,non_determine,enfant
e012aefc-1330-4ce0-b59f-c4536095d8ce,Tecnifibre,GARNITURE X-ONE BIPHASE 130 NATUREL,cordages,2026-09-22T18:20:03.459Z,non_determine,adulte
e07224d7-d880-44d1-8b90-eebffc5440a8,Babolat,Jet Mach 3 Homme Bleu clair AH24,chaussures,2026-09-24T04:01:51.204Z,homme,adulte
e0761b59-dfc3-4ac9-a0c9-e0c1d78c15fc,Wilson,Shift 99 Pro 315g,raquettes,2026-09-22T18:19:56.112Z,non_determine,adulte
e08202c1-7ccc-4396-bcc9-9c6ed6d705a4,Tecnifibre,Sac à dos de tennis Tour Endurance IG Orange,accessoires,2026-09-24T04:01:59.128Z,non_determine,adulte
e0dfd101-c26e-4999-b360-08caef5af235,Nike,Zoom GP Challenge Pro Femme Blanc volt,chaussures,2026-09-24T04:01:48.419Z,femme,adulte
e0ed1524-05f4-494c-8096-2be3fb84e7c5,Babolat,Jet Mach 3 Enfant Bleu rose,chaussures,2026-09-24T04:01:50.159Z,non_determine,enfant
e19ad827-3245-44c3-946b-c4c711e63d27,Yonex,V Core 98 L Rouge,raquettes,2026-09-24T04:01:45.419Z,non_determine,adulte
e1b12512-a999-4e35-8d04-af16835d45cc,Wilson,Roland Garros 2026 15 raquettes Session de soirée,accessoires,2026-09-22T18:20:38.020Z,non_determine,adulte
e1bac98c-96db-4291-b565-01ff67d89a3d,Wilson,Pro Staff 97 L Classic,raquettes,2026-09-22T18:19:57.928Z,non_determine,adulte
e1be1168-a153-4916-bab5-9cbf17cd04b3,Tecnifibre,Surgrip de tennis PRO PLAYERS OVERGRIPS X3 ROUGE,accessoires,2026-09-24T04:01:57.380Z,non_determine,adulte
e22150a3-0943-463e-b0b2-2be7d62379a2,Adidas,Barricade 14 Terre Battue Homme Noir,chaussures,2026-09-24T04:01:48.138Z,homme,adulte
e22c1cca-f852-4b79-9345-d918fd2d1c3e,Yonex,Espresso Pro 9 Raquettes,accessoires,2026-09-22T18:20:37.582Z,non_determine,adulte
e2639272-5358-4a84-b528-fd0b5a31af68,Lacoste,T-shirt de tennis Gros Logo Homme Blanc Noir AH24,textile,2026-09-24T04:01:53.478Z,homme,adulte
e2695ba7-5413-41a8-9a9d-ccb910276361,Asics,Legging Femme Vieux Rose AH24,textile,2026-09-24T04:01:53.100Z,femme,adulte
e2eda205-c533-4444-be7b-dca0bbf85e96,Nike,Zoom Vapor 3 Homme Light Silver,chaussures,2026-09-24T04:01:49.791Z,homme,adulte
e30ad37e-b460-4266-b0fc-09aa29397576,Tecnifibre,DURAMIX 135 BOBINE 200m,cordages,2026-09-22T18:20:03.280Z,non_determine,adulte
e31d8a0a-acad-47a0-8e32-8ce88d639090,Babolat,Jet Tere 2 Femme Beige,chaussures,2026-09-24T04:01:49.360Z,femme,adulte
e323a62c-1221-43bb-81b3-d1dfea58637b,Hydrogen,Raquettes de tennis Prince by Skull 275g 2024,raquettes,2026-09-22T18:19:52.858Z,non_determine,adulte
e325d723-a276-4354-b617-8c2a4f0c1e4e,Floky,Manchon de tennis No Strain Black x1,textile,2026-09-24T04:01:53.283Z,non_determine,adulte
e353e5f4-81c7-4261-b35d-4dcf49b25e67,Babolat,Pure Drive Spectra Gen11,raquettes,2026-09-22T18:19:48.816Z,non_determine,adulte
e3950723-8cc0-4450-9543-ac6d8ddeff84,Wilson,Kaos Swift Femme,chaussures,2026-09-22T18:20:12.503Z,femme,adulte
e39bf4d8-0d95-4578-b79c-7f96e9e0c407,Tecnifibre,TF X1 V2 255 2024,raquettes,2026-09-22T18:19:54.805Z,non_determine,adulte
e3a48337-ccd6-4e4a-8305-a0dbc2180d47,Yonex,Eclipsion 4 Homme Blanc Bleu AH23,chaussures,2026-09-24T04:01:51.148Z,homme,adulte
e3bf0a0f-378f-41bc-b26c-aca4ae3bdf0b,Asics,Jupe de tennis Fille Bluebell,textile,2026-09-24T04:01:52.779Z,femme,enfant
e3d10e7a-7f3b-470e-8137-12d72be9f626,Wilson,Ultra 26 V5,raquettes,2026-09-22T18:19:57.156Z,non_determine,enfant
e4444240-ea65-4f4e-bdfe-2ca24f58aeef,Wilson,Rush Pro L Enfant Blue Or,chaussures,2026-09-24T04:01:48.155Z,non_determine,enfant
e4654a22-90b3-48ca-81b4-4a8b3a2cc620,Nike,Air Zoom Vapor 12 Femme Jaune,chaussures,2026-09-24T04:01:48.441Z,femme,adulte
e485f517-e730-4dfc-a449-cbd791c37065,Nike,Vapor Pro 3 Homme Blanc volt,chaussures,2026-09-24T04:01:49.858Z,homme,adulte
e4b13dd0-ea1e-4844-b312-393084e398c6,Wilson,Sac à dos Ultra V5 Tour,accessoires,2026-09-22T18:20:40.167Z,non_determine,adulte
e4b777e3-d47a-4396-93d8-12f3a15b49ec,Nike,T-shirt de tennis Trophy 23 Enfant Kaki,textile,2026-09-24T04:01:54.743Z,non_determine,enfant
e4d92b89-9973-4f3f-a182-cfc14ada02dd,Nike,Jupe de tennis Slam USO Femme Bleu gris,textile,2026-09-24T04:01:55.732Z,femme,adulte
e4e2dc41-4bfd-442f-954d-1e4de93b1367,Head,LYNX JAUNE 125 BOBINE 200m,cordages,2026-09-24T04:01:46.581Z,non_determine,adulte
e5489fbc-f86f-4d6a-a024-601e5d8d40c7,Wilson,REVOLVE ORANGE 130 GARNITURE,cordages,2026-09-24T04:01:46.750Z,non_determine,adulte
e54e353f-6533-4857-a644-e6233e0888bc,Wilson,Sac à dos US Open Tour Navy,accessoires,2026-09-22T18:20:42.305Z,non_determine,adulte
e58053b7-365e-40ec-8a7e-eb607ff33188,Nike,Short de tennis Court Slam RG Homme Gris,textile,2026-09-24T04:01:54.857Z,homme,adulte
e58c5489-f905-46cd-bc03-ec63718785fd,Prince,Junior Beast 25,raquettes,2026-09-22T18:19:53.321Z,non_determine,enfant
e58de2e0-037f-4d82-a273-c79a2e27e819,Nike,Short de tennis Court Slam Homme Vert,textile,2026-09-24T04:01:54.557Z,homme,adulte
e59f2d34-1a51-4697-ac88-ee097514e251,Nike,Short de tennis Court Slam RG Homme Vert,textile,2026-09-24T04:01:54.869Z,homme,adulte
e5aeafef-aa89-49f3-8441-be8722d85a6f,Head,9 Raquettes Tour Racquet Bag L Orange,accessoires,2026-09-24T04:01:58.402Z,non_determine,adulte
e5c37b36-f50f-4e78-8fb7-ecb080990b60,Wilson,12 Raquettes US Open Tour Navy,accessoires,2026-09-22T18:20:42.273Z,non_determine,adulte
e5fd451a-815c-4804-9524-e6a9583c142c,Wilson,Antivibrateur de tennis Antivibrateur Pro feel Blade,accessoires,2026-09-22T18:20:34.282Z,non_determine,adulte
e5fe79cd-dafd-4efc-b5a4-81f5d805ee60,Prince,Grip de tennis Tiva GEL ULTIMATE DRY GRIP,accessoires,2026-09-22T18:20:35.763Z,non_determine,adulte
e6014fd2-42e2-489a-9ddd-29cbca8d43ac,Babolat,Propulse 3 Enfant Noir Jaune,chaussures,2026-09-24T04:01:48.290Z,non_determine,enfant
e673d32a-ae4a-47a3-b466-a56f3b5d52bd,Nike,T-shirt de tennis Court Heritage Coton Homme Rouge clair,textile,2026-09-24T04:01:54.662Z,homme,adulte
e6896716-cfb1-4307-9ed8-a8b535ea2fc5,Head,Tour Racquet Bag XL Extreme Vert,accessoires,2026-09-24T04:01:58.040Z,non_determine,adulte
e6ae8633-520f-49e3-a023-3b2d0278b842,Head,Pro Duffle Bag M Extreme 2024,accessoires,2026-09-22T18:20:43.148Z,non_determine,adulte
e7199639-4b4e-4baf-a6bf-5283dcd7398d,Tecnifibre,BLACK CODE 4S 130 BOBINE 200m,cordages,2026-09-24T04:01:46.659Z,non_determine,adulte
e77e4cf6-1aa8-4346-a188-4a423d3d1898,Adidas,Débardeur de tennis enfant Heat Ready Debardeur Enfant PE22,textile,2026-09-22T18:20:21.507Z,non_determine,enfant
e7896cdd-7779-4b03-bb92-041a9e0927af,Nike,"Short de tennis DriFIT Advantage 6"" Homme Vert foncé",textile,2026-09-24T04:01:55.423Z,homme,adulte
e789f41e-18a9-494d-8718-3a1b2513bd9b,Babolat,Green Tube de 3 Balles,accessoires,2026-09-24T04:01:57.767Z,non_determine,adulte
e797f470-de35-4707-9cee-d54b56bc52ce,Prince,x Smiley Tour 1 Comp Noir jaune,accessoires,2026-09-24T04:01:58.563Z,non_determine,adulte
e7e8178d-d23e-49aa-9f64-dc27beca7e4d,Adidas,Polo de tennis Pro Vert Trefle Homme,textile,2026-09-24T04:01:51.990Z,homme,adulte
e80ddece-804e-45dd-ace7-9848f667c969,New Balance,Coco CG2 Femme,chaussures,2026-09-22T18:20:08.271Z,femme,adulte
e81896b8-191c-48e4-b318-ea5d25c40bac,Nike,Debardeur de tennis Sportswear Enfant Corail,textile,2026-09-24T04:01:54.755Z,non_determine,enfant
e8770859-367c-4de5-9c6d-a2f25df70547,Asics,Solution Speed FF 3 Femme Vieux rose PE25,chaussures,2026-09-24T04:01:50.972Z,femme,adulte
e87b5023-0f4a-4a9b-9da9-bb89b03a7dec,Head,Extreme Elite 2024,raquettes,2026-09-22T18:19:52.755Z,non_determine,adulte
e8887db9-8d57-4456-b65d-c7766d84e613,Wilson,Pro Staff 97 Classic,raquettes,2026-09-22T18:19:57.865Z,non_determine,adulte
e8cc727c-9dc2-4a04-b741-c688f2911030,Adidas,Chaussures Defiant Speed 2 Homme Grey And Aurora,chaussures,2026-09-24T04:01:47.829Z,homme,adulte
e934f249-c2d9-4865-87af-7751b244d13c,Wilson,Revolve Spin 130 Vert Bobine 200m,cordages,2026-09-24T04:01:45.995Z,non_determine,adulte
e9531876-99e2-4cad-be4b-a6e6be534f2e,Head,Sac de tennis Gravity Pro X Duffle Sport Bag Noir Gris,raquettes,2026-09-24T04:01:43.034Z,non_determine,adulte
e963374b-6dd1-4052-99dd-76de3cfb3797,Lacoste,T-shirt de tennis Gros Logo Homme Violet,textile,2026-09-24T04:01:53.661Z,homme,adulte
e9e42aab-69aa-490c-98ca-715bc9834209,Floky,Manchon de tennis No Strain White x1,textile,2026-09-24T04:01:53.270Z,non_determine,adulte
e9eff804-1740-4ab2-ad4c-965136f3b77c,Nike,Short de tennis Victory 9 Homme AOP Carreau Taupe,textile,2026-09-22T18:20:31.525Z,homme,adulte
ea2f6cc6-e307-4c33-826b-d768d0ac6bf7,Wilson,Defyer Duffel,accessoires,2026-09-22T18:20:37.762Z,non_determine,adulte
ea41c8f0-4cfe-46e7-9ff8-dbee4da6822b,Tecnifibre,BLACK CODE 4S 130 GARNITURE,cordages,2026-09-24T04:01:46.604Z,non_determine,adulte
ea464abc-84af-4a29-81c2-3d3510bc6136,Yonex,Sonicage Homme Kaki,chaussures,2026-09-24T04:01:49.439Z,homme,adulte
ea527495-8cf9-4f0a-96a6-dd3b43070e7b,Head,Antivibrateur de tennis Zverev x2,accessoires,2026-09-22T18:20:34.734Z,non_determine,adulte
ea5c60f7-8d3d-42a6-aa60-2609dfe99d7f,Asics,Debardeur Femme Jacquard Crop top Vert fluo,textile,2026-09-24T04:01:52.904Z,femme,adulte
ea93823a-df9a-404c-b64c-3743d78665c9,Head,Tote bag 22L Palm Tree Crew,accessoires,2026-09-22T18:20:40.047Z,non_determine,adulte
ead9d783-0b3f-43ef-9876-de15b98db412,Head,Sac a dos Pro Backpack 28L Marine,accessoires,2026-09-24T04:01:59.285Z,non_determine,adulte
eb0328af-cca0-4acc-934a-9be758986e81,Wilson,9 Raquettes RF Tournament Laver Cup Noir,accessoires,2026-09-24T04:01:59.352Z,non_determine,adulte
eb3b0a00-e4e4-4bb4-a116-8b0391f415de,Nike,Pantalon de tennis Fleece Heritage Homme Kaki clair,textile,2026-09-24T04:01:55.205Z,homme,adulte
eb4d34e5-b28e-4567-af5a-dc7b16072a44,Head,CORDAGE HAWK GRIS 130 BOBINE 200m,cordages,2026-09-24T04:01:46.547Z,non_determine,adulte
eb7bd372-f147-405b-826e-1b9267afff95,Tecnifibre,T-Fight Tour 25 2025,raquettes,2026-09-22T18:19:55.014Z,non_determine,enfant
eb91dd13-ab41-4b5e-8154-4181bc1bf461,Babolat,Green Carton de 24 Tubes de 3 Balles,accessoires,2026-09-24T04:01:57.491Z,non_determine,adulte
ebfb1c6a-96e9-4e6e-9570-b43b4d5de7da,Babolat,Pure Drive 98 Lot de 2 2023,raquettes,2026-09-22T18:19:49.234Z,non_determine,adulte
ec06abb0-bca0-483e-8f0a-484b8988d6a9,Asics,Solution Speed FF 3 Homme Cobalt,chaussures,2026-09-22T18:20:15.160Z,homme,adulte
ec2ae741-ae86-4a62-9be0-d0f06b61f6b2,Tecnifibre,RAZOR CODE 130 BLEU GARNITURE,cordages,2026-09-24T04:01:46.809Z,non_determine,adulte
ec484462-33ab-4c59-9a5c-dca5c638fcf4,Babolat,Jet Mach 3 Homme Rouge fluo AH24,chaussures,2026-09-24T04:01:51.101Z,homme,adulte
ec4f579f-6ba2-4273-8ce2-c5f561893600,Head,Speed MP UL 2026,raquettes,2026-09-22T18:19:51.338Z,non_determine,adulte
ec5f18b2-8a1f-4879-8f4f-4d7b1e52bcf0,Adidas,Robe de tennis Femme Wow Climacool Pure Orange,textile,2026-09-24T04:01:51.898Z,femme,adulte
ec69a54c-73fd-473b-860f-7930e4aeaaff,Luxilon,ALU POWER 125 GRIS BOBINE 220m,cordages,2026-09-24T04:01:47.071Z,non_determine,adulte
ec71e7e9-ec92-4ed7-98b2-1592d4065e6d,Adidas,Courtjam Control 3 Femme White,chaussures,2026-09-24T04:01:47.665Z,femme,adulte
ece6458a-f4fb-4419-b1b7-4b91846afc5b,Asics,Chaussures Gel Resolution X Homme Terre battue Rose Green,chaussures,2026-09-24T04:01:50.007Z,homme,adulte
ecf89a8b-5682-44f1-8b12-a4d5911129e8,Head,Lynx 125 Bobine 200m Bleu,cordages,2026-09-24T04:01:45.829Z,non_determine,adulte
ed1db563-8d1a-4657-b9f8-ef87f4a3abcb,Tecnifibre,TGV 140 Naturel Bobine 200M,cordages,2026-09-22T18:20:03.176Z,non_determine,adulte
ed2b6486-8ddd-44d7-9606-38c3237743c5,Babolat,Team Clay Tubes de 3 Balles,accessoires,2026-09-22T18:20:36.557Z,non_determine,adulte
ed3652b4-4a0b-4885-aaf0-e2363ef681e8,Nike,Polo de tennis Slam NY Homme Marron,textile,2026-09-24T04:01:55.675Z,homme,adulte
ed3f6a6e-5b41-4dec-a45c-7a40f9c8aff0,Nike,Short de tennis Slam Homme Noir vert,textile,2026-09-24T04:01:55.054Z,homme,adulte
ed450b1a-5df1-4306-b0d8-3c9deb046168,Asics,Gel Challenger 15 Femme Rose clair,chaussures,2026-09-24T04:01:48.738Z,femme,adulte
ed49ce9c-7923-46ab-b127-346f4eea397c,Nike,Vapor Pro 3 Premium Femme Blanc Rouge fluo,chaussures,2026-09-24T04:01:50.248Z,femme,adulte
ed4fb376-5c19-45af-8bf2-11fb583dc422,Babolat,Pure Drive Jr 25 Gen11 Darker blue,raquettes,2026-09-24T04:01:42.440Z,non_determine,enfant
ed77b220-0d77-42c0-96ea-d96ea5a8a1e2,Wilson,Rush Lite 5 Homme White Bay Fiery,chaussures,2026-09-24T04:01:48.178Z,homme,adulte
ed8db572-3da2-4b39-8c0a-4ee61def068d,Adidas,Debardeur de tennis Match Pro Climacool femme White,textile,2026-09-24T04:01:51.354Z,femme,adulte
ede57a14-2863-4874-bac9-5793f5211acf,Tecnifibre,T-Fight 300 2025,raquettes,2026-09-22T18:19:55.164Z,non_determine,adulte
ede9895a-d802-4b5e-9ee6-13d33c2b7beb,Wilson,RF 01 Laver Cup,raquettes,2026-09-22T18:19:55.983Z,non_determine,adulte
ee71d210-edfb-4a10-a3bc-74fecb5252d3,Tecnifibre,DURAMIX 135 GARNITURE NATUREL,cordages,2026-09-22T18:20:04.199Z,non_determine,adulte
ee95559b-1ee3-4f56-b3cd-956160ee1cdd,Asics,Gel Game Enfant White,chaussures,2026-09-24T04:01:47.381Z,non_determine,enfant
ee9f81b1-8608-4033-b18f-fa9b8957636a,Nike,Pantalon de tennis Fleece Heritage Homme Rouille,textile,2026-09-22T18:20:31.005Z,homme,adulte
eeca52fe-8bf1-4250-a7e6-797652a89e8e,Nike,Short de tennis Slam NY Homme Kaki,textile,2026-09-24T04:01:55.539Z,homme,adulte
ef01e129-f4a4-4459-82c3-7ac3ae3ada54,Tecnifibre,Tour Endurance Blanc 12 Raquettes 2025,accessoires,2026-09-24T04:01:58.946Z,non_determine,adulte
ef3a7af3-3fed-42bb-92d8-b7acc69415f5,Adidas,Short Homme Ergo 7 Noir,textile,2026-09-24T04:01:52.048Z,homme,adulte
ef8f117b-98b9-4f87-8169-9ca0b5bb5808,Prince,Junior Beast 26,raquettes,2026-09-22T18:19:53.268Z,non_determine,enfant
efb2e68f-06b8-4911-b763-70d0a483bf9c,Adidas,Debardeur de tennis Y Midi femme Legend Ink,textile,2026-09-22T18:20:18.331Z,femme,adulte
efeecfbc-67a5-4e13-8581-42b5a36ca333,Babolat,Jet Mach 3 Homme Bleu foncé,chaussures,2026-09-24T04:01:49.300Z,homme,adulte
f038ec25-0fd0-46b4-a24f-bcc690f88934,Nike,Short de tennis Court Slam RG Homme Bleu,textile,2026-09-24T04:01:54.846Z,homme,adulte
f092bfcb-e762-492e-a15e-3c7649523505,Asics,Game FF Homme Blanc marine,chaussures,2026-09-24T04:01:50.595Z,homme,adulte
f1390b09-bfa2-4aa4-9a79-c180d7c72dca,Floky,Manchon de tennis No Strain Blue x1,textile,2026-09-24T04:01:53.259Z,non_determine,adulte
f163b2c9-1fe3-4aab-a125-432ebd33b043,Babolat,Antivibrateur de tennis Sonic Damp,accessoires,2026-09-22T18:20:34.422Z,non_determine,adulte
f176e1b5-691a-42e2-8899-f2cde846032f,Asics,Solution Speed FF 3 Femme Noir,chaussures,2026-09-24T04:01:49.128Z,femme,adulte
f1a00d4b-aff2-45c0-a62b-6cd5e926ca39,Asics,Solution Speed FF3 Femme Bleu Vert PE24,chaussures,2026-09-24T04:01:51.192Z,femme,adulte
f1c881e7-62f5-4655-8ffe-9fef2d50ab9f,Lacoste,AG-LT 23 Ultra Terre Battue Homme Marine rose,chaussures,2026-09-24T04:01:50.789Z,homme,adulte
f2236036-1535-4c2c-8e58-f3ec40e20eac,Head,Speed Pro Legend 2024,raquettes,2026-09-22T18:19:49.684Z,non_determine,adulte
f276934b-57e2-425f-babb-38e866d7103b,Asics,Gel Resolution X Enfant Marine orange PE25,chaussures,2026-09-24T04:01:50.984Z,non_determine,enfant
f30288dc-b20d-4e05-8f0b-e1d486000845,Head,Gravity Jr 25 2023,raquettes,2026-09-22T18:19:51.117Z,non_determine,enfant
f34362b3-e7d9-4e02-ad99-d6b297c18611,Lacoste,Chaussettes de tennis Lot de 3 paires basses Noir,textile,2026-09-24T04:01:53.684Z,non_determine,adulte
f376212b-63cb-48d2-bdaf-bdb865d5d958,Asics,Solution Speed FF 4 Femme Noir Rouge,chaussures,2026-09-24T04:01:48.703Z,femme,adulte
f37ae439-3ced-4265-880a-fa8a42b8a38d,Lacoste,T-shirt de tennis Balles Enfant Blanc,textile,2026-09-24T04:01:53.410Z,non_determine,enfant
f37f8eeb-1987-4455-b186-1fece17af95c,Le Coq Sportif,T-shirt de Tennis Enfant Bleu,textile,2026-09-24T04:01:54.075Z,non_determine,enfant
f3b4b84f-b9c1-4b4d-a2cc-2d48a04dfef7,Tecnifibre,Ice Code 120 Bobine 200m,cordages,2026-09-22T18:20:00.001Z,non_determine,adulte
f432abc3-ed4e-44ad-ac58-bcec949f0676,Adidas,T-Shirt de tennis Climacool Classic Enfant Dark Blue,textile,2026-09-25T04:01:46.868Z,non_determine,enfant
f468503f-d304-4aa8-b7a9-c7532cceb916,Saxx,Boxer de tennis Kinetic HD Boxer Homme 2020,textile,2026-09-22T18:20:33.384Z,homme,adulte
f495012b-d6be-477f-a334-0510970c952a,Adidas,Short de tennis Pro Femme Legend Ink,textile,2026-09-22T18:20:18.772Z,femme,adulte
f4fa6bf8-5dbe-4adb-b0bb-ba80c055e673,Nike,T-shirt Femme One Classic Blanc,textile,2026-09-24T04:01:55.743Z,femme,adulte
f51635bc-f0c2-4419-a5c5-d005c7bbe4fd,Babolat,Enfant Pure Aero 25 Gen9,raquettes,2026-09-22T18:19:47.586Z,non_determine,enfant
f5af4f68-18d6-4223-a966-ffb711a8b148,Waterdrop,Gourde de tennis officielle Player ATP26 Vert 1L,accessoires,2026-09-24T04:01:56.492Z,non_determine,adulte
f5cc25f7-0b51-4d80-bd24-4426decb3076,Asics,Veste Homme Night Energy Noir Bleu Dragonfly,textile,2026-09-24T04:01:52.950Z,homme,adulte
f5ebea8b-1a48-42f7-bba9-dc7b261e5140,Adidas,Barricade 14 Homme Blanc,chaussures,2026-09-24T04:01:48.487Z,homme,adulte
f611be71-b7bd-4249-bd77-6dabad46abf9,Floky,Manchon de tennis No Strain Yellow x2,textile,2026-09-24T04:01:53.294Z,non_determine,adulte
f62ec872-cc51-41ab-abf0-ea059f9c34a8,Wilson,Intrigue Tour OZ Femme Blanc jaune,chaussures,2026-09-24T04:01:49.518Z,femme,adulte
f646d204-55a9-47d0-bd72-350363af2d89,Asics,Solution Speed FF 4 Homme Vert rose,chaussures,2026-09-24T04:01:50.019Z,homme,adulte
f73414c7-3546-4ff3-8fda-0beaf39c4f0a,Nike,Polo de tennis Slam Homme Strippe Olive,textile,2026-09-22T18:20:29.059Z,homme,adulte
f74e0830-ca72-4b4c-bb50-6c0c9c6a6cae,Head,HAWK TOUCH 125 BOBINE 120m,cordages,2026-09-22T18:20:03.970Z,non_determine,adulte
f774236a-6989-461a-a7d7-391c441b0d66,Head,Rip Control 130 Naturel Bobine 200m,cordages,2026-09-22T18:20:03.356Z,non_determine,adulte
f78023d7-e1b0-4de1-91ec-db6001ec49e5,Head,Revolt Court Noir Homme,chaussures,2026-09-24T04:01:48.543Z,homme,adulte
f786000b-4193-4da5-ae06-491d6d887ede,Yonex,Percept 100 Midnight Navy,raquettes,2026-09-22T18:19:58.133Z,non_determine,adulte
f78fbe05-fd2d-4e23-8816-c213ef4255c0,Tecnifibre,TF X1 V2 305 2024,raquettes,2026-09-22T18:19:54.654Z,non_determine,adulte
f8162a2e-4e1b-4d33-9599-f54c3477248c,Adidas,Débardeur de tennis enfant Heat RDY PrimeBlue Debardeur Enfant PE21,textile,2026-09-22T18:20:21.685Z,non_determine,enfant
f832bf86-e645-4bbc-9978-74a6207476b2,Babolat,Enfant Pure Aero 26 Gen9,raquettes,2026-09-22T18:19:47.533Z,non_determine,enfant
f8415708-5d61-479f-aef8-c6e34ac815c6,Wilson,Shift Super Tour 15 raquettes Artic Ice 2023,accessoires,2026-09-22T18:20:41.144Z,non_determine,adulte
f87335af-604d-4e85-93ac-17edce9966f4,Head,Speed MP 2026,raquettes,2026-09-22T18:19:51.272Z,non_determine,adulte
f877a85f-6b78-4d68-bc7b-0ab32bc656d3,Hydrogen,Raquettes de tennis Prince by Skull 260g 2024,raquettes,2026-09-22T18:19:52.911Z,non_determine,adulte
f87a2fbb-91d3-40bd-b851-e700e4cc80ab,Asics,Solution Speed FF 3 Homme Noir,chaussures,2026-09-24T04:01:50.538Z,homme,adulte
f88030a3-77b5-46f8-ad1f-e6b7cb70fd31,Babolat,Pure Aero 98 2023,raquettes,2026-09-22T18:19:48.559Z,non_determine,adulte
f8e4c9fa-55b4-4a81-88ee-ff9359446960,Nike,Debardeur de tennis Pro Enfant Vert clair,textile,2026-09-24T04:01:54.777Z,non_determine,enfant
f8e957f0-f80f-41ab-adcd-03a554be02c8,Nike,Short de tennis Victory 9 Homme Blanc,textile,2026-09-24T04:01:55.149Z,homme,adulte
f914380e-fb15-4527-b8bc-c5a3ab97e869,Nike,Visière de tennis femme Advantage Ace Visière Blanc,textile,2026-09-24T04:01:54.939Z,femme,adulte
f92d141b-df86-48e8-bef0-051c05fb76b5,Mouratoglou,Débardeur Match Melbourne Rose,textile,2026-09-24T04:01:54.385Z,non_determine,adulte
f9371c1a-0950-4d75-8f41-83eb3d6889c9,Nike,Court Advantage Jupe Femme Noir Ete 2023,textile,2026-09-24T04:01:56.253Z,femme,adulte
f93b16be-ba42-4cdc-aee5-0b8f92b92799,Nike,Jupe de tennis Femme Victory Heritage Lavande,textile,2026-09-22T18:20:31.650Z,femme,adulte
f9572188-25c5-4339-b5bf-e2fb5945b1a9,Babolat,Propulse Enfant Noir Multicolore,chaussures,2026-09-24T04:01:48.830Z,non_determine,enfant
f95b3e23-3464-4357-96b9-6b7d3f7a7ad0,Prince,Beast 100 Pink (250g) 2023,raquettes,2026-09-24T04:01:43.761Z,non_determine,adulte
f9b5e8c2-6a0b-406b-aaa2-479e3603d12f,Nike,Polo de tennis Advantage Heritage Homme Gris,textile,2026-09-24T04:01:54.638Z,homme,adulte
f9b91c08-e622-4088-aa4c-1e3f867a7f4d,Head,Antivibrateur de tennis SMARTSORB GRIS,accessoires,2026-09-24T04:01:57.324Z,non_determine,adulte
fa041261-d288-40b6-9b6c-46ca3b1e4296,Wilson,Roland Garros 2026 9 raquettes Cream,accessoires,2026-09-22T18:20:41.475Z,non_determine,adulte
fa73d88f-f431-462d-9340-0a5c5afc4f3c,Adidas,Defiant Speed 2 Homme Blanc AH24,chaussures,2026-09-24T04:01:49.643Z,homme,adulte
fa7a36ec-1bd5-4b9f-8242-42460c47e79e,Wilson,Defyer Sac 9 Raquettes,accessoires,2026-09-22T18:20:37.811Z,non_determine,adulte
fa95499f-7893-400d-ab30-4f2bc86ab254,Head,Sac à dos de tennis Tour Backpack 25L Orange,accessoires,2026-09-24T04:01:58.515Z,non_determine,adulte
faa34add-48bb-448c-8e87-b7e7386847c8,Adidas,Débardeur tennis femme Y-Debardeur Pro Femme Noir AH23,textile,2026-09-24T04:01:52.529Z,femme,adulte
fad555dc-686c-4294-8112-2f8a713c372d,Head,9 Raquettes Tour Racquet Bag L Parme,accessoires,2026-09-22T18:20:41.806Z,non_determine,adulte
faf17ede-62cf-41cc-8339-22e79fe1f602,Head,Surgrip de tennis XTREME SOFT BLANC,accessoires,2026-09-24T04:01:57.031Z,non_determine,adulte
fb1f354c-52d2-4f27-b47f-9f4059efeaff,Babolat,Grip de Tennis Syntec Team Blanc,accessoires,2026-09-24T04:01:56.606Z,non_determine,adulte
fb5a7c23-a70e-4b5e-9d84-42c8d8354979,Head,Revolt Evo 2.0 Homme Marine Lime,chaussures,2026-09-24T04:01:48.430Z,homme,adulte
fb5fa441-7f50-4072-b997-f6b3f6c44a8f,Babolat,Pure Drive Lite 2021,raquettes,2026-09-22T16:07:38.222Z,non_determine,adulte
fbb65619-69b9-4f96-b6e9-d08afd64256c,Nike,T-shirt Manches Longues Homme Miller Bordeaux,textile,2026-09-24T04:01:55.435Z,homme,adulte
fbb6fade-a7c2-4831-b078-4a7e4c853c63,Head,Sac à dos de tennis enfant Tour 14L Monstre 2024,accessoires,2026-09-22T18:20:43.099Z,non_determine,enfant
fbd60eee-4fbc-413d-a39f-b31f750a0a9e,Tecnifibre,VIBRA CLIP TRANSPARANT/NOIR,accessoires,2026-09-24T04:01:56.998Z,non_determine,adulte
fbdbe80f-f67d-441b-91d8-5f93d0022929,Head,Prestige Pro 2023,raquettes,2026-09-22T18:19:52.098Z,non_determine,adulte
fbe7c45f-e566-4862-a193-854fc651ddda,Adidas,Short de tennis Climacool Ergo Pro Enfant Black,textile,2026-09-24T04:01:51.725Z,non_determine,enfant
fc0456ae-0f96-44ea-8109-2d3c7ec701a9,Head,12 Raquettes Tour Racquet Bag XL Rose,accessoires,2026-09-24T04:01:58.346Z,non_determine,adulte
fc1d4550-df6a-4f69-9649-4b54f81c3c26,Asics,Gel Resolution X Homme Noir,chaussures,2026-09-24T04:01:50.431Z,homme,adulte
fc305d69-31d6-4972-af34-6490522a6c81,Adidas,Short 2 en 1 Homme Blanc Trefle,textile,2026-09-24T04:01:52.002Z,homme,adulte
fc7fa9e3-9e45-4f39-8cee-621e7584851d,Wilson,Intrigue Pro Femme Blanc marine rose,chaussures,2026-09-24T04:01:49.507Z,femme,adulte
fcfcf2ba-2cb0-490a-9beb-9ac5953d640c,Head,Surgrip de tennis XTREME SOFT JAUNE,accessoires,2026-09-24T04:01:57.020Z,non_determine,adulte
fd119c15-8898-42c0-ba19-0fd552b9d778,Wilson,Antivibrateur de tennis PRO FEEL,accessoires,2026-09-22T18:20:35.559Z,non_determine,adulte
fd1f032e-87df-4a9d-ba3d-85249acd4a9f,Tecnifibre,Tour Endurance Ultra Noir 12 raquettes 2024,accessoires,2026-09-24T04:01:59.729Z,non_determine,adulte
fd70dfde-6eda-4503-8570-343758dae733,Lacoste,T-shirt de tennis Ultra Dry Gros Logo Homme Bleu pastel PE24,textile,2026-09-24T04:01:53.939Z,homme,adulte
fd7806a9-78d8-48d8-a39d-bf06ec36b94a,Nike,Victory Flouncy Jupe Enfant Bleu ciel Printemps 2024,textile,2026-09-24T04:01:56.118Z,non_determine,enfant
fdbbee95-4d2e-4ff9-ae93-30fa6c8ea491,Nike,Vapor Pro 3 Terre Battue Homme Smokey Blue,chaussures,2026-09-24T04:01:47.618Z,homme,adulte
fdceb368-23a7-4b1a-aeb2-ff7458a595f0,Nike,Polo de tennis Slam Polo NY Homme Soleil Automne 2023,textile,2026-09-22T18:20:32.541Z,homme,adulte
fdd9083d-e390-4223-a095-f44e4850c607,Head,Speed Pro Legend 2025,raquettes,2026-09-22T18:19:49.635Z,non_determine,adulte
fde12555-9a69-4d1e-81bd-38ece1a3ebc3,Asics,Court FF 3 Novak Homme Noir,chaussures,2026-09-24T04:01:50.409Z,homme,adulte
fde9af0b-f9e6-4a9a-ad32-8e6180d81947,Tecnifibre,Razor Soft 120 Carbon Garniture,cordages,2026-09-22T18:19:59.523Z,non_determine,adulte
fdee1974-1927-4466-b53b-cd3263e8f7b4,Babolat,Pure Strike 97 2024,raquettes,2026-09-22T18:19:48.099Z,non_determine,adulte
fdf129a9-98a9-45b6-acd8-981a643b470a,Adidas,Barricade Femme White,chaussures,2026-09-24T04:01:47.840Z,femme,adulte
fe025c3b-0375-42ad-8567-eb4fa57b3151,Le Coq Sportif,Short Basic N°1 Enfant AH24,textile,2026-09-22T18:20:26.113Z,non_determine,enfant
fe6d3f9e-9b75-4e91-ae15-720645984052,Babolat,Team All Courts Carton de 24 Tubes de 3 Balles,accessoires,2026-09-22T18:20:36.868Z,non_determine,adulte
fea570f5-72bf-4cf3-a33d-5552c6f60cd9,Lacoste,L23 Light 275 gr,raquettes,2026-09-22T16:07:38.829Z,non_determine,adulte
feb4ca93-0ff6-4bef-8466-28e7fd79adba,Babolat,RPM BLAST 130 BOBINE 200m,cordages,2026-09-22T18:20:03.104Z,non_determine,adulte
fec8ba78-ff8f-4155-bd57-e8bfd0e3b587,Le Coq Sportif,Polo de Tennis Homme Blue Tide,textile,2026-09-24T04:01:54.087Z,homme,adulte
fecdb6b5-8ed6-4539-bca8-a5a94cdd1cd4,Waterdrop,Gourde de tennis officielle Player ATP26 Terre Battue 1L,accessoires,2026-09-22T18:20:33.591Z,non_determine,adulte
ff05faf0-623e-4b34-933b-dadfc93e260e,Tecnifibre,Tempo 298 Iga Swiatek,raquettes,2026-09-22T18:19:54.576Z,non_determine,adulte
ff068e6a-309d-4028-81e2-19742ffa5ee4,Tecnifibre,Razor Soft 120 Carbon Bobine 200m,cordages,2026-09-22T18:19:59.592Z,non_determine,adulte
ff4d954e-5bc5-44b7-b8d3-0a318155873d,Head,Tour Bipack de 4 Balles,accessoires,2026-09-22T18:20:37.046Z,non_determine,adulte
ff6db54f-ac38-4e1c-a2ca-e45b4f38ea2b,Head,Radical Team 2025,raquettes,2026-09-22T18:19:52.222Z,non_determine,adulte
ff8455ff-0dc9-42d7-8f56-e7eabcb7381b,Wilson,RF 01 Future Black 2024,raquettes,2026-09-24T04:01:44.523Z,non_determine,adulte
